label,cleaned_text
0,so many local counties and cities struggle with homelessness and put a lot of resources into fixing the problem but i feel society as a whole needs to change in order to truly fix the problems at hand especially at the federal level by at least having these conversations we can start talking about how we as a nation might be able to change to help our neighbors i hope this made a bit of sense i have been up late and wanted to reflect on some of the previous conversations i have had with people trying to change the narrative on homelessness
0,today i made the choice to go sign up for a gym membership the working out part isnt hard its the fact that its a new place and fairly wide open i struggle with open spaces but i walked in and signed up
0,this past week when my phone bill payment wouldnt process i called my bank and an automated recording asked me to confirm my recent transactions all of them were me attempting to pay my phone bill i confirmed them they all went through i cant catch a break though that got fixed
0,it was only thanks to a few friends and a few wonderful strangers here on reddit that i was able to pay our electric bill but doing so drained all of the money we had on hand and once we used the food we had from the food bank we can only go once a month here we are now totally out of most things at the moment we cant even do laundry because we dont have the quarters but thats a smaller problem compared to no food if anyone wants to help my sister and i made a wishlist that im including here any help is greatly appreciated amazon url
0,both him and my mom left pornographic magazines laying on their bedroom floor we were in the process of moving and i saw them and was grossed out then they joked around about how i reacted and that they were my biological dads magazines and i should get mad at him for it no older than my stepdad told my mom this is what she says that i wanted a massage i was sleeping on the couch and my mom for whatever reason got freaked out and ran out of the room naked to see what was going on and she says that he saw her and stopped walking towards me my mom did ask me if anything happened on the way to school
0,i tried multiple times to get him to join in on the fun but my attempts unintentionally put him on the spot and had the reverse effect truthfully i got distracted after a while trying to get lucky i feel guilty because i dont know how to help him in those situations what if anything can i do to help him come out of his shell should i just let him be
0,everything was absolutely perfect he is always very quiet but is a complete sweetheart and very warm and kind once he trusts someone hes pretty much the spitting image of what i imagined of the person i would marry when i was young the one thing about him that would have seemed off is that he never really talked at all about his life before the army i know what city he is from and a couple inconsequential details but nothing significant
0,so for a few years now ive been in a relationship with this girl who very likely has ptsd given her upbringing she has trust issues after suffering abuse from her birth parents at a young age and her situation is only complicated further with bipolar depression and fetalalcohol syndrome shes in good hands now living with her aunt and is becoming independent with a job though ive noticed throughout our relationship that she has a tendency to push me away l whereas i am the exact opposite though i understand her situation its not her fault she says she loves me and i love her but she doesnt seem comfortable showing any affection holding hands hugging and kisses on the cheek are extremely rare from her
0,total time apart was maybe hours second time he first asked for a break then unsurprisingly ended if for good a month or two after that we met up again he said he wanted to get back together then the next time told me it would never happen not even three weeks ago he messages me again asking to meet up and me thinking with my heart not my head said yes i knew i wanted to only maybe be friends and take it slow to see what happened
0,normally my anxiety is very well controlled i meditate every morning for minutes and have been in therapy for the better part of the last or years i feel way better than i used to and on a day to day basis things are great buttt every once in a while a handful of times a year tops something will realllly set me over the edge and send me into an intense anxiety spiral where i compulsively ask or so different friends for advice on what to do post a lot of threads online about what i should do and ruminate on the topic for days or weeks sometimes ill have chats in messenger about whatever it is that will draw out over an entire hour period
0,he did threaten to walk out when i tried to crack a third and i stopped he says this is so rewarding for him but is really open about how tough it has been as well the therapist though she is more closed mouthed and less personally emotional has said she has required supervision several times over me no matter how nice they are if i fuck up months of progress decisions about where this is going seem likely getting this out seems to have helped a fair bit
0,i was on a tear i was dressing better eating better losing weight dating a little saving some money i was on my way out of this pit now nothing seems to matter everyone else is so far ahead of me i finally felt like i was making up ground and the people around me did too so they took off the kid gloves theyd been using around me a little bit and sharing more of their lives and i am realizing how completely inadequate i am compared to them and how far behind i really am in life
0,even if people experience mental health differently this reeks of toxic character he is convinced he needs to stick around avoid change see this through that eventually shell go back to how she was before whatever that means and that hell keep trying to make it work the typical i can fix this response that colours victims of abusive partners and having been one it is especially demoralizing to see him having to go through this for the sake of avoiding both change and a failed marriage what can i do to help him besides support him emotionally and eventually have him realize for himself that this is not normal tldr my f partner m is being abused by his wife f but is convinced to keep trying to make it work despite the situation detrimentally affecting his own mental health
0,i really did if she needed space to do homework thats perfectly fine i did my best to assuage her anxiety so wed postpone another week another day only either the night before or the morning of shed cancel me visiting again again and again that put a little strain on our relationship we wanted to see each other
0,name
0,ive been with mike for years now we have an amazing relationship and i never felt bothered by anything in it not even silly arguments that are more than common between a couple mike has a best friend named theo theo is a cute guy who never seems to settle down but not in a womanizer way more like he hasnt found the one well hadnt found the one
0,when we were leaving that place the manager was attempting to rush us to get our apartment serviced with hour notices of intimidation and behaving in an angry way leaving mean voicemails and papers at our pissed on door she yelled at my that i lived with toward the last few months we were documenting everything and collecting paper copies of all communication that we had with her she was another narcissistic manager and the tenant was an animal abuser i wish there was an actual law that the aspca would be in partner with that coulda helped me and my while living at the second apartment
0,i made way to the store it was full of like the whole fucking town turns out it was like this nearly every night feeling good i decided to make conversation with the guy at the register i was curious as to what happened to that other convenience store considering there was only two in the whole area both in good spots you wouldnt think it would just go out of business nah something was off
0,a little background here the girlfriendf of one of my husbands friends from high school made a detailed post on instagram back in december describing the abusive relationships she was in with her boyfriendm about weeks later the post was gone and suddenly all was well and she is posting sappyhappy posts with him i sent her a private message on facebook asking her if everything was okay and if there was anything i could do letting her know i was genuinely worried the message was never opened and that profile was deactivated
0,at some point in the past year we discussed living together she seemed to be okay with it and never had any objections since both our rental agreements will soon expire hers in may and mine in july i started looking for a new place online however i noticed that she never really responded enthusiastically about anything i showed her or just plain ignored it last weekend i confronted her and she admitted that she no longer wants to move in together saying it is too soon for her and that she had been thinking about it for a long time
0,spaghettios orders of pasta sauce penne pasta spaghetti a big ol bag of rice
0,again most of the time i can just say ah screw em theyre not a doctor but you know how it goes when youre having an episode phew ok sorry for such a long post i just usually like long reads on reddit so i figure its ok feel free to share your experiences with feeling fake its good to not feel alone tldr i sometimes feel like im faking having ptsd despite never expecting i had it and then getting an official diagnosis from a doctor
0,the person needs to have in some manner lived out these fantasies for example via an ongoing sexual relationship with a child the person is atleast years of age and atleast years older than the child i was when this happened had more or less just entered puberty she was and more than years older was this abuse were i abused as a child
0,i began to see a therapist and started taking some medication for my mood i was really trying to improve myself the first medication i tried i now believe made things like social anxiety worse i recently found a medication zoloft that has changed my life i had been exercising going out of my way to connect with old friends who i like in an effort to curb the isolation etc
0,use openended questions to avoid making the other person defensive if you want to avoid argumentative responses it is best to ask questions that invite them to speak honestly how this questioning style lets them know you want to be able to figure out some facts in order to reach a solution consciously lower your voice
0,she currently has a somewhat reliable car and a job lined up at target working parttime im currently in college multiple hours away so i cant help as much as i would like to she is currently located in western ma id like to know what her options are if anyone could give some advice it would be much appreciated
0,hi this is my first reddit post i have searched the internet regarding anxiety in online gaming and there seem to be people who have it thats kind of a relief for me i would like to play with people with these issues because i imagine that ill feel a certain level of comfort knowing that we have the same issue
0,if she were honest or apologetic i could try to understand but is that naive im just confused ive tried to give it time but i understand less and less i signed up for facebook over the weekend and corrine was in my suggested people to add
0,hello you are invited to complete a survey for a wmu psychology department research project designed to assess treatment preferences among adults seeking treatment for a variety of concerns we hope to learn if and how preferences for treatment change over time and if patients perception of their treatments match to their preferences is related to the benefit received from treatment the survey is open to anyone ages or older who is currently engaged in mental health treatment for at least one month and four therapy sessions and not longer than one year if you choose to participate you will be asked to provide some demographicbackground information respond to survey items about your preferences for treatment and how they have changed over time and about your quality of life the survey may take between minutes to complete
0,she used the money from her moms house to buy her own that was a couple weeks in a hotel but we thought it was strong of her to be able to leave her abusive husband and purchase a house so quickly backstory leading to right about months ago my petty cash came up missing i reported it immediately
0,hello lovely people im looking for anyone who is interested in taking a minute survey with the chance to win a or equivalent amazon voucher you need to be over speak english as a first language and be able to listen to some audio files and select matching pictures ive been told its fun to do anyone who enters will be really helping me as i try to progress my research into language and meaning
0,i have mustered up the courage to be a bit more uh public i guess with my problems if you have questions feel free to ask also thank you for reading this post in general i hope you have an excellent day also why is every letter capitalized in the posts are the mods jaden smith
0,the cheap hotels arent really any cheaper than the least expensive studios on abb also we slept in the car one night to save a little money and that wasnt so bad but weve got luggage in the car so there isnt much room im also looking for a cheap storage that we could use for the bulk of our luggage while we transition to a permanent place any thoughtsideas would be helpful thank you
0,going to chat to my therapist about it next session too i need to find some sort of balance here between living my life and keeping my fear in check god bless all of you who have been through dv and abuse i truly wish you all the absolute best in your lives and your recoveries we are all heroes here xx
0,especially the power of healing brought upon by service animals i too have a service dog named luna this wonderful man was nice enough to bring the book back in while i was off yesterday with a note with his name and number telling me to call him when i finish the book this just made my day it really did theres so much negativity in the world today and it seems not many people will stop to do something nice for someone or help them by doing a random act of kindness
0,i felt the tension and the seriousness usually during lockdown drills things arent too serious because were high schoolers we mess around because we know nothing is wrong but this drill was different we knew we were all okay that everyone was safe but the atmosphere was completely different
0,i have a dog that i got during the abusive relationship that led to my ptsd though i could never prove it there were obvious signs that she was abused by my ex as well she has always been very sensitive to how people are feeling and acting when i have an episode with my celiac disease she will curl up by my stomach and wont leave my side could this be a starting point for me to train her to recognise when i have a major panic attack and just lay with me until it passes i was going to find a dog training sub to post this on but some of you may have service dogs for your ptsd so i wanted to get your opinion as well
0,url my mother is years old and has been somewhat homeless for over years now in a city about a hour drive away from me she often meets people on the street that allow her to stay with them for a little while but it seems that many get tired of her maniaexcessive talking and lock her out also important to note she is an alcoholic very intelligent was a biologist has had mental issues since and has been in and out of correctional facilities for various things related to drugsdrinking and violating parole i havent noticed her in a depressive state for over years now
0,i bought a few dozen of them tomorrow ill try and stop by the dollar store for some extra things im going to my citys downtown area right after i go to the store thank you to the kind person who gave me gold
0,she didnt have room for it where she was currently living it had been so long since she was able to create we moved things out of storage into the studio i was so excited to not only be providing this place for her but to be the one she trusted with some of the most precious things to her i bought her a clay wheel and accessories she wanted to work in the medium again ill never forget the first evening we threw clay together it was very meaningful and romantic
0,i recently posted here trying to find help to afford my rent after having to pay for my transmission to be fixed it depleted the little i finally was able to save i was able to afford the rent too but it caused an overdraft of about im asking for this will cover the overdraft and negative balance and give me enough to buy groceries for the next week this will include a bag of dog food i can send a picture of the receipt of what the money is spent on
0,to put it straight i get anxiety when something changes on my body be it hearing or any senses i was in a car with my father and he has this k dollar professional stereo system in his car he sat on the remote and all the sound went up to its highest point i was able to cover my ears but with my forearms
0,saturday september is the bay area premiere of wrestling ghosts an excellent new documentary that follows kim a young mother as she does the work to heal from her difficult childhood i saw the film this week at the la film festival its the first film i know of to show what healing actually looks like the long slow difficult rewarding journey you see kim checking off her ace score meeting donna jackson nakazawa and most importantly in therapy using eft tapping and neurofeedback you see her change and grow
0,if you have a survey you would like to share with us you may do so here please use the following format failure to do so will result in your survey being removed surveys not posted in here will result in a ban the length of which will be decided at mods pleasure who i am student researcher affiliation university company
0,he didnt talk to me for a few days and told me he needed some space he ended up talking to her and it worked out because she actually got a raise in the city that were both from and her manager begged her to stay and work there he decided he didnt want to be mad and brought me coffee this morning and talked about it with me i told him that he could date this girl when we broke up and i couldnt control that but i dont like them living together so soon after we break up he told me that after a year and a half one fight isnt so bad
0,it was created by a friend of the husband shes in for a long hard road after she gets done with this freefall if anyone can help please do team thomasgfmeujyyqm
0,nothing major some underage drinking a little pot but i wasnt a bad kid furthermore i feel like i matured well and have gone on to be successful for my age imo ive also had positive experiences with police the resource officer at my high school was a really good guy and almost like a mentor to me when i was i was arrested when police raided a friends house because they were tipped off that there was to be some underaged drinking
0,i plan on parking my truck there and hanging out until i have to work and get supplies i rarely see cops on the highway where the old road starts nor have i heard about cops going into the area as for thieves or strangers i have a rifle and once i have a tent ill use it as binoculars to see anyone coming obviously if im in my truck ill just drive away cant think of anything else to worry about
0,it was a bit cringe because she was acting just too over the top but i did give her the benefit of the doubt because that could have just been her character however the things she were saying were very icky for my liking and i was uncomfortable about minutes in its very vague in my mind as it was a while ago but what i remember was that she said i hope you dont mind harry cuddling me when im poorly and when we netflix and chill and what are we doing friday me and harry arranged a date night as we were both off work and college on this day i remember looking at harry and kind of giving him a confused wtf look
0,she talked sarcastically about how my life is obviously so horrible and id say yeah mom it is she denied yelling at us all the time and said that if i can say she yells all the time then she can say i yell all the time too at my little siblings which is just not true i am nice to my siblings excluding today where i was angry at everything but i still didnt yell at them she said that for months ive been terrorizing her about this yelling thing and how i think that one small mistake automatically means someone is a bad person
0,seated on a throne of wire mermaids tending to the pyre golems force the walls to touch as lemurs gaze into the dusk danny drears while lightning nears
0,this means i also found it never quit heroine but it was doing drugs behind my back i even asked one time if it still did drugs and it lied to my face however it also had the audacity to question my loyalty and asked if i was hanging out with it to entertain my friends what kind of time do you think i have figured out it was a covert narc abuser down to a t
0,and its okay to fall down and have a bad day as long as you pick yourself up and continue working toward moving forward moving forward does not mean forgiving and forgetting or condoning any behaviors moving forward is about you and beginning to live the life you deserve you are beautiful you are smart
0,did your parentparents not provide healthy meals or enough daily exercise or activities why didnt you change the habits when you became of age do you cook are you too busy have you made a daily planner of your day to be able to notice where you have an opportunity to be able to prep meals and cook more
0,im hoping that i can get some of the community to share into the database to make it as useful as possible does this sound like something that would be used would you if you were homeless use it ive volunteered in homeless shelters and have had friends who have found themselves homeless but im not sure howif many actually have smartphones with app capabilities what are your thoughts
0,anybody ever have this happen i have no history whatsoever of reacting to peanut butter and even have had a full panel allergy test a few years ago that confirmed that im not but im allergic to every pollen known to man apparently lol i used to eat peanut butter sandwiches for lunch all the time my favorite candy used to be reeses peanut butter cups and i have even eaten one in the past few months i ate a pint of peanut butter ice cream no problem
0,whats the best way for me to hold out for a couple days the only things i was able to pack was some clothes and my phone bought some spam figured it was going to be tasty but nah it just tastes like salt honestly i think the biggest thing for me is to just stay sane goodluck to everyone out there
0,once i committed mentally to therapy and knew i could pay for it and that if me and the therapist didnt click that i would keep trying until someone did the anxiety just got better in the weeks leading up to therapy once i started and she was so unusually good i have mentioned it on here before but she really is unusually good it cemented it the depression has only been more or less gone six weeks or two months and i am four days sober but i am pretty confident the depression is really going i am working hard and making real practical progress
0,so im currently a college student and while i realized im blessedfortunate beyond what i really deserve i dont always have something i can give but i always have a smile and a human interaction so would even just a smile and a friendly hello as i walk by be at all useful or would that make things more awkward for both parties im sure i could muster the courage to say a friendly hello as i pass on the street mods im sorry if this is not allowed but i wanted to ask now before the feelingsmemory went away edit here is the post i couldnt get hyperlinking to work url
0,my social security disability case is still winding its way through the labyrinth of that particular bureaucracy but thered be no need to worry about me cutting into your food as i do receive snap i could get a small storage unit for my belongings while i hold out around these people though thatd be less than ideal and dangerous and paying for the unit would cut into the funds id need to cover fuel and such getting out and going up north hence why im trying posting here i suppose its also worth mentioning that my friends car is on the smaller side which might make a tight squeeze so if anyone has a larger vehicle and is able and willing to move me and my stuff from fort worth to fort wayne thatd be cool id be able to cover fuel and such well so long as its not a major gas guzzler were talking about ive got about for that purpose
0,whats the chances of his employer asking for his certificate randomly i feel like he cant apply to other jobs at more prestigious companies as someone who who tried very hard to get her degree and succeeded his lack of care and access to these jobs undermines my work i cant shake this feeling advice
0,for many years i visited her and asked if she please could do things to mitigate my allergies keeping the cat out of one roomwhere i slept not give me clothes to wear that the cat had laid on vaccuuming and she did not do anything the cat almost never wants to be in that room i got as a reply but he was free to roam everywhere a few years ago i just stopped going to their home and after taking that control i have felt much less sad about this since she got together with her new partner i wanted us to go on a short trip weekend staying somewhere over night with her this has happened only one time more than ten years after she met her partner
0,some day its gonna piss them off and shell get killed she lets people go ahead of her in line if she has more items than them she lets people out of junctions even if shes running late to places ends up holding doors open for tons of people and can get stuck there for almost a minute gave up her seat on a bus once when she knows i have a bad back and like to sit down
0,hi all im manager of my department now at the company ive worked at for over years i was offered the position once before about a year and a half ago but i turned it down because i felt i wasnt ready i was offered again a couple months ago and i took it because nobody else was available to take it i actually started the day my son was born which is its own set of anxieties but one that i dont find overwhelming in fact i find it rewarding
0,so lets forget all about my biological father my father once told me money do not fall from trees but boy oh boy was i ever going to show him wrong it all started with the fact that one day i got out of bed and had the weird idea that i was going to die at yrs old i was listening to the doors at that point and black sabbath and everything in between those two and while listening to the doors it opened the the doors of perception to me
0,my phone is a prepaid phone through virgin mobile but its the only way i have to communicate with my doctors and lawyer and with my workers comp benefits being cut i cannot afford the money for the phone card ive been trying to sell everything of value that we own to pay billsbut i havent been able to come up with enough foot my cell phone my phone will be off on march nd and if anyone could help id be forever grateful thank you in advance
0,dont get me wrong i know that this drug causes problems with cognition but i wonder it helps with the cognition symptoms of my anxiety disorder i quit my antidepressant and my pregabalin a few weeks ago i did ok during that time besides that i have the feeling that my anxiety worsend not my depression and with that my cognition i have now the plan to focus more on the anxiety with the meds i also think that pregabalin is a quiet good drug for that but i was questioning how it will affect my cognition because i startet studying and want to hear your experiences guys
0,alright alright alright ive been dating a single mom with two kids from two different guys who help out she was married to the first for several years and has a year old with the other ive never had any kids myself she is highly involved daily with many of the people that have been apart of her previous lives and relationships
0,hi there im a year old scottish student studying contemporary art practice at an honours degree level is anyone interested in allowing me to use their words for use in my project for university the consequences psychological abuse has for victims is an incredibly tricky but important subject to portray through art i have made sure to research rather heavily on the subject of the affects of mental abuse as well as having my own personal experience with it i will make sure to represent it with respect for everyone that has went through something similar
0,really hoping someone might have some insight for me a couple years ago i f befriended one of colleagues m we were working for a small company that was also hemorrhaging cash and eventually it was just him me and some older coworkers in this open space office anyway we really got along we would have lunches text in the evenings and weekends and often go to the pub after work
0,any way ill do the procedure i always do cheers if you read this im just saying my frustrations out into the void
0,my coworkers began noticing that was no longer their happygolucky little teen but a quiet and distanced serialkillerfaced old woman i had become less focused and very accidentprone i was losing my grip and they became increasingly worried about me they automatically assumed that it had something to do with m when i didnt respond to them or look at them their suspicions were confirmed they told me that i should leave him but said nothing and never took that advice
0,hey folks greetings from india a friend of mine from schools father was diagnosed with nonalcoholic liver cirrhosis back in his livers degenerated and he needs to get an immediate transplant surgery cost and postop are heavy frequent hospitalizations eaten up most of their reserve cash and since my friends still in college theres not much he can do
0,id decided to include them because they can either be used or not but would be interested to hear peoples thoughts ill be going out this weekend to pass them out there are unfortunately quite a few people sleeping on our high street so i had planned to give them to the first four people i came across i assume it would be best to just say hi and explain whats in the bag and take it from there i imagine people on the streets get a lot of abuse so im a bit worried about approaching someone in case they think im a twat also if someone is asleep i assume it would be best to just leave a bag for them rather than wake them up to see if they wanted it
0,i will stay with the sub to offer any advice i can but thought a success story was worthy to share they say never destroy a persons hope it may be all they have left much love to you all for the good tips and advice during my struggle thanks
0,one night after going to a club we go back to our friends and we snuggle next to each other she interlocks her fingers into my hand and later on in the night turns around and kisses me we kiss for the whole night we couldnt do anything more because our friends were sleeping in the same room we didnt talk about that night until a few weeks later when we went to a bar together
0,most diagnoses except those relating to the endangerment of children are welcome this is a first person group so you need to be the person with a disorder to participate to join visit our site url or check out our instagram url we believe we are stronger together which is why peer support is so helpful and important care when you need it care for others when you can if you are under you can find a link to our server on the website and instagram
0,i did not have this power as a child even as an adult i still allowed the fear to crush me yoga and meditation helped rid me of fear too i spoke at a college about recovery a few years ago i felt fear at that point but took my back up bag and gave myself permission to leave if needed
0,she rebuffed most of the time trying to get out of the situation but several times he asked her to work late or to visit his office when he knew no one would be around come to find out a few of those times he called her into the office and closed the door and got touchyfeely she was uncomfortable but admitted that she never told him no she said this is wrong several times but never got up and left
0,you can watch the video before you leave funny i never did get to see that video neither did anyone else call me cass what i didnt see coming my caseworker got pissed that i missed a meeting and didnt bother getting me a bus pass
0,i could easily see myself losing my job due to consolidation in the meantime i have been wanting to leave this job anyway because i realized that im truly ready to move on from retail ive had some promising leads but i found and a piece for a job that is at a lighting company that would combine the best of what i went to school for and my real world work experience i got a call a few days ago but couldnt get an interview scheduled because during the call the hr lady got an email that the person i would interview with would be unavailable and i didnt have my work schedule right in front me so we decided to talk again the next day once we both had an idea of what the schedules for each side would be well the next day i called her and she still hadnt heard back from the person i would interview with and promised to call me the next day
0,when i have a thought and that thought makes me feel good it is because that thought is true that thought is in alignment with my true nature according to my higher selfinfinite intelligence that thought is correct it is the right way for me define myself and to go in life when someone says to you you are beautiful i love you i enjoy being around you that makes you feel good because those thoughts are true those thoughts are showing you who you are you are loved you are beautiful you are and incredible person to be around with in my case i feel in heaven when someone says to me you make me feel amazing the same goes with your on thoughts and perspectives thats what you attract every time btw when you define yourselfthink of yourself in a way that makes you feel good like i feel worthy i love myself i love being me i truly like my new shirt im having so much fun im at peace and relaxed you are going in the right way the right direction forward and aligned with your dreams and passions from feeling fine to feeling ecstasy and infinite love it is true for you those thoughts and perspectives are the ones that will serve you in amazing ways and that will bring you the tremendous benefits for you and for your life keep choosing them believe in them bathe yourself in them
0,she also said that we may not be sexually compatible and that its unfair on me if i stay with her and put up with it i obviously told her i dont want to break up and she doesnt either i offered her time alone and she was so unsure in herself that she didnt even know if she wanted to take me up on the offer i said that i think we should wait until your appointment in march to freeze your ectropion to see if that improves your libido we ended up crying and cuddling each other
0,i never searched for a man to make me happy or be my knight in shining armour but he found me anyway and yes he did rescue memostly because i let him and in case you ask yes i am happy in life in love and within myself maybe i was a victim once but im not a victim anymore i chose freedom and safety and i hope any woman reading this is brave enough to find those things too
0,they took me to a bar and bought me a beer tonight you sleep here miming sleep and pointing at a long wooden table so night was in a bar and so it went id arrive in some village at night and just be sitting on a curb waiting for some opportunity to arise when people would retire and i could sleep rough almost every second night i seemed to be engaged by some local who would take me home to sleep in a heavenly bed to sleep in a barn to sleep on a floor whatever i was inside and it cost my small purse nothing
0,it was wrong i never told her when it was happening only after i ended things because i wanted to be serious with her she took it as cheating and to this day goes back to it at every argument we have a few months after i told her about the other girl i found out that she was actually still in a relationship with her ex she would visit him when she was in her home town
0,i had a moment earlier when i was setting up for the night that i kinda realized that life hasnt quite gone to plan huh handy dandy storage box nobody questions someone carrying an awkwardly large url anyway my bedroll is one of the only real constants in my life at the moment and i kinda wanted to share it id imagine that for others who are in less than ideal situations that your bedroll or whatever sleeping arrangement you have is in some way special to youanyone else wanna share what bed looks like for you tonight
0,my girlfriend and i met through a messaging app we come from the same country and speak the same language so there is a sense of familiarity and closeness right from the start however as we grow closer im starting to feel like she does not value our relationship as much as i do i always put her above all else i always try to find ways to accommodate her busy schedule
0,he was a diabetic with us never said much to him but he was a younger kid never caused a problem i had to listen to this famous star of the compound tell the new people coming into the box about how he hogtied this dude and stabbed him in the back as he was raping him he than continued to explain the details of how he stabbed the mans orfaces to draw blood for lubrication as he molested the dead body to get his point across about how the child had fealt i listened to this story over and over multiple times daily as the man bragged about his actions
0,hello first time posting in this sub thank you for having me does anyone here have a cooccurring psychotic disorder such as schizophrenia or schizoaffective disorder along with ptsd there is some interesting studies explaining how they can really affect each other i was wondering how it might be for others who experience both
0,sorry if this is kinda long we met in highschool and became best friends even after we still talked everyday hang out almost every weekend and i felt everything was okay she then started getting kinda distant e cold toward me and i had no idea why i talked to friend in commom and she said my this friendill call her p felt that i was too negative and was always complaining
0,god bless he was very caring at a first glance but as the relationship went on i started discovering deeper things about him please be understanding that at the time i dated this guy i was around or he got off to irl gore you may think well thats weird but thats not the abusive part
0,if youre stuck and too anxious to move just know that you are always making progress its okay to do it in your own way im so grateful to this sub it was really amazing to see that i wasnt alone in this reading others struggles and accomplishments inspired me beyond belief so i hope that if youre reading this you can find your own inspiration
0,as some of you may have experienced a potential symptom of anxiety is depersonalisationderealisation a sensation of losing control that has generated the greatest terror i have ever experienced all of the notions i mention here are applicable to x anxiety but i use dpdr as the focus of my anxiety and the insightsreflections i have come to i have had ocd a fear of uncertainty a desire for control and normalityconstancy since around years old aka anxiety
0,it wasnt that long ago perhaps only a few months that i was in the darkest place that a human can be sitting on my kitchen floor with an empty bottle of wine and a knife on my wrist ready to end it all and for the first time in my years of existence i though about life and i though about death after all i was going to experience both within mere moments of each other a multitude of thoughts raced through my mind what will it be like
0,two years ago we moved to a different city for his work he earns a lot more than me and his job offers a lot more career progression so i wanted to support him ive always thought we were a good team there have been times where hes struggled financially and ive helped him out no question we talked about the extra money hed be able to save by walking to work mins away and it seemed as though we were on the same page for what we wanted in the future buy our own place a car and start a family so i thought all was on the right track
0,my wife and i live in new bern nc a town impacted heavily by hurricane florence we live in a bedroom bath home with our dogs a cat and a rabbit we are in our late s and lived a quiet life prior to the storm weeks ago of my wifes family members and dogs came to ride out the storm at our home unfortunately of them now have no home to go back to nor do their dogs
0,but it can be done with any white van also ive seen taxi logos on smaller vehicles work just have to be creative and smart and think about what companies start early or work all night i see posts about trash building up and it becoming hard in a small vehicle i slept with my girlfriend in a hyundai sonata for months
0,i dont believe my list is long and i tried to find the cheapest items i have high hopes ill be employed by the middle of july im ready to pay it forward dont want to be in this situation ever again ive attached the link
0,i offered to help but he declined after months the debt hadnt moved it was at that time i started asking him more about it how it was going i think i was pretty annoying tbh and he would say he paid off a large portion of it but he didnt and never followed through with the plan i feel badly that i didnt just drop it but i it felt like he was lying to me
0,i wanna break down my situation i know you guys cant help but i need to vent my partner works in a job he is treated like crap in and hates for little money he is looking for new work thats good and im proud of him
0,thanks in advance edit you guys are the best i now have a more solid footing on what to do and how to plan for it thank you so much any other advice is welcome and thank you to everyone who took the time to say something
0,that was enough back then matt was always great at hiding his ailments i never even knew how hard his life had been how many times he had been in and out of the hospital he hid it from everybody extremely well but now hes older and hes not hiding it so well anymore
0,in order to make a case for its commercialization we have to do a strong market validation research and costumer insight so we decided to create a survey asking parents what are they looking for in a wearable device for their bundle of joy heres the link url you will also enter for a chance to win an amazon gift card thanks survey has been edited for better experience
0,i could write a long book about it the issue my current issue is a strange one and im curious to hear other peoples thoughts about it whenever my inlaws visit and stay the night they bring set of clean clothes and wash the ones they are wearing every night they do this regardless of the number of nights they are staying
0,i thought a good post for people who get food stamps ebt is needed in case anyone who receives them could use it for example peppermint and eucalyptus oil keeps mosquitos away you can buy that with ebt vinigeer is a good cleaning agent you can buy papa murphys pizza with ebt and cook it over a bonfire some states ca az etc will let you buy food from fast food like captain ds arbys etc with it
0,i have been trying to make plans recently and she keeps having things come up but i understand because i am doing it on kind of short notice this last little bit after the break happened in about a day span tldr i am awkward and need some help with relationships i feel like i ruined my chances with this girl and i am hoping i can fix it i also may just be overreacting to things
0,i know its a young relationship but its hard adjusting to changes especially since i went from seeing him every day to not seeing him at all anymore if any one has experience with a ptsd relationship or something along those lines please feel free to share it would be nice just to talk with some one whose been through this and can give me advice eventhanks guys tldr best advice for some one whos dating a ptsd vet when theyve become distant
0,now that he needs financial help he knows exactly where to find me i know he wants me to just say okay heres the dollars you need to make rent and pay your credit card bill but i dont want to just give him a handout hell just come back the following month and begin to expect it aside from that we cant afford an extra a month my wife and i are trying to pay off our debt and start a family
0,any help would mean the world to me not sure how else to pull this off edited to fix wish list link ive never had to this before and apparently i suck at it wishlist link removed thank you again from the bottom of my heart for your assistance i will be paying it forward as soon as humanly possible
0,the food we normally buy is including tax it would feed them for a month which would give us time to settle bills and for my paychecks to even out i have paypal and can definitely include the proof of purchase if someone would be willing to help to anyone reading i sincerely thank you edit added an amazon wishlist url
0,hi all i dont exactly know where to start but here goes i have been on my own since as i do not talk to my biological parents or my aunt that took care of me until i went to college this last year in nc but had to move back and stay with a friend due to low finances while in college i suffered from a concussion and mold poisoning from my dorm room
0,that being said i love her when she is good otherwise we wouldnt be together she tells she didnt want to tell all those mean things but then she does it again im thinking what i can do and ive come up with the following idea she is straighta university student so ive devised a rating system for handling aggression
0,this study will include only participants who are years and older please send us a private message if you are interested in participating once you contact us we will send you a link to the screening questionnaire to see if you qualify and to tell you more about the study please note if you participated in this study at any point in through vanderbilt university unfortunately you are not eligible to participate again
0,for the remaining money it is going toward the mothers back pay to the district and continue to supplement the personal care attendant as a bonus to the compensation from the state agency im out of other ideas on what more can we do to support this woman and her daughter we setup a gofundme page but i cant link it here at the moment im trying to get anyones attention who would listen or offer any assistance thank you reddit for all your help in advance
0,he doesnt seem bothered about calling me or meeting me unless i initiate we dont talk for very long as he still lives with his parents and is apparently always busy helping his mum im mostly available as i work part time as im a student but i live in a rented shared flat we seldom talk about the future i want to talk about the future i planned to work abroad this year as i graduate soon but stopped those plans after meeting him as he is only in college and will take another years until he finishes education
0,and everyone was passive aggressive the manager tried to peg down my salary multiple times like a fucking haggler at a market anyway i decided to go get some antidepressants and the bottle fell out of my pocket a coworker noticed and reported it to my boss who smiled and asked if there was anything id like to tell her the passive aggressive shit really got to me and then i realized that i was being illegally paid
0,the first is my girlfriend of around months she doesnt really like her current living situation and suggested we look together the positives here are that we get along pretty well as far as my relationships have gone and it would save me money probably around a month thats not insignificant the thing is i probably could be ready for that step if i had to im just not really for or against it
0,hey i m dont know what i should do about my brother apart from many different things that are bothering me about him this one is at the moment a big problem because i often have people here at my house he doesnt clean the bathroom which means he doesnt flush the toilet pees on the ground leaves sometimes condoms laying around etc he doesnt listen to my parents or me
0,i came to realize later and i denied it basically just calling it a celebrity crush and nothing more that i was in love with this musician totally in love but heres the thing in love with the idea of him i had created from interviews and blog posts and the music itself it was deeper than a crush i know that then came whispers that he had a girlfriend he had stopped whining about being single on twitter and seemed happier
0,i feel really guilty over it i know part of the problem may be how much ive repressed and cant feel but i dont know i feel ive exaggerated so much i havent been having nightmares and my flashbacks dont feel like flashbacks so much as regressive anxious states i can think of the trauma ive been through and talk about it but it doesnt feel like anything disturbing
0,i was working at a labor pool when ever i could he kicked me out of his moms house once i ran out of money and didnt get work one week from labor pool i walked down the street to some friends house he introduced me too been here weeks they are alcoholics
0,i have replaced my bank card and everything else is canceled but still havent went to get a replacement license another expense i dont really want to think of right now so i am unable to get one of those free government phones i am more than willing to repay you in any payment plan you come up with and i can put repayment to you as my second to top priority i really need some new socks they get priority trust me on this they took my socks and im on day anyway pm of you have any questions i would be able to take paypal cash app i no longer have the card but can transfer to bank a krogerfrys egiftcard or an old tmobile phone unlocked one if someone is local around location and wants to meet up even after hearing about my socks i do have a police report number if anyone needed to verify
0,i didnt have time to text a lot like i used to and certainly couldnt realistically plan trips to see her anymore she was plainly unhappy with me for not being as communicative anymore but things really came to a head when i began dating someone lisa was the only person in my inner circle of friends to have a poor reaction when i told her i was dating another woman which was shocking to me because i trusted her and because she often used social media to convey her allyship with the lgbt community she often told me that as soon as i met my gf i quit talking to her lisa as my relationship with my gf became more serious lisa and i became even more distant from each other and she would often ignore my texts or emails neither of us were ever much for talking on the phone
0,in exchange for your participation you may optionally choose to be entered into a drawing for a amazon gift card eligibility requirements for participants include must be at least years of age or older must have been diagnosed with one of the following at any point in your life major depressive disorder bipolar disorder i or ii obsessivecompulsive disorder ocd schizoaffective disorder schizophrenia or autism spectrum disorder must not have been diagnosed with an intellectual disability
0,the list i will probably choose from right now is santa monica orange costa mesa santa ana or long beach ive lived in the city for a bit before and i like the more innercity of la but i think i need a change so im looking for a more coastal area to find a minimum wage job settle in and potentially seek housing in eventually dont have much interest in sd nor in going up north to san fran hoping to get some input from you guys and it is very much appreciated
0,im not doing this for people to make money but to help those struggling to feed themselves andor family my days of that are over if any supermarkets or stores offer similar promotions in other countries let me know and ill look into what can be d
0,in recent years ive noticed that i deal with some postnasal drip sneeze a lot throughout the day deal with headaches and have itchy watery eyes maybe i have developed some kind of allergy that is influencing this any help is appreciated
0,be ready to contribute reasonably b calmly with neutral to negative vocabulary and intonation express dissatisfaction with certain behavior action or outcome of action and politely ask not to repeat same behavioractionmake sure particular outcome doesnt repeat again make sure message was audible and comprehended and if necessary still calmly repeat again be ready for calm reasonable discussion in case of decline c harsh sudden loud expression of dissatisfaction
0,but someone asked me if i needed a shirt and gave me one i asked to call my mom but she couldnt understand what i was saying so he told her the ambulance showed up and i told the cops that my boyfriend beat me but i wasnt giving any more information the ambulance lady told me that if i refused to go with her she would take me against my will because i was exhibiting signs of head trauma i went
0,posting on a throwaway as a paramedic student i was working in a detroit er and an year old girl came in her babysitter years old couldnt find her for minutes and ultimately found her face down in a swimming pool the local fire dept responded initiated care and transported to the facility i was working at
0,i mentioned that i am unhappy with my nametag having my first name on it that ive been unhappy with it but ive been tolerating it since it hasnt been too much of an issue until i transferred stores my boss became livid well we all call you it would be more confusing for customers if we call you but your nametag says isnt your first name you can deal with being on your nametag im not changing it just because you dont like it mind you people named jason can have their nametag day jay other people have their last name on their name tag
0,i have a friend whose recently been made homeless by her family who housed her for a while after the break up of a long term serious relationship im an immigrant here so i dont understand texas thousands of ridiculous laws however i want to know how i can help my friend out she receives a month child support for children and is currently a student not enrolled for summer because of homeless situation otherwise her only other income is fafsa we have tried all section facilities in the north texas area and all have told us theres a year waiting list
0,i just wanted to share because im proud of myself and there is nothing wrong with that night shifts arent easy for me and i have had some anxiety on and off but zi have been able to manage it all on my own breathing and mindfulness have been very helpful a little bit of acceptance and making sure my blood sugar doesnt drop it hasnt been easy but im almost at the finish line then i can go home and sleep
0,i quit facebook twitter and instragram essentially shutting myself off from the world i go to school but dont talk to anybody outside of my family and my professors and occasionally close friends my mom says that it isnt healthy but personally my anxiety has gotten so much better i feel good just feeling like nobody notices me has anyone felt this way
0,i will not be sharing my credit details though hard i will end my friendship with her might think about it if she apologizes but am not sure at this moment i will cherish connections with more on my other friends who were super nice to let me know whats happening at home its really frustrating not being able to confront jenna physically but as others mentioned i hope others whove initially believed her will realize the truth
0,i just didnt change my listing info when i changed my price from thousand to thousand i paid thousand for this painting i am wondering if there is a place here on reddit i can post it for sale i am selling it for a steal simply because i need money
0,according to the sheriffs department i have rights because i help support the household and i receive mail at this address thing is i just have no idea what the fuck im going to do ive asked friends and the few family members i have but to no avail help please edit i fixed things and we are back together
0,there is a waitlist to be called when they become available i do not want to start training an adult dog from the shelter to become a service dog i think there is too much room for error if im not the one who socialized the dog from the beginning any advice or notes from those who have them would be great thanks
0,the gist of the comments received was the k isnt going to change and i should get b to go to counselling to help her with her selfesteem and give her some outside input of course now k is having an online role playing relationship with some lady on grand theft auto rp b is helping him court her she is presenting it as she is okay with this listen ive known b since high school ive known her longer then my brother
0,i made a wishlist and it has some ramen on it if anyone could help out it would be so much appreciated thank you my zip code is link to amazon wish list url
0,ive been out of work for nine months and its finally catching up to me when i lost my job in january i took a sabbatical for a few months it was necessary at the time hindsight being i should have set up my phone with call blockers when the bill collectors began calling i couldnt tell the difference between a potential employer and something which would stress me out given the slew of incoming calls with unknown numbers during my time off i invested my time to build new skills donating them to a gaming community and hanging out for escapism to the point of obsession
0,if you want to stay in and watch netflix stay in your mental health is your mental health its no one elses i understand that not everyone sees mental health the same way but believe me even if it feels like no one is on your side we all are since then i have come to find that one of my best friends has been battling life crippling anxiety for a lot longer than i knew her for
0,were currently looking for separate houses havent told the kids but my face is an absolute dogs dinner and will definitely have scarring for life if it was the two of us we could work it through but my relationship with g after so many telling offs heart to hearts explanations about his actions and their consequences still goads me to get a rise this is a woman who wont back down easily and will portray very intelligent coniving questions which have left me feeling dominated under control and manipulated for a couple of years now the one guiding light for us to work through it is my younger two children and how much i adore them stillin this current situation theres is a seemingly insurmountable wall of emotions from all parties which would need a huge amount of effort to even bring us to the negotiating table
0,my sickness couldnt be diagnosed at the time wo insurance i was too ill to remain in nyc so had to move home fast forward to jan living with my father in ohioi woke up paralyzed from the waist down on the left hand side of my body lasted almost two months finally got the testing i needed diagnosis ms i also have fibromyalgia oa in my knees central sleep apnea mdd and other various health issues
0,hey everyone im doing an article for a mental health blog and i really want to write about peoples stories on the importance on opening upgoing to seek help from a professional i would love to hear your experiences why you wentstarted opening up what you have learned and how it has impacted your life of course everything you write will be anonymous on my post i can even give you a pseudo name if you would like just let me know feel free to comment down below or message me if you want to be more private thanks
0,at the end of the survey please select name when prompted for the name of the student who gave you this survey if you know anyone else who might be interested in taking this survey we ask that you please pass it on to them as well thank you for your time url to anyone who has already taken the survey
0,also stemming from the same background i am still a virgin he obviously is not and im not quire sure how i feel about engaging in sexual intercourse with him whenever we talk about sex i feel like im lying about how i feel its more of an interest in learning the different aspects of sex than actual sexual arousal ive been questioning the possibility of asexuality if anything i feel kind of giddy that someone thinks of me in that way but not in the i want to have sex with you way im trying to engage him with picturesvideosetc but it feels all fake to me
0,im an ex wife and mother my daughter is i met my ex husband years ago and together we raised my daughter we separated yeara ago although the marriage didnt work we continued to coparent
0,i want to start off by saying i love my in laws they do a lot for us and we are incredibly grateful for them my mil has always been around to babysit when ive needed to go to doctors appts and seeing that she has ms not severe my sil comes over to help playdo the lifting my mil is capable of all of that but she has a harder time we have a history with my sil
0,rambling about that is over i would like to save up while doing this over the next couple of months get my finances back in order and pay monthly on a land owner finance piece of raw land without covenant restrictions at around a month that is a possibility in my area at about acres and get a tiny building on it or build an earthbag home somewhere along those lines the only real concern i have is electricity to do the editing work but i figure if i do the work i need to do head to a mcdonaldsparketc to recharge then i can do alright ill be able to store the dj gear for when its not being used for free i have a battery chargercar jumper combo im keeping in my car i can use for small electronics and im pretty sure ill have friends who i can see for a couple hours to charge that once a week and see friends i havent in years which obviously is the best part
0,so ive been dating my current girlfriend for months now everything has been great we get along great havent had any fights sex is still amazing all that ive owned a condominium for years and its a decent sized bedroom bath well her lease runs out at the end of july and im toying with the idea of inviting her to move in with me
0,i leave fairly often for extended periods for work on one of my work trips i was gone for two weekends i trust my bf and dont mind if he goes out the first weekend he said he didnt do anything and just stayed home yet through my friends fb i could see that he added three girls as friends
0,he doesnt know anything about that though for some background i recognize that i tend to overreact to normal things i have panic attacks when people innocently flirt with me for example and ive flown off the handle when too many men have even just looked at me in too short of a space of time anyway so we were roommates in a super tiny apartment that didnt even have a living room just our two bedrooms divided by a kitchen he was having some issues with his exgirlfriend so he was venting to me for hours about it and i was trying to give him as much advice as i could because hes my friend and i care about him i told him this and he said he cares about me too and then he started telling me that when he first met me he was attracted to me but that i was too young so he felt weird
0,your responses to the survey items will be anonymous and kept confidential clicking the survey link below will take you to a page asking you to read through a consent form explaining the purpose of this research the content of the survey the type of questions you will be asked the amount of time it may take to complete the survey and the risks and benefits of your participation at the end of the form you can click agree to consent to the use of the answers you provide and to begin completing the survey thank you for your time and interest
0,i cant afford to buy new clothing not even from goodwill right now ive currently got two pairs of workout capris and thats it and in the northeastern us it is getting colder i could really use a couple pairs of jeans some shirts and a nice pair of black dress pants for interviews that i have lined up used is fine as long as they dont have holes in them
0,i just wanted to thank everyone on this sub reddit for answering my crazy questions also for answering my questions with obvious answers when i was too crazy to see the answers i have been homeless for months not anymore i have my own room im renting from a very nice family
0,i basically said the same back because its true the following days and weeks we kept hanging out occasionally and stayed in touch when she wasnt at bf in other city than randomly out of nowhere no response few days weeks and now about months i called texted for about the first weeks to see what was going on than just stopped trying
0,nevermind turning it up loud drown everything else out bump bump bump
0,i started noticing her internet behavior more over the past few months and its been kind of bothering me my girlfriend is a very intelligent and mature person but when she gets online its like she acts totally different for one she sends me screencaps of her trolling people i mean trolling shes almost
0,i have known her for several years and we are somewhat close but not best friends she confided in me that her brother died and i want to be there for her in any way that i can i currently live hrs away from where she lives so i cant physically be there for her are there any sayings that i should avoid or use what helped you after the loss of a loved one
0,i faced up to myself i completed probation its not the drugs i need its to leave my environment and everything i know its to get a fresh start im only
0,its also frustrating because im finally getting the kind of help i would expect from family and beyond from a woman i met while panhandling this summer thanks to a stranger ive been able to finally get mental health assistance i got my benefits fixed i got a job and i have a safe place to sleep out of the rain or snow i have somewhere to leave my pack and bed roll rather than carry it around i could probably ask to store that stuff but it seems so asinine to ask more of this woman and especially so since its just extra supplies for my dog i dont really need i cant understand why even the bare minimum is too much to ask of the people who are supposed to care the most
0,it is completely anonymous and you can choose to opt out at any time at the end of the survey please select fitzgerald wilkins when prompted for the name of the student who gave you this survey if you know anyone else who might be interested in taking this survey we ask that you please pass it on to them as well thank you for your time url
0,ive started trying to write things down more not necessarily journal but just writing down little ideas i have in various notebooks ive come to realize that when my ptsd is in full steam my handwriting is different im known in my familyfriend group for having great penmanship but now the handwriting doesnt even look close to before
0,if you have some free time please go to the following instagram post find my comment under the username username and give it all the likes they will choose two winners one based on likes another on creativity if you have the extra time this would make my birthday and will help me to pursue my freelance video work full time url thanks internet people
0,no we do not have sex everyday yes we both work no its not a problem of the change i should have said im usually successful out of times i attempt to initiate i just want to make sure that i am still crossing my is and dotting my ts on my end or if i should ask her if theres any improvements i could make tldr do most relationships die down in the bedroom after a while
0,this isnt the first time this has happened even with my ex i used to put effort into creating funny and deep conversations and shed make quite surface level replies but i thought it was because she was severely depressed so i didnt mind making an effort with her am i missing something she doesnt have many hobbies and works in a pub so i cant talk about her interests really as the only think she kinda likes is textiles and she doesnt do it anymore as shes so focused on her job i should probably mention shes really really shy which she has admitted to me for example when we meet in person shes so nervous that shes physically shaking for about minutes until she relaxes
0,in an effort to make modding the sub more efficient and smoother ive gone ahead and brought in automoderator theres a bit of a learning curve but im proud of my first automod post do you have any scheduled posts youd like to see specific discussion posts celebrating positive accomplishment next up is programming the actual moderation part
0,i started freaking out went to the hospital because i couldnt breath occasionally i still feel anxiety when alone and bored at my house my depression is now not a problem at all but the legacy it left is annoying i feel so terrible being honest about that evil summer but recognizing my post traumatic stress makes me so happy any advice ive only recently been honest with myself and i think its about time i realized its not regular anxiety but ptsd
0,dr fred penzels articles url a leading expert on ocd dr penzel has a collection of great articles online based on years of successfully treating patients with ocd particularly good for highlighting how the lessobvious variants of ocd can be treated check out article ten things you need to know to overcome ocd for starters top tips carry out exposure and response prevention
0,since this happened during a pivotal time in his developing sexuality his body reacted despite his revulsion he has been prescribed a myriad of medications to try and combat the dreams but not much has helped it will work for a week to a few weeks but the dreams manifest no matter what he had been seeing a cognitive therapist but she was not helping much i personally believe that he needs someone who can get a bit deeper and work on the root of the problems and that the dreams are his subconscious way of screaming for help
0,she is so hardworking at multiple times in her life she has worked multiple jobs to support herself and her family she has never been on any type of government assistance even when she divorced her abusive alcoholic husband she didnt seek child support or alimony she is incredibly self sufficient but it just seems that she cant catch a break
0,tldr thinking my friends who brokeup are soulmates but may be both heading for a secondbest option very long post please read only if you are interested in complicated realtionships and take it maybe as a short novel i have friends who got together when they were inseparable instant soulmates i know they imagined their whole life together almost immediately never even thinking they can breakup for years they were the best couple i know not fighting respecting each other greatly and having a higher connection
0,how do i decide i clicked with one guy but he does talk therapy doesnt really have a specific method like emdr or cbt there are many who use specific methods and most didnt click or had approaches i feel iffy about ultimately i think i just have to accept that no therapist will make this problem of living with cptsd go away and this is something ill have to learn to live with what tips do you have for picking therapists or about therapy in general
0,hi everyone last month my daughter was delivered weeks early and will be in the nicu for the next couple months its been a hard time emotionally physically and financially to help me deal with it all i started journaling about our experiences and decided to turn them into mini zines printable little comic books i set up a patreon account which allows you to pledge or a month in return for rewards
0,his careerfinancial stability makes sense his family logical mehis friends ok being healthygym and cooking and sleep time cool a hobby we have
0,here is the link to her url do not read below this if you have a weak stomach my friend has a very sweet toy poodle mix that was recently attacked a much larger dog attacked paiges my friends dog face and ripped off her lower jaw to the point it was hanging down by just the remaining skin and fur that was attached paige went into a hr vet and had emergency surgery that allowed the jaw to be reattached but the middle of the jaw from canine tooth to canine tooth had to be completely removed so paige essentially has a large hole in her lower jaw now
0,i wouldnt say im a generally anxious person but i have severe anxiety when it comes to my living space ive lived alone in various apartments for a few years now and i dont ever let people come over im pretty messy but not anything extreme enough to justify keeping people away my boyfriend has only been over a handful of times and i do my best to rush him out ill go out of my way to keep people out
0,ill let you know i guess their wires got crossed he meant hed let her know whether could make it or not but apparently she took it as him confirming hed go but that hed let her know the details what time etc her christmas party rolls around and he last minute asked if he and i could spend it together we were still kinda new at this pt only month into dating i agreed
0,nevertheless he looks like someone i would like to be friends with but im too afraid to actually speak to him at this point so i figured i could write him a letter i dont want to assume he can read like i read given the white cane so i think it would be a good idea to write him a letter in braille and maybe including a written copy as well i have read that i should acquire a slate and a stylus to write braille by hand but i would love some more help or tips if anyone knows how to write in braille are there any services that will transcribe a written letter to braille that dont cost very much thank you
0,writing is one of my methods and i wrote this and i would really appreciate feedback or any insight on why i am not being able to withhold myself today im writing this because i am experiencing and attempting to avoid a full blown panic attack i am stronger then my negative thoughts and i do have the power to control them writing about it makes it seem less real and it isnt my dream keeps playing in my head like a record and each time i get a glimpse of the record i avoid it
0,im an army reserve officer who has years of service i have a va disability rating of due to ptsdanxietydepression and ringing in my ears from a tour in afghanistan i recently applied to go into the irr and was turned down i have been told that im not deployable due to my mental health but i dont think this was at all mentioned in my irr packet just moved for a job in dc and my old unit is now too far to travel to
0,ive been suffering from anxiety and ptsd since i was actively working towards recovery for the past three years its been up and down of course but overall ive made really encouraging progress for the past six months ive been dating a really sweet guy someone i think is worthy of my trust and good for me were both interested in being together longterm this is the first healthy relationship ive ever been in and ive been working really hard not to let past experiences and my own issues negatively affect our partnership
0,i might sound a bit bridezilla here but im extremely annoyed we set our wedding date last august for july th we specifically picked this date after looking at the average temperatures for that date for the last years we determined the highs were about degrees cooler than the following weekends in july so we went with the th wouldnt you know it but my fmil booked their family vacation for july
0,we will provide links to treatment resources throughout the study this study will include only participants who are years and older please send us a private message if you are interested in participating once you contact us we will send you a link to the screening questionnaire to see if you qualify and to tell you more about the study
0,edit no car also she doesnt have a job again should she get a job after the baby is born or will she be better off leeching from the government it may be selfish but i am not against being a leech and getting every penny in assistance i can until i am able to do otherwise
0,there are many events thaat i have ptsd from but somehow even though it was one of the hardest things i have ever done it hleped i had to write all the sensory details i could remember as i went on i remembered more and more i wrote how i felt back then
0,asked for a little extension she wont provide it i should be able to graduate in december my academic counselor is looking to help me graduate around some of the program so i hate to bring my concerns up higher or file with disability my trauma therapist wants me to advocate higher up
0,tldr met a friend of a friend at a party over the past couple days hes been msging my girlfriend about random shit but isnt actually being too creepy she no longer wants to talk to him and ignores his messages but he keeps messaging anyway she wants him to stop while minimizing dramaconfrontation but im not sure if its possible
0,we were longdistance for a few months although we visited each other almost every weekend in that time she was very jealous and controlled my movements because she thought i was doing something with very girl who looked at me in that timeframe i took to hiding pictures that i had with friends who were girls especially ones she was especially jealous of nothing sexual just selfies on a night out or whatever
0,normal start of our day he asked was the card worth the wait i answered yes i cried at the park he jokingly said of course you did tiny tears x and then he asked did you take photos of the chocolates i said yes babe and sent him the photo he was still online but the last messages wasnt read the next message i sent was all about my day that wasnt sent anymore he was offline i thought he was getting ready for his work and his phone died or his network after an hour i got worried so i sent messages on all social media that he has which i know
0,im going to be spending only on essentials i need some advice though this is new territory to me you guys got any tips for me oh yes and i have a gym membership so ill be showering there now
0,long story but a few years ago my wife of fifteen years who had never been with anyone else opened up and told me she fantasized a lot about being with other men and considered herself somewhat polyamorous i was upset and it took a couple of years of us discussing this before i started to feel more comfortable with things we eventually started swinging only about once every couple of months and always same room as it seemed like a way for us to explore this part of her together and it ended up being a lot of fun and something i really enjoyed that brought us closer together well its been a couple of years and ive felt happy and comfortable with where we are at but i decided to ask my wife the other day and she said she was happy but she also had a desire to date people separately and would be willing to try it if i was this was really hard for me to hear
0,hello all i am and im studying in the us for getting my phd i applied to that country years ago i found this girl online shes a student in the same university i got my bachelor shes studying the same major as i do
0,this will probably end up being a rant whoever reads this thank you trigger warning sexual assault so i was going to a summer camp out of state this was my first time ever being away from my family for more than a day at a time
0,hes exactly what ive needed maintains his side of an equal partnership etc my only problem is that though our sex life is great i catch myself being overly sexual sometimes even if he shows no interest that occasional day then feeling extremely hurt and rejected if he says that he doesnt want to do anything that day its not like we never do anything i just seem to still be attached to this idea he shows me he loves me in many different ways but this is so hurtful when im aware that its ridiculous to have these expectations i guess im afraid ill never stop feeling this way and ill end up hurt him
0,we have been together for a little over years now and high school is nearly over hes been wanting to move to toronto for a while now and i had considered moving there for university too however i plan on staying at home toronto is only hours away i would say things about how awesome it would be if we moved in together or visit each other never once did he mention he did not want a long distance relationship
0,yet ive already been through the worst and come out smarter and stronger im not so afraid that im just running and not fighting it anymore so what exactly am i afraid of what is the reason of this fear i mean whats the worst that will happen and how can it be any worse than what hes already put me through
0,i try to keep reading plenty of motivational quotes during the day just so that i can have some more strength during the day and for fucks sake its like these motivational speakers cannot get their shit together everything comes to you at the right time be patient and trust in the process vs if you keep waiting for the right time it may never happen sometimes you have to make the most of the time you have
0,i was told by a friend of mine that if you ship something straight to the airport and just have the receiver pick it up you would be saving an enormous amount of as opposed to sending it directly to the recipient does this hold any truth anyone know if youve got any ideas like the one ive posted i would be more then thrilled to hear about it ps the items vary in size so if you know about a method that if best suited for lets say items under pounds i would still love to hear about it
0,lightheadednessflushed feeling burning in head and extremities dull headaches sometimes in back of head and radiates to front disassociation vision issues
0,hello i have been on these support subs the last four months or so and they have been so very helpful thank you to everyone on her and reading this i have a situation where i am not sure what advice to give my younger sister is twenty one years old she has bpd or something much like it and can become very emotional begin panicking about the potential of abandonment and threatening suicide to cut of all her hair etc
0,i currently have k in my bank account i have k in credit card debt which nets me k i have no incoming cash flow other than tax refund that i have not filed for yet in worst case scenario i can tap into parts of my kroth savings which do amount to over k but obviously there are tax penalties associated with that along with having some restrictions due to ongoing expenses like car payments insurance food airbnb etc i project to have no cash in my checking account in about months
0,is there anyway i could persuade you to go a view you love if not any place is fine and write something similar on a card or piece of paper i attached an example here thank you all if you consider helping it means the world ill probably post again as the date gets closer i aim to continue trying until i can get at least
0,she did not acknowledge his invite to come down for christmas then they go on the trip days later and everything is peachy keen her car broke down so my dad leant her my moms car that we still have she said that he needed to quit referring to it as my moms carlike legally its my moms car shut it
0,so im getting a cheap apartment most utilities included and all maintenance covered i used the last of my savings for the application fee and hold fee im going to be moving at the end of the month and its going to be tight paying the security deposit and prorated rent when i already had to pay lot rent for the trailer this month im selling the trailer at a loss to get about a third of it selling everything i dont need in the hopes for another third and i should be able to cover the rest from my paycheck if i cut the grocery bill
0,hey reddit ptsd i am an independent documentary filmmaker working on a series of shorts in amsterdam about emotional memory disorders including ptsd i heard about your subreddit from my brother its really cool that youve built a community of support here im posting here because im looking for people in and around amsterdam or people who might want an excuse to visit amsterdam who have ptsd and would be willing to participate in this documentary project
0,hey guys would like to know your opinions i was sat on the sofa with my girlfriend and all of a sudden we could hear our flat door being pushed as if someone was trying to get in i jumped up and said who is it to which whoever was trying the door said sorry i thought this was ground floor
0,i was never really close to him our conversations never went past the nice weather were having area but i coincidentally ran into him at a bar recently and i initially tried to keep my distance from him because i know hes friends with zach but then he told me that not only does he and zach are no longer in contact with each other they actually really dislike each other now im guessing something went down after zach and i broke up after that i was more comfortable around him so as the night went along and we got drunker we ended up hooking up
0,this is a first person group so you need to be the person with a disorder to participate to join visit our site url or check out our instagram url we believe we are stronger together which is why peer support is so helpful and important care when you need it care for others when you can if you are under you can find a link to our server on the website and instagram zen
0,could we all at least help out by chipping in at least a dollar for this van could we please give this family a break by helping and donating for this van these boys and her need it so much it would be worth every penny to be able to go on more play dates with her two boys and make their little lives more adventurous it would open up a door to giving them easier and more convenience access to fun spontaneous trips to go play and have fun
0,ive been in the mood since friday night we had a date and when we got tired and i let her go to sleep saturday morning i tried doing some forplay and she stopped me and told me to wait till later that night and she would make it up to me saturday night rolls around and she just falls asleep sunday morning i climb out of bed and start breakfast and she said too bad you were asleep this morning i tried to wake you up for something special later that day we were getting ready for a birthday party and she said i wish we could be undressing instead but we got a party to go to i took that as a hint that later tonight shell finally be in the mood
0,i havent had to go in and get him for any reason since he started on top of all that i now have a boyfriend who is a real partner in life things he helps out with childcare when he can he splits household chores and we split some bills ive never had this kind of support before and it feels amazing if not a little strange since its a new experience for me my marriage was certainly not a partnership like this
0,i found the situation odd at first but because he was drunk it was ordinary he was sitting in his truck nearby watching me then later i heard something hit my rv hard and in fear of my life i rushed to call police he fled and police chased after him not to my surprise he talked them off and broke in again the next night but that time i was home he broke the door down and threatened to kill me if i called the police again
0,my freelance worked has finally shown some fruits as i have booked events for this month a birthday and a wedding i also just got hired to be a regular lead photographer at an events company and i start this saturday now my dilemma is this i am currently financially struggling and would need a help to finally have some stability i am looking for anyone who can lend me money im looking to borrow since i will be capable of paying back
0,this study will include only participants who are years and older please send us a private message if you are interested in participating once you contact us we will send you a link to the screening questionnaire to see if you qualify and to tell you more about the study please note if you participated in this study at any point in through vanderbilt university unfortunately you are not eligible to participate again
0,my mother and younger sister lived in another city where my mother worked and my sister studied i was supposed to stay in city until college but my mother persuaded me to come with her move change schools and be near family she was concerned of me an wanted to have me close so i moved but it took me a good while to shift and make friends and such thing is i was never meant to be here
0,ive always been the type of person whos been gravitated towards romance the thought of loving someone and being loved in return was nice but im a closed off person whos too afraid to let someone in i recently got into a relationship with someone who is really incredible hes very patient and understanding about my anxiety and depression it took a while and a few arguments for me to open up a little bit
0,im years old and support and live my own life my parents are in their s and retired they always tend to worry so this was something i knew they really couldnt do anything about so i didnt want them to worry for nothing theres also just the mental health stigma and as a guy that makes it harder too i also have a sister that i have never been very close to
0,he agreed i told him a million times when we were together and after we broke up that loyalty is my in relationship period i hate cheaters more than anything in the world he knew that from the very beginning yet recently found out that i was cheated on for more than months before we broke up
0,one day i broke down into absolute tears and was rushed into the counselers office at this point im in th grade and this is by no means acceptable behavior we are about to go into high school and i just burst into a ball of tears in front of every last one of my peers the good thing is this scenario made me care a little less about what everyone thought of me due to the already absolute embarrassment of myself my mindset the people i surrounded myself with and my family life were all fucked to say the least especially family
0,i refuse to hurt them like that but i wont give up either literally all i want is to have them back half the time so i can go to the beach with them and to be licked to death and not have enough room in my bed i dont dream of cars or millions of dollars or girls i dream of seeing them again
0,new stuff i called the movers last week and told them to refund both the deposit and the money order and gave them until that monday before i filed a criminal complaint this morning i called both the billing department and my moving manager guy to tell them that the money still hadnt been returned the billing department hung up on me and arthur the moving manager told me that the billing department had not in fact hung up on me i told him id be going to the police
0,i have tried to her encourage her as best as i can the job she had was hours per week which i got for her to tutor a friends yr old who is a challenging child she has an events business with her mother which operates approximately once every six weeks to host mystery dinners which is very popular but does not make much funds she spends a large amount of time on this and i get frustrated that some of that effort could be put into finding more stable work she studies one unit a semester
0,its really fucking hard but so far it has absolutely been worth it im putting a lot more time and effort into improving myself ive been much more productive im doing things i used to love again things that used to seem a distant dream or completely unachievable now feel like they might be things i can tackle if not now then someday
0,that anxiety alone cant do this there has been times that i have been freaking out a little bit but my heart rate and blood pressure are perfect the panic goes away quickly when i realize this ive damn near convinced myself that i have pots but ive tested it out
0,then the issue was that she was too dehydrated for a blood draw and the mental health hospital wouldnt take her without the draw so i had to take her home and pump her full of water and food and cross our fingers that she could get a draw in the morning by morning the bed had filled so the counselor and i took her to the emergency room to see if they could admit her at the local hospital there she absolutely refused to have her blood drawn and the er told me that they were just going to have to discharge her if they couldnt get the tests
0,im not opposed to offering money but once in college someone got a weirda little sketchy when i stopped buying him monthly bus help id appreciate any answers sorry if any of my comments are uninformed or unintentionally offensive im sincerely asking advice for how you think i could temporarily help him
0,she hobbled down these steps between the living room and kitchen she didnt ask for help and even when my dad and i both offered she declined on the way back up the stairs her knee started to hurt or she hit or whatever she was sitting on the stairs just sobbing away doing her thing where shes cussing under her breathe that was a strong indicator to leave her the fuck alone
0,if you have a survey you would like to share with us you may do so here please use the following format failure to do so will result in your survey being removed surveys not posted in here will result in a ban the length of which will be decided at mods pleasure who i am student researcher affiliation university company
0,open to any sort of help be it public talk in the comments talk in dms an offer of transport and or shelter links to any other places to ask for help would be nice happy to talk with another social media or platform such as fb twitter or discord i have looked in the side information but none of the other linked subs look like suitable places to ask for this sort of help i have looked at rcouchsurfing but the problem of travel glares
0,after meeting last year amanda and isaac became incredibly close and agreed to live together for their senior year this past november amanda got drunk at a party and ended up making out with a random guy on jeffs birthday because of this amanda told jeff that she wanted to take a break lots of drama everyone was shocked because from the outside amanda and jeff seemed to have a really strong relationship dating for years
0,so today was me and my exs sons birthday she left me about months ago we talked here and there but wed get frustrated towards each other anyways long story short i wasnt doing much with her at the end of our relationship i was just so tired of it all i was depressed and at the time dealing with ptsd which i had no knowledge i had i cut all contact with her two weeks ago going through my mother for my son today we finally hung out together to shop for his birthday we had fun we laughed we giggled we just had an overall good time which we didnt for the longest of time even when together
0,im running out of ideas for how we can talk to one another more often i know its going to get worse shell be starting grad school in august ive been through grad school already myself and i know how time consuming it is shell be busy
0,oh i forgot aversives this is where the therapist is openly punitive hostile or withholding explicitly in order to punish and teach you linehan gives three sentences towards ant ethical criticism of this by saying it works it also uses fun techniques like giving multiple sessions a week plus groups which are mandatory there is also telephone contact
0,we havent been able to afford haircuts or anything like that for a while so my long wavy hair is pretty nest like and the idea of family photos is just about enough to tip my anxiety over the edge i really cant thank you all enough even if you cant help at this time just reading what i wrote and keeping us in your thoughts means so much i make it a point to send some of my artwork to anyone that ends up helping out let me know if im not allowed to write this part and ill take it out
0,i was silent and looking in his eyes after about minutes i got off him and headed back to my room just as i was getting to my door he yelled something nasty i said something like go to hell and got in my room and closed the door he rushed the door and i had to use my body to keep the door closed when he bashed into the door with his body twice
0,i find attractive qualities to pine after in literally everyone so for a long time i thought i was pansexual never focusing on the fact i lacked any interest in sex with the person maybe the desire to touch but even kissing is weird for me and i back away from my husband when it gets too much im also not super touch friendly i think mostof that is my mental health and past
0,it took some time and took me running down the street with our year old son in my arms with him chasing me for me to finally get away understand that what i have wrote here is literally just the tip of the iceberg i could write about it all but i would need to write a book i dont think i would ever run out of things to write about i have seen doctor since leaving him and he said i have ptsd i dont like talking about it so i never went back
0,theyve done a lot thats cut down my selfesteem and such but theyve also done a lot for me too i have a home im wellfed i have my own possessions i have a car and i have some wonderful memories with them when i was molested they came to my rescue and constantly stood up for me when nobody else believed me sometimes theyre the most amazing parents i can ask for and other times im afraid of them my mother isnt that bad but my father is the worst
0,i got out of an abusive relationship about three years ago i had awful things happen to me before it but it really was the absolute rock bottom the man strangled me unconscious and beat me and i wound up sleeping with a knife under my pillow and then sleeping on the streets constantly checking over my shoulder but i got inpatient therapy and a network of supportive friends and i was all clear and no contact with the guy whatsoever i had a couple of nice flings but after that i guess what i did was work on being alone and happy with it
0,im volunteering at a local food bank and a large number of our clients are probably homeless we have some social workers who try to help them get housing and have had some success but until then im considering stocking a stash of supplies at the food bank that arent food but could be particularly useful for people before they can get into housing the idea isnt to provide kits instead of housing but to stock items that might be occasionally useful most people are resourceful and provide for themselves but occasionally may be short an item or two that could make a significant difference if it were immediately available
0,hi everyone my aunt is currently helping out the bus service in san andres ixtlahuaca oaxaca the bus that is used currently is over years old which is over the limit required by the mexican government the pueblo do not have the funds to afford a new bus and are at risk of losing the most affordable option of transportation the people are concerned with raising funds and it would be amazing if they got help
0,well not big but petty look i live around the area of my assaulters if i ever run into them i wish i could yell out rapist you know what you did i wish there would be witnesses and that theyd get to think about it gosh i know
0,any help is greatly appreciated ill be sure to pay it forward when im back on my feet thank you edit removed bitcoin address missed that in the rules sorry edit thank you so much
0,and i know it wouldnt completely or even halfway make up for me being an asshole lately but i want to have some improvement on her life with her being loyal to me despite me not even being able to be there for her as a boyfriend shes helped me so much she paid for ubers to job interviews i only got one callback from a gamestop they said ill know if i can go for second interview next week she paid for laundry one week she even bought me a pizza once and i have nothing to give back to her i am near denver colorado and i am hoping for this to be sent to my gf because she truly deserves something great
0,he said you better get a job by friday or the homeless shelter im thinking of going to stay at my cousins place who is supportive but its a tad dirty but im considering just packing up my bag left clothes and going to stay with him he also has my car and im not gonna try to take it back because he paid for my head so he gets my car its not worth much but still thank you for reading and im open to suggestions thank you agian and im glad i got to share this
0,because if you cant beat em join em right ive learned that its okay to be anxious about things that happen in my life if i can control them its in my hands to turn it around instead of going into a black hole if i cant control it panicking wont change the situation either if it wont matter in years dont spend more than minutes worrying about it
0,recovery feels familiar so its less scary but im also so much more tired of it all i want to move on i had been able to move on i got so much stronger and now im back here a delicate ptsd flower
0,they will appreciate you letting them know instead of after the fact expecting a result that never had the chance to come to fruition always act with integrity and genuineness nobody and i mean nobody likes passiveaggressive andor dramatic coworkers if you practice not being these things then people will always take you seriously and accept your advice as constructive
0,i have it for mg twice a day i also took trazadone one night and felt similar effects from the klonopin does buspar have much in terms of withdrawal i am thinking of maybe picking up some lornithine hcl and glycine for sleep quality to see if that helps i would prefer to stay away from pharma medications just due to the possible side effects and withdrawal issues
0,was the entire hood in the world trying to off me whats going on those are the thoughts of my mind every time something like that happens and it wasnt the first time ive heard god does everything for a reason a while back when i had a home a man needed a way home with his old man and asked me to drive the old mans car because the old guy was too drunk to drive and the young thug didnt have a license of course i said hell yeah hes got his pops with him and id miss driving and good karma
0,im in the seventh grade and i started an after school activity last trimester in our school the year is split into three trimesters and you can sign up for different activities each trimester last trimester i started the club animemanga fanclub and we received an email with the activities that had too many people signed up my club was in it this really boosted my self confidence and everyone really seemed to enjoy the activity
0,i know this will prob get doe vote to oblivion but every time i see this phrase it just feels so negative anxiety can be cured you can feel normal again and you could even say that managing it is a cure anyway people without anxiety manage fear and anxiety on a day to day basis its just it comes naturally to them without even noticing thats the point we need to get ourselves back to in order to be cured im guessing im not the only one that feels demotivated when they see this phrase so maybe use it less on here guys
0,i would want to major in broadcastingfilm but i will end up coming out with k in debt before additional scholarships and debt is something that i really dont want xb or i could go to brescia university on a full ride for esports i would even get paid to go there and although they dont have the major i wanted the coach said it would be a good idea to get my major in a business degree and get my minor in graphics design they also have many connections with different companies within esports that im not sure if wku has here is also an estimated award letter they gave me url
0,ive started unearthing old albums ive gone back to practising the drums regularly ive been watching more movies and reading more books weirdly enough i feel more in touch with the world and what now will i continue along the road of abstinence i dont see any reason to jump off the wagon at this stage
0,she angrily threw the blanket i wanted on my side of the bed and i told her that i didnt want to sleep in bed any more so i was going to sleep on the couch she knows that the doctors said not to do that but she didnt seem to care which to me is more evidence that she doesnt care that much about my health as i was gathering up my things to leave the room i got more heated and called her a bitch for caring less about me than the inanimate objects we own she got up and literally pushed me im not very big and while i pushed back for a while she eventually pushed me out of the room and slammed the door
0,ive heard its less activating and more calming than zoloft as its the most serotonin selective ive also heard trazodone may be an option for someone who wants ssrilikeeffects without any activation additionally my psych doctor mentioned gabapentin as a way to directly target anxiety without any of the longterm concerns of daily benzo use though ive read its not without its own drawbacks obviously this wouldnt have any serotonergic effect but could be a good alternative to the xanax
0,the current study explores the experience of young adults aged years who have previously been in foster care or had involvement with the department of child safetyprotection and remained with their biological family if you have a spare minutes and are willing to participate it would be greatly appreciated please click on the link below for more information around how the process works and how your confidentiality will be protected thank you kindly for your assistance as your experience will be valuable in guiding research and clinical interventions for those in the foster care system url
0,id love to but i already have plans this weekend i am going to my friends house we will play on his new game console that sounds like fun too
0,can you contribute your story alongside others who have been are going through recovery i am developing a storytelling and mental health platform with the ultimate aim of curating a museum exhibition soul relics museum is a platform for people to read and tell stories of mental health through objects that help them connect or express to a present or past experience they have had with their mental health its a unique and creative idea to help people come forward and share with others what mental health problems have been like for them and a safe and constructive way to read of others experiences while being brave enough to share your own together we can create a collective voice in raising awareness and education on mental health
0,i was a little confused at what they meant so her husband decided to meet me and talk to me about what was going on the way that he put it he was saying that my husband wouldnt get physical from what he could tell but there are boundaries that he passed unfortunately he couldnt provide any examples because he couldnt remember what was said but he could remember the feeling that he had and it was disgust this was during the holiday season when their company had an influx of new people and they would be gone within a few weeks because the work they do is very physical and not a lot of people can handle it my friends husband told me and quote theres friendship theres flirting which he did but its innocent because everyone flirts but then theres certain boundaries that you dont say to someone else while being in a commited relationship or marriage with someone else and he was doing that
0,ive had many depressive episodes in the past that started around the time i turned but anxiety my whole life i am currently years old and male ive had symptoms of hocd in the past that have mainly been caused by anxiety and have also been scared of developing did in the past even though that is very unlikely edit i added some details i feel were important to mention that i forgot to beforehand i also fixed some spelling errors and cleaned up the language
0,i just wrote a page statement trying to include the entire bad history of our relationshipabuse is there an pointers or tips you have for writing a statement that lets the judge know exactly what this jerk deserves a certain length do i only talk about what has happend after the assault because there hasnt really been much its more about all the things leading up to it
0,people who need support regardless of the elements that brought them to needing that support are welcome here if you are a robot or a fish person you are also welcome if you are a crab from an enemy faction other than that of hip healz native crab please consider the danger present to you whisper channels basically a channel to help anyone in need of support whether it be for venting companionship advice commiseration or someone to talk to the whisper channel is a judgementfree zone used solely to comfort those in need of help
0,whats a compassionate way of telling a friend that you cant participate in certain activities with her anymore for the record im seeing pam again next week she wanted to go out to eat but i told her i cant afford to instead shell come over to my place i think this would be a good time to talk to her
0,he argues and makes excuses for not needing sleep but hes always out of it and then always uses his lack of sleep as an excuse we work together and our hours are usually am to pm his schedule usually looks like this sunday sleep till the afternoon waking up at pmgoes to bed at am monday does not get any sleep the follow sunday nightmonday morning showing up to work at am
0,i should note our first year together we went to the maldives second year we bought a house went to croatia venice belgium lots of weekends away im not exactly lacking trips away im content and rarely feel unhappy these days but is that a replacement of happiness is this just a january blues thing that will go as the year starts moving on and i get back into the swing of things
0,days where it is really good and days where you are anxious seemingly out of nowhere its like the brain is running on some sort of cycle or something like a circadian rhythm but an anxiety rhythm edit found this article after posting its super helpful and if i didnt put it here some of you may have missed it take a read right now its worth it
0,i saved picture after picture of him had tweet and instagram notifications on tracked where his live band was even looked up his house on zillow once i know i sound like a total stalker but i was just really obsessed and i regret everything i did now that im older and wiser anyway when i was i started writing fanfiction about him based on the very imaginative music videos he had starred in for his songs it wasnt about him specifically but rather alternate universe versions of him i ended up doing this very bizarre thing where i romantically paired up two alternate reality versions of himself long story but basically i crave the gay
0,okay so a bit of background me and my girlfriend are in our second year of college my subjects make a freshman though hehe and have been together for months i want to be an ambassador and she wants to go into marketing every day we spend time together there isnt a moment where the two of us dont end up talking about our future to be more specific we always end up talking extensively about marriage what to name our daughter how many golden retrievers to get and the like dont get me wrong i love her to bits and i enjoy talking to her about these things its just that im slightly worried that maybe she is in love with the idea of me and i with the idea of her
0,edit complete congrats to username ill pm you about shipping it was really hard to read all the replies i wish i could help more people my heard breaks for everyone that shared their story here having to select a winner felt like the most unethical thing who am i to weigh one persons suffrage against the other
0,you can read the full terms and instructions here xb url these mini grants are not intended to only be awarded to scientists or policy majors we want to receive applications from people who are artists community organizers you name it awards will be reviewed as they come in no waiting until march in case thats a concern
0,background paul and i met years ago on okcupid and hit it off right away at the time we were both in longterm open relationships with other people so we fell into a pretty quick routine that involved seeing each other once a week for a meal or drinks and sex the best of his life allegedly about months into itthe december before last he and his partner of years broke up which sent him into a bit of a depressionnaturally intense period of introspection independentlyfor unrelated reasons my own longterm relationship also came to an end paul and i saw each other less but kept in touch
0,then about minutes later i got a message from her saying that she was downstairs with annie and her friends predrinking so i came down i asked her how long she was down for and she said the whole time as annie was already downstairs i asked her why she didnt let me know everyone was downstairs already instead of just leaving me in my room by myself to which she replied dont worry about it its no big deal i said it seemed weird she just dint think to tell me for nearly half an hour to which she rolled her eyes and said oh dont you start i decided it wasnt worth getting annoyed about it and didnt bring it up again
0,so about a year and a half ago my best friend was apart of a somewhat controversial car accident in which he ended up getting convicted with a felony even though all the evidence pointed that he was not in the wrong this was a tough thing for him and his family to go through both financially and emotionally the case was finally settled about a month ago and things seemed to be looking up nights ago his younger brother ended up taking his own life this was completely devastating news to everyone that new him
0,i realized that maybe its better if we break up even though i love him so much and hes one of the most important people in my life its already hard enough to decide to break up with someone you love and its even harder when you cant do it because the person wont show up if we werent together for so long id probably wouldve just blocked him already and carry on but i dont want that i want to keep being friends
0,come up and live with us and shed leave me alone with him wasted out of his mind while she would be with her boyfriend who shes now married to eventually i moved back with my dad and everything was fine id call and talk to her and she sounded like she had her life together well then they broke up for a short period of time and she moved to live with her half siblings she would drink excessively and call me and cry about her life
0,hi guys i know not everyone believes in esoteric the soul spirit and all that shit but ive had a remote session last week and i feel like im starting to be whole little by little i recommend you guys read up on this take it with a grain of salt but never dismiss it right away my traumas now seem to have died down a bit and do not easily control my emotions and thinking let me know if anyone here has tried it
0,and im not a drug dealer or freaking anything like that im a something year old with no criminal record whatsoever so i figure the attack was accidental this happened about maybe almost months ago basically now i live with my mom and brother because the incident she helped take care of me fed me all after i left the hospital
0,about sean one thing that describes sean best is his huge thirst for new experiences and knowledge he would never sit still and was constantly trying to grow waking up at am to go for a run taking every opportunity to improve his spanish and learning new skills while volunteering a real nature lover his biggest hero is david attenborough and he would always serve us with the weirdest funfacts about nature he came across as the most positive guy embracing life with all its aspects and trying to take the most of it
0,no really guess this is the last time this is it fast forward she goes a little further this time and consults an attorney firm she always said money was problem and me being an idiot said i dknt care ill make a plan so that this evil doesnt have to be in our lives she calls me to say that the attorneys need for an eviction letter to him
0,as an aside it really kind of messes you up when the da calls and tells you that in less than a week your abuser will be putting in a final plea if youd like to attend please come for at least half a day to see what will happen so talked to my therapist about this and i had already told the da i want him to see jail time not just years of probation with state mandated drug treatment isnt this also really awful as now theyll just forever say it was because of their addiction and never take full responsibility for their own actions i digress i demanded that he gives me a face to face apology my therapist thinks it might be a bad idea as its been less than a year and she thinks he will only lie and tell me hes sorry because ive requested it
0,the survey may take between minutes to complete your responses to the survey items will be anonymous and kept confidential clicking the survey link below will take you to a page asking you to read through a consent form explaining the purpose of this research the content of the survey the type of questions you will be asked the amount of time it may take to complete the survey and the risks and benefits of your participation at the end of the form you can click agree to consent to the use of the answers you provide and to begin completing the survey thank you for your time and interest
0,she gave birth to a beautiful baby girl in nov her partner is yrs old and has had many bouts with the law when he met my friend he was on house arrestprobation for a previous charge they worked together and soon began dating my friend is a filipino woman and her partner is a jamaican man
0,yeah i saw i think he out to steal thats what i think keep an eye out man this place aint bad but you gotta watch yourself nods then i fell asleep and woke up to a stolen charger
0,by contributing to my fund you are investing in the future health of latinos immigrants and the us i promise to not let you down at columbia and i will continue breaking down barriers should you choose to donatesponsor if you cannot donate i ask that you please share my link and continue supporting students such as myself thank you for your support undocumentedandunafraid link url
0,tldr ghosted after over a month of talking to a guy met in hotel room made out but didnt have sex if he didnt want to cheat or chickened out at the last minute why would he carry on so long with me
0,it turns out they had been giving our grandparents a very idyllic picturesque idea of what life in the church was like and my grandmother hated herself for a long time for not knowing what the truth was even though theres no way she could have im now im college and in therapy my sister was younger than me and doesnt have quite as much baggage from it all i dont think she remembers as much or maybe she blocked more of it out another small mercy but she still has deep issues and acts out in really inappropriate ways ive found a measure of happiness edited for spelling and sentence structure
0,i have always told her that if theres anything she wants to know no matter how uncomfortable it may be that id tell her i the truth and in return that she would do the same i repeatedly gave warning that i didnt think it would help and that it was a bad idea she said she had to know and i told her that i would but she couldnt turn it into an issue because this all happened before i even knew her she agreed i understand people saying that i shouldve given her space when she asked for it but i am sorry that is bullshit
0,hi everyone were starting a company that will be operating in the selfhelp space put shortly we are developing a researchbased training program that educates users about the science of wellbeing and how to integrate the principles into their own lives we will be providing tools that are both educational and immediately actionable such as books youtube videos and webbased learning modules to make this effective we need some information about your perception of the selfhelp field prior knowledge of it and current approach to your own wellbeing
0,regardless that didnt last long maybe half a year i released that apartment and most of my belongings i kept a few boxes of my things from the military personal effects but little else looking back there were some signs of emotional manipulation here but it was subtle and you know how it is love is blind we got engaged it was quite the affair
0,as someone in there house is no longer going to be living with them as a mutual agreement i get along really well with some people in this agreed group and they are far more enthusiastic and keen than the others i mentioned above i discussed with this group prior to the free slot that it would be lovely to live with them if possible and now that they have a slot its actually possible since that happened i agreed to live take the slot with them having a house with them five of us total and i think its in my best interest as they are a tight friend group meaning communication to sort it out is easier and theyre more assertive four of them are also taking the same subject as me
0,you are being invited to participate in a research study for heather cornetts dissertation at texas womans university the purpose of the current study is to examine the role of selfadvocacy in those with a severe and persistent mental illness spmi and how it relates to selfstigma and life satisfaction the research is intended to supply the researcher with information about strategies that could improve life satisfaction in individuals diagnosed with an spmi completion time for the survey is approximately minutes participants are only allowed to participate once in the current study
0,i sat her down and told her that she is ruining her chances of having a relationship with my husband by how strong she is coming on i told her that she is pushing him away and making him uncomfortable she seemed to take that to heart but then days later said this is just who i am ive been working on ways to fix this it just isnt very successful i will take my mom to therapy with me when our schedules work tonight
0,the first six months i had her she lived in a cage that could have fit two rats the next year and a half she lived in a cage that could have fit four rats this is following the formula where you multiply the dimensions of the cage in inches and divide it by the result tells you how many rats you can comfortably have in one cage i loved buying her new toys and treats and seeing how she took them trying new foods on her was one of my favorite things to do the only issue is that i didnt really let her out of the cage much
0,hey i turned two weeks ago and this weekend i was booted from my parents house my uncle is nice enough to let me rent out one of his places but after rent and utilities and gas to get to work i dont have anything left over problem is the new place isnt furnished and i wasnt allowed to take anything from my house except my clothes so if anyone could help me get furniture for my new place id greatly appreciate it
0,at times he would get stalkerish and she would remove him from her contacts this would infuriate him and he would create an alternate character to threaten her saying how he is going to find her kill her and tell me about their relationship being scared my wife would add him back pretend to be friends only to repeat this cycle over several times over the next few years yes they somehow remained friends for years after this affair the next stab came when i was sent to an air force base for a month training for my job
0,when i left my buddys house i went to an organic farm where i volunteered for a little while out in nature where i could clear my head i really enjoyed it immensely but quickly realized i would not be able to get ahead or make a living for myself though i learned a lot of valuable skills that i can take with me along the way in this journey i came back after about a month to the dfw metroplex where i reside now with my dad step mom and siblings i stay in a humble shack in the backyard that we fixed up with a cot and ac and an extension cord because of my dad allowing me to stay i was able to get a job and am expecting my first paycheck on the th of september
0,this subreddit truly helped me during my toughest times with ptsd and i just wanted to share my gratitude you guys are so wise and so strong and so endlessly kind to each other im doing great now after years of struggling im finally at a place where i feel comfortable in my own skin sure i still got some issues but all in all life is balanced and peaceful
0,he finally lets me inside and we begin to talk hes drunk as always our schedules differ by a couple of hours so whenever i would get home at he was always drunk he is sat up against my counter calling me names and i smack his chest worst mistake of my life i never should have hit him and i fully believe that what you dish out is what you get
0,i am writing a novel based on my experience in an abusive relationship with my ex boyfriend however its not a precise retelling partially for my safety but also because i want to tell not just my story but others stories as well part of what makes good writing is having small specific details and the little stories that make up the novel as a whole this is why i was hoping that if you are interested you could send me stories of your experiences in an abusive relationship whatever detail you choose to send it doesnt have to be anything epic and grand it could be the smallest segment that you hold significance to if you have any questions about what im looking for let me know though im really looking for anything
0,as we put mud on ourselves and some kids having fear in their eyes the admins then coax a volunteer to get on his knees and pray to the dead adults covered in the tarp he was adamant at first but then the kid broke down crying he cried about his dead mother how he regretted not loving her enough all of the other kids didnt know whether to cry with him or look on in horror at the situation
0,do you find this normal they have a good relationship main problem i have is she will see her mom in a jail jumpsuit she will see other inmates and women behind bars the guards could be intimidating is that ok for a year old to see actually my daughter does not seem scared but instead seems excited and enthusiastic to visit this is strange to me
0,we had signed up for the boat ride something she was extremely excited about but the lines got a little backed up and the time got pushed back an hour had passed of us at the event and we were scheduled to go on the boat ride in about minutes however since that hour had passed her boyfriend refused to stay any longer and made both of them go home even though she really wanted to go on the boat these are some of the bigger events that have pissed me off however they have the same fight everyday regarding their differing values and her wanting to do thingslive her life and him refusing to make any sort of sacrifice or compromise to do that with her resulting in her just settling to the situation since graduation he accepted that crappy job and moved across the country taking her with him
0,my mom f has catered to his every need since marriage and although she complains about it constantly she still goes along with it although he uses his anger to attempt to show others hes the boss and can order them around i believe hes a weak coward inside who loses all control when he becomes afraid or upset ill provide examples below there are some events concerning him that have occurred throughout my life that have caused me to come to resent him and my mom too sort of from as far back as i can remember to this day although its much less now my parents have had screaming matches my dads face turning red and spit flying as he yells and often curses at the top of his lungs to my mom and her crying and screaming back
0,sports teams mostly and some tv shows he also enjoys a wide range of video games the problem is that i really truly dont have anything in common with him i dont know shit about sports im not really much of a tvwatcher and im not a huge gamer at all i have some favorite shows but none of them are really that similar to those that jack likes
0,also to answer the million dollar question everyone has how does this happen to someone who outearns her abuser by a factor of i wish people talked more about the other side of financial abuse we hear all about the men who financially abuse their partners by prohibiting them from having a job or denying them access to bank accounts and that sort of thing theres also the side where they monitor every account and become completely terrifying if their higher earning partner so much as buys one cup of coffee that they didnt approve of they spend all her money on random crap that they can pass off as household expenses
0,name
0,she has dollars in her pocket she did graduate from high school she has stayed with different friends for the last year but has used up her welcome she has no where else to turn what is her best possible move to do in this situation
0,he abused his ex girlfriends as well i left him last june after he tried to kill me after being released from a one week sentence for dv that incident landed me in the hospital though it wasnt the worst incident of abuse but that night i had a wave of courage for two seconds and told the staff what really happened he was arrested and has been in jail ever since
0,they will see that someone else is willing to do all the work for them once you try to lead the way youll never stop because they will never take over for you they will watch you do more more for them until you are living your life completely for them once you live for them you become just like them you will be completely controlled by them not feeling comfortable being yourself
0,i will go homeless soon for reasons i cant stop i roughly have in cash and around in possessions such as my pc second pc headphones etc etc etc what should be the first thing i do aside from finding a job i get the idea of going to a hr gym and renting a storage unit if i want to store belongings aside from that is there anything you guys can recommend xb edit thank you for all your help it has given me an idea of what i have to do
0,just a quick update my friend has had to be rushed to hospital as she is experiencing ruptured ovaries she will need assistance urgently as she will have to stay somewhere and recover while trying to take care of her dog id really appreciate any help on this thanks my friend amanda moved to north carolina for a great job with her doggy
0,i truly hope it finds its way in the hands of the ones most in need it is available on amazon for only and i also have a countdown deal event coming up next month july when you can purchase it for only here is the link to it url i also produced a trailerteaser for it if youd like to check it out url
0,i wont have to make that decision to either shut up and let him have his way or or risk my safety and the safety of my family im not bound to him anymore but that doesnt mean that i dont panic at the end of each day in the split second that i think its going to happen again im an adult now not a child that was groomed and broken like a horse ill never again have to ask can we stop now please and get a no ill never have to ask if im allowed to put on my clothes and leave
0,url storys in the link if interested all i will say here thanks for reading and considering and if theres anything i can do to make this more comfortable on you answer questions try to clear up any confusion etc ill do the best i can one thing i will say also i know for the food issue that the food pantrybank subreddits exist and will try them if i have to its just that im trying to put that off for a little if i can
0,an interesting fact i once heard was that some people die out in the desert with water still in the bottle these people would try and conserve their water supply but would end up dehydrating themselves in the process laughable over a few shots of whiskey but an important note at that i drink nearly all i have and only saving a little to keep the mouth moist after a smoke and i find that by doing so i stay hydrated never feeling like crap because the water hadnt finished absorbing into my system remember that folks when i finished watching the trains i found a place with a plug and wifi to jam out to music
0,feel free to delete or disregard if this isnt in the right sub i saw a guy for months having sex a couple times a week but not just that hanging out and being friends too in december he asked me what we were i knew that this was something we should talk about and so we sat down and talked it out
0,hi all i run a general mental health peer support chatroom on discord for people at over members we still maintain a close communityoriented atmosphere with rules in place and moderators present at all times most diagnoses except those relating to the endangerment of children are welcome this is a first person group so you need to be the person with a disorder to participate
0,if you withhold financial information from this type of abuser they will get it out of you somehow trust me it isnt pretty i withheld my credit card numbers for a year and i paid every day for it anyway im totally ranting at this point but it was seriously amazing to find one person in this entire world who actually confirmed that what i experienced in trying to access help was real
0,i just saw mystic river and went online to look at comments and all and i couldnt believe what i saw if you have seen the film people claim that where tim robbins characters faith went to was bound to happen because of his childhood assault why cant movies represent people who have survived childhood sexual assault as strong forrest gump jenny becomes a drug addict and is a mess kiss kiss bang bang the girl dies mysterious skin becomes a male prostitute is that really how society sees us
0,my brother adopted me and enrolled me in the school his wife taught at they had a family of their own and i was never treated the same as their children my future friends referred to them as the dursleys i was a few years older than their oldest kid so i attribute their shitty parenting to not knowing how to raise a kid my age at that point yet because they were much kinder to their kids when they reached my age they were also quite religious
0,long story short my housemates sister and i are super interested in each other and i wanted to surprise her with a gift for a very belated christmas for when i get back home weve known each other about a year and weve been on one pretty damn romantic midnight tour of dubai as a date i know she is interested because she made the first move in any case both of us are into books and i wanted to give her a favourite of mine paul beattys the sellout with the inscription to x i can only hope this book makes you laugh half as much as you make me
0,i went to therapy today after my therapist returned from her three week vacation she is great but i had an experience that i am not sure about at one point we were discussing my relationship with my worker from what she said after she is worried i do not trust him and is worried that i therefore do not trust her but how she phrased this thought was with the question are you trustworthy
0,i have been able to catch up a little bit on my rent that was behind with my income tax return but i am still striving to catch up completely while i try to find part time work that i can perform i am unable to work gainfully and i was denied social security disability on the first two levels and have on filed for a hearing before a administrative law judge this is not expected to happen for over a year as the system is back logged and understaffed in when i was i was diagnosed with multiple sclerosis multiple sclerosis a chronic typically progressive disease involving damage to the sheaths of nerve cells in the brain and spinal cord whose symptoms may include numbness impairment of speech and of muscular coordination blurred vision and severe fatigue
0,one anxiety free day i feel like i could live off that high for the rest of my life not starting my day off trying to catch my breath not having to plan out every single minute of my day as to avoid discomfort or even panic not standing in the middle of a locker room getting ready to cry because you saw a lock on the locker you use every time youre at the gym
0,im new to living in my car very limited access to cooking and cant afford ice the basis of my diet is whole wheat bread i eat it with peanut butter and honeyjam canned tuna and vegetablebeanlentil soups i often eat canned peaches mandarin oranges green beans corn and whitepinto beans
0,the weird feeling hasnt gone away but i feel slightly better because i can donate stuff to a kid completely unknown to me his family is having financial struggles my furniture will go to people dealing with abuse most probable and i guess my clothes will too theres the weird feeling again anyway thanks for reading and i apologize if im posting something thats not allowed
0,im not sure if this makes a difference but my mom also had it for a while when my dad died so im not sure if that has any effect on me or not i was just wondering if anybody out there could confirm or deny that this is ptsd even with the pretty limited information ive provided even though its not really serious i would still like to know thanks in advance and feel free to ask questions if you have any jimmyjuicebox
0,his mom came he freaked out and got angry he almost slammed the door on his moms headhand and i freaked out and pushed him away from the door he got angry that i assaulted him and threatened to take me to court his mom freaked out over the condition he was in she ended up taking him to the er so we could see if he could set up an appointment and get medication on spot we never dealt with something like this and didnt know the procedure
0,theyre all things i enjoy doing and dont see as being that big of a deal but she seems to perceive them as grand gestures she regularly says that she doesnt deserve someone as perfect as me which yes she does shes amazing and also im not even that great just moderately thoughtful and has also said that because of past experiences i have trouble liking people who i know like me i guess its more rewarding to feel like ive earned the validation in short it seems like because of her past relationships she kind of has an unhealthy mentality around earning affection and definitely has some sort of commitment issues apparently her last ex said that he didnt really love her for the last year of their relationship but was too afraid of hurting her to break up with her all of this makes me ambivalent about broaching the topic of a committed relationship with her because i dont know how shell react but at this point weve both admitted were falling for each other
0,i am but i have many years ahead of me still to go as always any questions please ask away share your experiences or even just give some information on how you cope i hope you enjoyed reading this as morbid as it sounds but this was the hardest to write a step forward to finally making it public i have quite a few things going on for the next couple of weeks so will be taking a break from writing expect the next part around the th
0,its something that i continually come back to when i am thinking about my anxiety and how it manifests lately i have found some consistent stability with zoloft and therapy long story short after about half a year of being unemployed due to panic attacks at work causing me to be miserable i am weeks back into a new job in a different field on an ssri and feeling more or less great as a result ive had some more time to focus on what actually triggers my anxiety rather than fighting off daily bouts of throwing up from panic sometimes its reading about politics other times its ruminating over a perceived medical issue or something big i need to do at work or in the near future
0,if you would like to donate please go to url my fundraising goal is high and i am struggling to reach it so donations would be very much appreciated you can also see what i have done so far to collect money if you click the link any donations are welcome no matter how big or small it would also be greatly appreciated if you could share this
0,i really need help my boyfriend and i started dating march of and we had been friends for a couple years before that for the first months of our relationship we were inseparable we sleep in the same bed almost every night though we are not moved in together this comes into play later we made each other very happy and there was very minimal tension
0,but i noticed recently that my sleeping problems might have a reason i first thought its just something physical the lack of iron in my blood or something never thought it would be something this deep this post isnt especially for discussions i just really wanted to post my story of course you can comment i would love to discuss some stuff with you guys thank you for reading
0,i wont go into too much detail but what stems off of that is thoughts of being and feeling worthless like im not good enough for anyone and that im undeserving of the good things given to me but then another thought stems off of that one which would be something along the lines of me thinking how stupid i was acting and then another thought after that and so on another little thing id like to add is that that i seriously struggle seeing my own self worth and how much i mean to my friends and family who are all amazing by the way i love them all so much eventually on fairly rare occasions those thoughts tend to lead to depression paranoia that people around me hate me and dont want anything to do with me dissociation with reality and then finally the rock bottom of that would be thoughts of suicide though ive never acted out on these thoughts or would ever want to and the occasional anxiety attack where i feel nauseous my heart beats really fast my limbs feel like jelly heavy breathing i feel panicked and i just want to get out of the situation as quickly as possible other than that though im quite optimistic and i tend to be a genuinely upbeat and happy person im seeing someone about these problems but i just thought id ask if anyone has any extra advice they could give if things start to get a bit out of control
0,living with her parents has since become untenable her parents have taken her car which is not under her name and are kicking her out of the house she needs both a shortterm plan to do minimal damage to her current career and academics as well as a long term one to find an apartment or suitable living space at this time i do not believe she has any existent options for roommates what resources can she call upon to help her
0,the warmth of the sun encapsulates you and you welcome it and feel it energizing you youre so tired you want to stop swimming when youre close enough you can see the blue sky its image wavering back and forth at the surface of the water you feel it you see it you want it and you think you can finally have it
0,i want to sit down and have a talk with my gf but i dont want to roll in unprepared should i even be attempting to have this talk if so are there any books or reading materials i can go over to help back my case up tldr looking for ways to talk to my gf about her daughters spoiled behavior
0,its been about a year and a half since the event that set my mental health for a loop after going to group counseling for months with no improvement i decided to seek out an individual therapist i didnt get one until a almost year after the event itself now finally months later ive been able to see a psychiatrist who officially diagnosed me with generalized anxiety disorder depression and ptsd i decided to get a workbook and my therapist and i are going to start the long journey of getting through my ptsd
0,so thank you my day got better i am on medicine so i took my alprazolam and went to a store to try and find a dress for an upcoming wedding party no luck dressing room lady was rude as hell but for the first time i didnt really put up with it
0,it didnt seem innocent it looked like hed seen something like that before and wanted someone to try it on my parents were more strict and didnt let me watch much things with violence etc and his were more lax so maybe that was a factor also he was the golden child in my extended family charming comedic artistic he got a pass a lot
0,for the first time i put my hardwon progressmy mental healthmyself first ahead of my mom for her birthday in a couple of weeks my mom isnt the primary problem her second husband is he is my abuser im going home for her birthday something i havent done in years
0,she tells everyone who comes over that i must have given birth to the cat and that im way too paranoid its just a cat then her granddaughter was playing on her ipad and it was super loud i gave her a pair of my headphones and told her that she could keep them downstairs but that she couldnt take them to her moms house because i know ill never see them again then she called me an indian giver and i asked if i should just give them to her and she said i dont know do what you want i guess her granddaughter was playing loudly with a balloon and asked me if i wanted to play with her and i said not right now then the landlord was like i thought you liked kids
0,i got a fair amount of interest on facebook though og course a lot of people didnt follow through one lady f s or early s liked my post and sent a friend request i accepted even though i dont know her because i thought she might be interested in the team it turns out she is very well connected in the horse word here and knows a lot of people i know and seems very popular well fast forward to now and this woman has posted all over about her starting an adult drill team her team is within minutes of where my drill team would be and so all the people who were interested in mine seem to have gone to hers i think because shes a connected horse person here
0,what do you think would happen if you invited an individual with mental health issues who had been homeless for many years to move directly from the street into housing loyd pendleton shares how he went from skeptic to believer in the housing first approach to homelessness providing the displaced with shortterm assistance to find permanent housing quickly and without conditions and how it led to a percent reduction in chronic homelessness over a tenyear period in utah url
0,realistically because of geographic lockdown needed pay grade etc its going to take a good year for me to switch i need a way to maintain until i can get out a couple of years ago when it started getting bad i coped by drinking a lot more and being a couch potato but thats bad for me and my family not working so ive stopped i went on a two week business trip
0,i am years old suffered from anxiety for about years or so anxiety used to stop me from being able to leave the house unless with my parents or boyfriend i was bullied a lot and i didnt attend school much and didnt take my gcses because of this i was cured in late early by my therapist i had received help from a therapist once before but it wasnt helpful to me
0,first and foremost i am not a veteran i found out about ptsd service dogs from my good friend who also suffers from ptsd and is in the process of training her pup to be a service dog i have found some helpful resources online giving information about service dogs for ptsd but most of them seem to be geared toward either therapy dogs or ptsd dogs only for veterans url are all trainings this expensive url awesome article but this website is also for veterans
0,i clearly hold it to such high regards i would think no ones this stupid but apparently people are if anyone is wondering why i didnt ignore it i thought i wasnt being clear in what i was saying and thought if i just bluntly told it it would understand and go away when i kept saying it wasnt listening for some reason i believed i wasnt communicating clearly or i was being too nice by hinting at it turns out abusers do this thing where they deliberately dont listen to people calling them out
0,most diagnoses except those relating to the endangerment of children are welcome this is a first person group so you need to be the person with a disorder to participate to join visit our site or check out our instagram url we believe we are stronger together which is why peer support is so helpful and important care when you need it care for others when you can zen
0,okay yall first and foremost this is gonna be a long one and i apologize for that im looking for advice information help honestly anything so lets start at the beginning for years ive been working a fulltime hourly job i was only getting paid minimum wage however it was more then i had ever really made before and i was able to put money away i felt secure enough to get a few credit cards that i used gently got a adult phone line tmobile and was content with life
0,years ago when i was happened thats the day everything changed for me my mom was a first responder she was a social worker in the city and volunteered with the red cross the next day she spent months at ground zero some of my earliest memories are of the towers falling
0,once i saw the light saw that i didnt even know myself anymore i shut everything down now maybe it doesnt seem like all sociopaths are this way but they are if you let them have the strength to say no have the strength to be you
0,i eventually came to accept what i went through by realising that i did nothing to deserve it hes just a bastard however he got married again to a woman hes been with for a few years last week and now has a new family they seem genuinely happy and from what i know he isnt abusing them i should be happy for them as it means he might have finally sorted himself out but i cant help but think that hes the same person he was and i actually did deserve it i know its not rational for me to think that but i cant help it
0,i do take a bath with febreze and alsobtake care of my teeth with toothbrush toothpaste floss and mouth wash as for food i go to the dollar tree or any other store and only buy items like chips canned goods with an opener big bags of popcorn etc and keep a lot of shopping bags to be used for trash bags for drinks luckily for me theres a soda machine beside the store i also sign up for points cards cause they are very important for me to use later on when i clean i go nearby one of those vaccum stations take the trash out vacuum the mess i made and spay febreze everywhere
0,is it a true event that happened have i made it up somehow could a child make this up am i overreacting about this all i have had a great youth and the sweetest family and friends nothing ever went wrong or something
0,all the sudden all the hate turned against me again happened often before she yelled out whining for her dad who she called i stayed calm but was totally clueless about what to do she started breaking up with me telling me that she will spent the night at a hotel or somewhere on the street i shouldnt come visit her at the hospital next week blackmailing me basically
0,im fine or so i thought all my issues with anger alcohol abuse frequent bouts of depression difficulties focusing or concentrating at work i attributed to my bipolar disorder and that was all i worked on ive tried so many different types of medications and combinations thereof more than for sure and even underwent electroconvulsive therapy but nothing helped it was not until this past summer that i thought to try therapy something i had actively avoided i didnt think that talking about anything would affect my bipolar disorder and i really didnt want to talk about my trauma
0,one of the couples i know is made up of cancer survivors the male had cancer as a child thankfully beat it but developed ptsd from the experience the female has had different battles with cancer brain and breast beat them both but suffers from significant developmental issues including cognitive delay and balance issues they represent polar opposites on the spectrum of how cancer survivors can view the world one feeling positive about having survived so much the other being angry with the world that it happened in the first place thats neither here nor there ill stop for a moment to explain that im not one of those that feels ptsd isnt a real condition i grew up in an abusive home for years and it wasnt until my mid s that i began come to terms with how subtly that had affected me over the years
0,i turned shortly after meeting him he started out so kind and loving and then it just turned it turned from compliments into me not being able to wear certain things say certain things do certain things i was barely allowed to be online no longer able to post anything relating to the music i used to create before him
0,you must own an iphone or ipod touch th generation in order to participate and you can earn up to for completing the study if you are eligible you will be asked to download an ios app called reps you will also complete several online survey
0,i was very excited to go back to live in the street but that meant abandoning my girlfriend wich i had fallen in love with deeply in love she was a university graduate came from an outstanding family she learned to play the piano and dance ballet at a very young age you see the type but nonetheless she liked me and i liked her
0,anyway i quit my antidepressants several months ago because i am in a good place now and i can survive without them i just find that thoughts like this are still very present and can be very difficult to deal with i never do apologize on facebook tldr i want to apologize on facebook for not being normal and being awkward af
0,for a bit of background our relationship isnt perfect were different people for example im a very liberal individual feminist at heart not very sportsy he however is more moderate has much older parents and is more moderate in terms of gender roles and very sportsy overall though our differences dont really bother me
0,the vet went ahead and removed it but the cost was over she has a gofundme to try to raise some bucks to pay for the surgery so i thought id post it here to see if anyone could help danika is the direct beneficiary and every dime will be going to her directly not through any middlemen here is the gofundme link url thanks again everyone any little bit helps
0,im definitely keeping the child we dont own our house so will just go our separate ways im totally open to him being part of the childs life if he wants i know he would be a good dad despite him turning out to be a terrible husband thanks for the advice guys
0,maybe a couple more days will get me back to normal definitely quitting the alcohol its an obvious trigger but yeah just wanted to ask his thread on your thoughts thanks
0,i dont live in the country anymore she thinks no one will help her and has a hard time trusting people she doesnt want to go to a shelter i at least gave her the number for a bilingual support person from the ywca my mom also wants my dad to pay for my graduate school degree
0,ive been through sooo much for so long ive worked so hard to overcome my addictions and have been sober since march i finally quit porn a little over years ago right before i got together with a woman who became my wife shes sober too im a junior in college majoring in psychology with a concentration in addictive studies i lost lbs
0,well ive been on an antidepressant now and i definitely feel less depressed and motivated but my anxiety has gotten slightly worse i explained all my symptoms to the dr i saw today and expressed my concerns to her about taking benzos every day family history of addiction and i find myself to have a very obsessive personality and she totally agreed with me and said i probably have gad along with the depression she added an antiseizure med as a mood stabilizer and told me that should hopefully level out how i am feeling and take care of the anxiety that is probably being brought on by the antidepressant i am so happy that a dr actually listened to me
0,we have tried all section facilities in the north texas area and all have told us theres a year waiting list i understand theres vouchers and low income housing programs too but was also informed these low income houses still require proof of an income to be sure that the tenant can pay rent and cs doesnt count as that income im looking for any loopholes in the system or any programs in place that could help with this if anyone has any information or insight that would be truly appreciated thanks reddit
0,i was in a relationship so i didnt really let it go anywhere but hell it was a new experience for me and i liked being liked fast forward half a year to my breakup she had moved to a different job but we bumped into each other in walmart if all places we hit it off and it wasnt long before a date turned into two then more i moved in with her but maintained a separate apartment for a few months at her request her family was very judgemental about living in sin
0,i was abusive and my mother was scared for her life this started at a very young age the first time i remember her telling everyone she was scared i would kill her i was about i had only raised my voice in protest because i was being severely punished for days for lying me and my sisters relationship has been strained most of my life but recently she had been opening up to me about the neglect and some fat shaming she experienced as a child
0,a guy pulls up and said the cops are on the way he gives me a ride and we just get out of the parking lot when cops are all over bugging everyoneespecially the homeless and kids skating and stuff we saw a few people getting arrested but just cops messing with people good things came out of all this i didnt get busted and i made a new friend who got me lunch and wants to see me
0,i a minor male am posting onto this subreddit because my girlfriends a minor female family has gone through a breakup and an unwanted reuniting of sorts well call my girlfriend linda lindas immediate family consists of her mother her grandmother and her sister the most notable interaction that the father bill had with the family was drunkenly banging on lindas mothers window early in the morning bill walked out for reasons unknown to me about years ago after the birth of linda
0,i was dealing with depression for months feeling like id failed life at and quit my job to finish off my college education and thats where we met we were in the same class and used to stare at each other all day long so i followed her on instagram and noticed she was going to a club in my town that night so convinced my friend to come out as i really needed to bump into this girl and give it a shot so we did when i walked in she was there it was crazy we locked eyes and without saying much she walked up and just started kissing me we were guy and girl from that moment we did so much stuff together like holidays then she even moved into my parents place
0,the truth that sometimes there is nothing more you can do but mitigate the symptoms of your ptsd that psychotherapy dbt cbt and all manner of psychological sciences have limits that many people do not respond to treatment that medication is not a cureall that scientists neither really understand what neurological mechanisms which cause ptsd nor how the medications they use to treat it work
0,im so grateful to this sub it was really amazing to see that i wasnt alone in this reading others struggles and accomplishments inspired me beyond belief so i hope that if youre reading this you can find your own inspiration thank you for listening to me babble i wish you all luck on your journey
0,you try harder to focus on the screen when another turns on the screen is large enough that you can clearly make out that it is most definitely a memory the more you focus the more screens turn on all showing the same memory the last screen is so clear the picture so perfect that its almost like you are there as you watch you realize that you arent watching anymore you are in the memory again
0,she keeps using the phrase right now whenever i ask her about us she says right now no but in the future who knows i decided to put no contact measures into place as i could not give her what she wants while staying in contact with her as much as it pained me to stop talking to her i know that i need to do this for her as well as for myself when this happened she was bawling over the phone but she never questioned it
0,kates father was just an angel all day long we were planning to finally start sleeping at the house again evening comes we all go home and he puts on some crime drama marathon its a little too loud so kate asks him if he minds turning it down he does sofor about five minutes until shes out of the room again and then he turns it up louder than it was previously
0,that youre super grateful that youre alive and want to share what you have with everyone or that you dont feel like you were one of the lucky ones its probably something she just stuffed who knows but again is my sister a survivor of or a victim i think she was missed in count of the walking wounded until today
0,he wasnt ambitious or motivated anymore he was sad depressed always pessimistic and never really doing any work i ended up not only doing all development work but also our social pr and leg work as well here in nyc making relationships this lead him to feel more left out i am assuming many times he has decided to hinder the business due to reasons related to what i mentioned for instance one time we were creating an ad for a campaign we were running for the app
0,even presentday situations where they are receiving love from a safe person can trigger the awareness and subsequent grief of knowing how unloved they were by comparison anxiety and depression are considered commonplace but i suspect many of those who consider themselves anxious or depressed are actually experiencing the fallout of trauma most therapists are not well trained to handle trauma especially the complex kind that stems from prolonged exposure to abuse unless they are specially certified they might have had a few hours in graduate school on cluster b personality disorders and even fewer hours on helping their survivors many survivors of complex trauma are often misdiagnosed as having borderline personality disorder bpd or bipolar disorder
0,friends pets family if you have that kind of support community resources whatever it takes dont be afraid to ask above all dont quit you deserve better you deserve to survive you deserve help and you deserve to be treated with dignity and respect about three days ago my friend thought of adding my go fund me campaign to reddit and so she very generously put it in the go fund me subreddit i cant thank her enough she is beyond awesome
0,stage would be perfect i know thats selfdestructive thinking i know im supposed to be present current not wallowing in my pain and sorrow i know im supposed to focus on healthy thinking and growth i know that im supposed to find joy now and i really do try im not sure theres such a thing as joy absent my children it may be a fools errand
0,it takes them three weeks to call me im currently working am to pm with a minute lunch that is not at a set time we spend about weeks playing voicemail tag but never getting to speak i get a call from my gps office stating that the o place reported i had said i didnt want the machine because it was too expensive i told my gp that i hadnt even gotten prices out of them yet
0,not entirely sure if this really belongs here but here it goes i yo f have been diagnosed with ptsd due to many traumatic instances in my childhood including emotionalpsychological abuse physical abuse sexual abuse bullying etc i have the best so anyone could ever ask for he is extremely patient and understanding his dad on the other hand is a very complicated person ill call him p when i first met p he seemed pretty shy but very nice he is generous likes to offer gifts etc to people around him
0,i started my seizure while on the stairs and as a result was pretty badly injured i broke my ankle and injured my knee i also required stitches in my face let me make this very clear i recognize that this experience must have been terrifying for tom i understand how frightening and anxiety provoking and even traumatizing this was for him
0,please do not hate him yes he took her side so many times you can say that he should have seen the signs or whatever but honestly no he couldnt have he worked hours a day in las vegas heat that is no fucking joke of a day to support his household she would make sure i was tucked in bed by the time he got home and what little chances i got to see him he would have already heard from her i was horrible some way or another and have the impression i was trying to lie
0,i just tried taking a nap in my bed today ive been sleeping on the couch since march i had dreams of stuff he did to me in that bed good memories that were ruined when he stopped hiding his temper when i became the outlet to his anger yesterday i also got choked in my selfdefense class practically the same way he choked me
0,am a married yo father of one about two years ago i left my job to start a business with a childhood friend of mine and his brother it ended horribly with them taking out the funds for the company from a joint account and leaving me penniless as a result i moved with my family into my mothers home to get back on my feet my relationship with her has never been good but it was the only option at the time so i ground my teeth and did the best to make it work
0,he laughed a loudly with a couple of people but to my surprise many of the others stayed silent i have faith young fool im going to heaven john for god so loved the worl i know but jesus said what is our faith without good works more awkward silence while he still stood close to my face so i turned away i found out much later that he was kicked out of the food place for being disrespectful to a pastor that came to preach
0,nbsp this piece of art ive used is a perfect example of how having solid boundaries can help me weather any storm i know im going to get kicked i know im going to be in pain but i also see the beauty in between the clouds this is a painting i did freezing in the hail and storm on the rocks of alloutte lake the waves crashed the mist covered the mountains but every now and then brilliant colour would flash
0,essentially they had a few speakers which ran from people in the organization to the mayor and state representatives then they had a short film about the director who was retiring and essentially how she transformed this small barely funded group into an amazingly helpful and essential part of the community it was without exaggeration insanely inspiring they then went on to have a slide show with pictures of some of the survivors their pictures would appear as the individual told an abridged version of their story and how this organization helped them
0,context my fatherinlaw iswas the ultimate handyman he could do practically everything round the house he undertook a massive project to essentially redo the entire house by himself at the time of this post it has been years on going and had faced innumerous delays the biggest restrictions was of course money my fatherinlaw refused to get any contractors in the belief they were too expensive and wouldnt do the job to the standard he wanted he also sourced all the materials from back yard sales and contacts
0,we spoke of buddhism and karma and about how everything is connected turns out everything is related my grandmother was a bitch to my mother my mother was a bitch to me i had to act out in a way or another the perpetrator the victim and the rescuer interchange positions ive been told i show symptoms of bpd adhd but i havent been diagnosed clinically
0,i will always make strides to be there for others to life my life if not to spite the voice behind my anxiety and take care of myself i hope others struggling in this thread know that what is going on in your life is temporaryit will pass how do you know ive been at lower points in my life making risky decisions drinking to drown out my sadness and not wanting to take care of me but you need to take responsibility in making the shift in your life to make it better
0,throwaway because my normal account is a common username for me anyway ive been in a lesbian relationship for near years the first was long distance but then i moved from ny to tx to be with her everything was generally okay until we moved into a new apartment back in december it isnt the best but its a roof over our heads and its relatively cheap
0,i am the person you go to to get stuff done or if you want the right advice i run marathons kill it at the gym learn languages and study for degrees in my spare time my finances are in scrupulous shape i am a top quartile parent and spouse im comfortable or at least not visibly uncomfortable in any company
0,so i met this guy about months ago at a meetup group we used to go out for drinks every other weekend and hed always come on to me we ended up hooking up a few times when drunk and became sortof friends w benefits it was the first time id done anything like that but he seemed like a natural flirter but after a while some personal stuff got in the way of his life and he took a break from the drinkingpartying etc
0,she was seventeen and they met in a hospital he was in the drug rehab she was in the mental hospital she was and he technically kidnapped her running across the country she immediately got pregnant with me and he married her at which point the law washed their hands of the matter i was born premature months and weeks which in was very dangerous i spent months in an incubator and had heart surgery but lived and have not had health problems
0,ps i forgot to mention and i dont know where to put this back so here it goes her parents have big houses i live in a room small apartment one of her brothers lived in the nd house of her parents and left last year so we where fixing it it was a completely mess we had to spend a lot of money to make it habitable we were planing to move before christmas but i put all on hold for her thesis so she could focus on that she said plenty of times that my apartment was a big issue for her because it was so small and that when we moved to her parents nd house we would have a great improvement in our relationship and our life
0,i really liked this guy he was super funny and easy to talk to and he seemed really trustworthy to me he told me he had been keeping an eye on me since he saw pedo talking to me a lot and hanging around me a lot he told me that two other girls around my age had worked with him before me but not at the same time both girls had quit a couple of months into their jobs even though they were doing well seemed happy and very much liked their positions he told me that both girls had complained a few times to him that pedo had grown very attached to them and made them feel very uncomfortable but didnt know what to do because he was their boss
0,sometimes one a week on the weekend this worked greated until late june she started to cancel my visits to see her asking if i was mad when i constantly told her i supported everything she needed to do to succeed
0,has anyone else tried exercising regularly to help with anxiety its been quite a while since i exercised regularly havent really done it since my anxiety started ive been riding my bike every day for the last week or so and have noticed that its helped quite a bit havent had any panic attacks some very mild anxiety yesterday that passed within an hour or so but thats been about it
0,i am lazy this i can attest to she brings up the christmas tree and how we havent taken it down yet i just stand in silence from her barrage then take a bite of my sandwich i start to take off ornaments and lay them aside she starts to rummage around and escalate and point out things that we havent done getting progressively louder
0,but he doesnt ask either when i do open up all i can think is hes probably bored and wishing ill stop talking or he hasnt contributed to this conversation once why dont i just talk to a wall i know he cares he really does he has voiced his frustration that he cant relate and that i struggle
0,secondly after years of countless meds and as many strains of dank as you can think of i finally discovered my cure to anxiety ive heard handfuls of people say music helps but thats never been that case for me until tonight i started listening to kid cudi during an anxiety attack ive been listening to him for a long time but never during an episode i discovered his music helps me significantly more than any meds ive ever tried
0,and we end up spending an indefinitely long period of time together that just never seems like it will end i would really like to be able to hang out with her like cook dinner or go to a bar or watch a movie for example and then just both go back to our individual homes and do our own thing but that seems impossible i guess im really if it is necessary to constantly physically be with a so for a healthy relatioship to flourish am i being unreasonable inconsiderate in my desire to be alone
0,i matched with a girl who i thought was pretty on a dating app i said hi first and she replied we went on to introduce ourselves and ask basic questions such as what we do whats our favorite food music and things like that then we decided to meet up in real life i forgot whether it was me or her who suggested that we meet up
0,you will have been given a chunk of life experience most people will never get hold of you will have emotional superstrength things that throw others completely off balance wont even phase you tasks you previous had no courage for may now be a bit easier you might soon find yourself being looked up to more than before
0,theyd be punished for playing for not using the bathroom when she wanted them to for looking at her even id get punished for playing with them too or for letting them use the restroom when they asked she would keep them in their crates for hours sometimes the whole day if they were too bad they didnt get fed once i remember my dog went three days without dinner
0,two of my best friends for the last years are drifting away from me i got diagnosed with ptsd year ago and back then they were very supportive but in the last months in fact almost ever since early retirement funded by the government got on the table they havnt contacted me that much normally we write through email but its been around months since i last got an email from them yesterday i took initiative and wrote them both cc
0,the worst hes ever done is yell he does not seek out confrontation and he certainly doesnt threaten people thats not to say he couldnt hold his own in a fight my uncle apparently got the message and started crying and begged for forgiveness my dad told him that he believes he could eventually forgive him but that doesnt mean he would have anything to do with him
0,i would never think of having a talk like that with my ex and not telling my gf it seems to be lying by omission in a relationship where we agreed there would be no secrets should i confront her suggestions on how to broach this
0,next morn i did a lot thinking about god and praying and thanking him for blessing me with such a thing called planet fitness and subway made my way back to my part of town and chilled out till daylight fin sorry for getting rushy ive currently been walking for hours and i gotta get moving again soon so i dont decide to make a place to sleep
0,sharing home helping to watch one anothers children as best as the can get their work schedules to mesh has anyone ever seen a homeless family coop which works in any way similar to that i will be a single father married but my wife wont be allowed into the country untill i make enough income and am tying to strategize the best approach thanks
0,i dont want to lose the girl of my dreams tldr amazing relationship weed addiction ruined relationship canhow i make her fall in love with me again any other opinions
0,thought if its not going to listen to me talk ill send an easy to read article they literally listed the differences in bullet points and a video still ignored it ive also adopted the elevens no second chances policy from doctor who later in the night i sent a text that basically said told it to be more supportive and actively listen communication bitch or i cant continue to be around it i went to sleep and woke up to it saying fine i guess well see other people then
0,my sister told me yesterday that my dad violently abused her as a child she also said that my dad was about to punch me in me the face when i was years old and she was and she rescued me my mum stood by and did nothing for some reason i dont remember my sister was an angry kid and she said her experiences sent her into a depression for about ten years
0,back in november of my junior year of college i was a hermit socially but had many great and supportive friends funnily enough were women however i was lonely as hell had never dated and it was driving me mad and depressing me i didnt let it show though except to one or two friends who knew me very well in the month of november i started hanging out with an organic chemistry study group two particular women were part of this group
0,i should most likely be going to college in september likely i would qualify for and receive student loans then and head to the dorms but in the time being i dont know what to do this amount of stuff i cant bring with me and i cant imagine giving away either any advice considering going to churches to ask for help with temporary storage though im an atheist
0,hi everyone im not sure if this goes here or under parenting i met bob in a big city moved with him to his parents property to start a businessfarm he immediately went into debt building an unnecessary smithy and had to get a job so we couldnt start the business after all i bought a used car so i could get out sometimes and look for a job he took the car to work instead of his retired parents car as planned so i was stuck at home again i got pregnant we got married
0,i blocked him on fb and then deactivated one two punch because my fb addiction is another obstacle in my life im very proud of these decisions but it also meant leaving my thrive after abuse group so now here i am on reddit hoping to find another supportive community best wishes to all
0,ive never been on this side of the road being the one to let someone know im not interested i wouldnt know how to go about letting her know without completely devastating her i know there is a risk no matter what i say but how should i go about it gently tldr person wants to hook me up with his adoptive sister we have nothing in common how do i tell her that im not interested
0,anyway he bullshited that her insurance wasnt covered by anyone in this state and that it was illegal for him to refuse her her shift my so had already talked to his hr head they had previously decided that there wasnt much they could do unless she came up to him then tonight happened the head of hr is severely worried for her safety and my sos in a way he wasnt before the head has called the domestic violence hotline himself and is looking for resources to help him solve this very delicatetricky issue
0,since then ive met some wrong ones i mean guys who lied to me for example this guy who was trying to convince me that he loves me and wants only me and i found out that hes been dating a girl since and that theyre expecting a baby so yeah after these few mistakes i started having trust issues i just couldnt trust guys every time i met someone i couldnt trust him and couldnt stop expecting something bad coming in december last year the best thing in my life happened to me ive met a guy and hes everythinggoals
0,to start i feel like i should share why i wanted to be here today to read this statement myself for six and a half years i was in a relationship with luis the first time he physically assaulted me i was that was the first time i had been knocked unconscious by another human the choking incident that we are here for today was the first incident of domestic violence that i reported to the police
0,im looking for advice to try to help a relative shes going through a very ugly divorce with her husband whos trying to get sole custody of their threeyearold son hes dating a woman with a substance abuse problem and a criminal record he met her three weeks ago and has been taking their son to sleep at her residence unbeknownst to my relative till recently this monday he told her hes filing for divorce
0,for the record my partner hasnt brought this up as an issue but of course being turned down sucks and its been like this since the beginning i thought with time id relax but it wasnt a question of relaxing to make things worse nine times out of ten that we do have sex is because i initiate that is not because he never does that is how much i turn him down i know this seems stupid since most posts here are about how to survive but maybe a random post about improvement can be acceptable
0,fun fact name helped me out a bit a few years ago through twitter you can check his tweets withabout me around julyaug of i deleted my twitter account since but just signed up again name paid for a month of weekly remote sessions with a popular west coast therapist that brilliant therapist is the only one ive ever clicked with before or since
0,its been a while so i thought those feelings were long gone at one point i asked if lily would come talk to me in my room which she agreed to in there we made out i dont remember a ton but i do remember pulling away and immediately telling lily oh my god i cant believe i just did this like a drunk idiot i called my boyfriend
0,i tried to reply to most but i think id like to forget about this post for a bit and move on so im going to stop replying if there is advice or information that someone hasnt given me yet and you think would be helpful please feel free to private message me im planning to go to the wedding i will not be going out of my way to help with the wedding
0,it would help so much if i could use my car and not worry about the insurance etc it would be a huge help i would also paint a picture for the person who helps as i am an avid painter i just want to get this done as food and everything like those necessities is taken care of but i dont have the funds to get this done before the th if you can help it would be appreciated so much
0,they have two children together anna and a planned child grace my uncle has other children with other women grace is two years old and i used to watch both grace and anna when grace was born my family was careful to give anna more attention anna is extremely extremely obsessed with her little sister
0,what you did was disgusting i have thought endless times about suing your ass for my herpes medicine and therapy because i have that email saved my best bud who is a lawyer said op i hate to break it to ya you could win but its not worth it he is right you will one day do something abhorrent to the wrong person and karma will balance it all out
0,however months ago i moved to a different country for education we met a handful number of times before i left and they werent dates exactly just as best friends after i got here foreign country we have been speaking almost daily on the phone and gotten even more closer we recently started dropping hints to each other that we like each other and finally decided to discuss what we feel she told me she loves me and wants a relationship
0,facebook url criss url please help and share the word most importantly spread awareness edit available are regular hanes shirts womens fit shirts and sweatshirts
0,his response was to constantly remind me that not everything is about you and then taught me a technique which was to ask more questions in conversations because people always love talking about themselves anyway i quit my antidepressants several months ago because i am in a good place now and i can survive without them i just find that thoughts like this are still very present and can be very difficult to deal with i never do apologize on facebook
0,he is objectively pretty unlikable only talks about himself when speaking to you but you know i try to see the best in people and ignored it when i talk to him he claims he is bisexual he introduced me to his lab partner my current girlfriend and i asked him if he was interested before pursuing her he stated clearly no fast forward three months it is winter break and they are hanging out a bit frequently
0,posting this here as i didnt know about this sub until i was directed to it had originally posted in rassistance and have only received a handful of pms hello ive had a room in my house that ive used in the past to house a few friends who were not doing great economically while i find them a job most of these guys work in the it field and once i got them on at microsoft they got their own place
0,earlier that day i was talking to a customer a male who later asked for my number i was very flattered as this man was absolutely gorgeous and had muscles that must have been sculpted by kratos himself but alas i wasnt able to give it as it was company policy little did i know that pedo had been watching me from behind a clothing rack and soon pulled me aside in front of all my coworkers in my retail section and spoke so sternly to me he said this is why your life is so messed up this is why everyone here thinks youre so easy and he stormed away from me he later radioed to me telling me to sell the cards and after i got to cards to re fold everything in the womens section he later texted me telling me he expected me to be at the movies that night as to not let down the team
0,my boyfriend m and i have been dating for a year and a half we live together we definitely have issues were working through right now but our relationship has been pretty good up until a month or so ago i was making all these future plans with him and so on ive been on and off taking antidepressants for the past months
0,i cant afford one of the really nice ones that actually looks more like real hair and not shiny plastic if anyone by chance has an actual nice wig not a costume wig that i could have it would be greatly appreciated itd be so nice to go out in public and not worry that my hair looks super fake i really miss having nice hair thanks
0,she would be coming to the states for the first time in over years on dec i was ecstatic to finally meet my mil weve chatted on several occasions and she is truly a great person rob was excited too so he wanted to make her trip memorable he decided he wanted to get a family portrait painted for her as a late christmas gift
0,i dont care about compensations but i cant hold a job for health care so i go to the va like we are here to make sure the military is not blamed for what ever is wrong with you kind of thing in my opinion anyways i felt i should share some of the basic symptoms i have struggled with and the only treatment i have found that really worked is smoking indica strain cannibis at night when the child is asleep and having some relaxing time with my pets here are my symptoms panic attacks severe avoidance
0,we talked about meeting and eventually arranged a double date each of us brought a friend to make things easier the date went well and we decided to see each other again the next two times i saw her she began making comments on how little dating experience i had and began treating me like a child she made comments about my weight and how i was too skinny and needed to gain weight
0,i try to take all opinions with a grain of salt but incel isnt really an isolated trend and there are more cases that its part of the way our modern malefemale gender system works also i dont understand this but questioning this stuff doesnt mean i hate all women it doesnt even imply that but doesnt everyone have a right to vent frustration i want to talk more and give you more details
0,i learned how to manifest that love in actions good for my body i cooked a diabeticfriendly meal every night even if it was just cutting up a block of cheese and opening a package of pepperoni i spent a little extra on tissues found the ones i liked best and kept boxes in every room in the house i splurged on bath bombs once i could be naked in the bathroom again i brushed my hair before bed every night
0,i feel like i can be that person for my girlfriend since i love her but i dont think i want to sacrifice my happiness for that i just want to have a simple life and find someone who will have time for me i didnt grow up in a loving family like her its not always about money i grew up comfortably but there is not much love in the family i grew up in so money isnt important to me
0,next ill get nice and comfy and ready to sleep in a position where i can feel my heartbeat then ill start listening hard for my wristwatch at first its difficult to hear because your mind is focusing on your heartbeat but after a little while you adapt and your heartbeat stops being the center of your attention works for me really well and ive been able to fall asleep in any position since hope it works for some of you
0,i dont think it would be different in another relationship and i think both of us accept that we have sexual hangups but i always wonder if i would be more sexually passionate in a different relationship tldr do men just inherently look at the greener grass or does a good relationship make you feel settled and satisfied and please dont say open relationship as the answer
0,the link to my gofundme campaign is url i included a video on my gofundme which explains my whole situation i thought that recording it will be better than writing it down thank you god bless
0,i know i only have around comment karma due to lurking or upvotingdownvoting more than commenting but my total reddit karma is almost so i hope that says something if you can just send even or dollars let me know and i can pm my paypal request link since thats the only way i know of getting anything without a big big charity site link we really appreciate it and next paycheck i can even try and pay some people back if they need none of us really have family to ask because of different reasons sos parents disowned her roommates mom is distant and disapproving and an alcoholi my mother is disabled and lives on disability with my yo brother my aunts etc are all stingy or distant we also have no vehicle to get to any other food bank atm other than the one two roads away hour or so walk that has a day wait
0,only selfdiagnosed as ocd until my eventual downfall a series of events in late led me into an intense insidious cycle of anxious rumination and fear dpdr arose from this maelstrom of angst something whos existence i was completely unaware of particularly as to being related to anxiety my perceptual world changed my reality became crisp shiny radiant yet also incredibly surreal and there i was thrust into the middle of a world so overwhelmingly vivid that i yet felt so overwhelmingly absent from
0,i dont know pretty sure but my nose is stuffy from this stupid cold so itd make sense that im having a hard time breathing from it but im also having a hard time breathing through my mouth i cant find my vapor rub anywhere which is annoying the crap out of me because i feel like itd help a little the mintiness from brushing my teeth helped a tiny bit
0,several month back i began casually dating a woman who was previously abused physically and emotionally by her ex husband she and i have really hit it off and have begun to care quite a bit for one another for obvious reasons she is really afraid to get involved with me beyond casual dating and weve taken a break for a while to let her sort out some of her emotional issues we hope to reconnect after a while when shes in a better place emotionally and some of the logistics between us are better ive tried to be as supportive and encouraging as possible to her but i have never been in this situation before so oftentimes i am not sure what to do or say
0,i need to see that list i can not make a decision based on evidence i can not see please include that list as evidence i very much want to see it
0,trauma survivors often dont need more awareness they need to feel safe and secure in spite of what their awareness is telling them at the first sign of anxiety or depression traumatized people will spiral into toxic shame depending on the wounding messages they received from their abusers they will not only feel the effects of anxiety and depression but also a deep shame for being defective or not good enough many survivors were emotionally andor physically abandoned and have a deep rooted knowledge of the fact that they were insufficiently loved they live with a constant reminder that their brains and bodies were deprived of a basic human right
0,after college for about years i focused on my career and wasnt totally putting myself out there now for the last year ive actively put myself in the dating pool it never seemed appealing to hang around in clubs or bars to hopefully pick someone up so ive mostly stuck to online dating i was mostly pretty casually looking and would go on there when the mood struck me or i was speaking to someone i saw potential with over the course of the last about months ive been on dates
0,first time posting here so i apologize if i am breaking any rules i have been taking sertraline zoloft for about years now at my lowest points i was taking mg a day but i have been stable on mg a day for a while now i would like to one day be off of it completely but i know that will take a lot of time and work my question is can anyone tell me their experiences with withdrawal symptoms
0,the vtn is inspirational and amazing in their work focus honest dedication towards the health of our veterans in canada this is their resource page if you are a canadian veteran or mountie you could get on one of their programs please contact them or brian or me and i can get you in touch with those who can connect you nbsp pharma therapy
0,she already knows the password to my laptop email bank account and phone pin i didnt really want to tell her any of those but i could not think of a reason why not to when i got a new phone she set up my new pin and got a bit upset when i changed it she said if i had nothing to hide then she should know my passwords i dont have anything to hide so i told her
0,when i was i met a guy on vacation years my senior having never been able to get along with those in my age group i thought nothing of somebody older spending time with me as i had grown up always spending my time around the adults during the holidays or my older brothers friends looking back now i know this was naive and innocent on my part nothing that anyone could or should blame a young kid for as i really thought i was an outcast amongst my peers and while it may have been true there is no reason or excuse for a year old man to want to be with a year old girl except that he couldnt find a woman his age who would fall for his games and lies he played nice for my vacation respecting my boundaries and acting only as a friend he showed me the island and was nothing but kind and hospitable to my family
0,which now leads me to where i am now i had a talk with person a and she wants to get back together person b really wants a relationship with me i dont want to be a douche bag and cut things off with person b and then go back after my ex and have to deal with all the drama in between that but i dont really want my experson a to go back and try to get into relationships and talk to all these guys
0,but thats the worst of it i dont think my childhood was exceptional just frustrating but after speaking with people close to me and going through the checklist of symptoms it was undeniable so i accepted the diagnosis eventually i got a prescription for wellbutrin and it helped me manage many of my symptoms somewhat for the past decade
0,participation takes approximately minutes helps me reaching my sample goal and yields interesting results for yourself after granting access to some smartphone data more detailed descriptions are given within the app you need to fill out a survey thats it any collected data will of course be processed anonymously the only prerequisite is a smartphone with android or newer
0,i also have been taking zoloft mg for days i plan to start exercising nightly for minutes beginning tonight i want to do all that i can to alleviate my symptoms but if there is a cure i would love to know im not a patient person and this illness is really making me fed up to the point where im getting angry anything helps
0,something thats started happening to me recently is sometimes the world becomes so unreal that things like houses blow my minddont even get me started on wheels its weird because these things in a normal state of mind are just their and barely have any impact on me but when i get into this kind of trance everything becomes surreal i googled this feeling and most of the results seem to be related to anxiety so i wanted to hear if others here experience it too
0,want to get my macbook sorted and need to update my travel card for the rest of the term this will save me so much time in the mornings and evenings and will also help me work from home without needing to use a local library or travel to my campus im a university student and will be able to repay via my nd student finance instalment of on the th of january which would help repay with interest which i think is the highest id be comfortable paying also have a part time job however repayment would essentially be made with my january student finance instalment which would be more than enough
0,he tells me he loves me with his smile and outstretched arms every day i need to be a good mom for him xb thank you for reading i have been holding this in for so long and i guess i just wanted to be heard
0,but as the bible says evil doesnt win and the righteous will not be condemned i dont want to say im the most perfect person ever but god knows my heart i am the most compassionate loving forgiving person ever surely god didnt allow all of this to happen for nothing other than big positive changes to come about
0,we had plans to move in together a fancy month home that she would contribute or so we spoke of children marriage all sorts of stuff its not that i thought she owed me anything for me doing these things its just that i felt like i did so incredibly much and it kills me that i look back and know that over a month period we only had intimate contact less than times that we never made out outside sex and i initiated and was rejected many many times every time i brought up my frustrations regarding my unmet romantic needs she took it as gaslighting and used it as fuel to further drive the reason why she wasnt comfortable with intimate contact
0,sleeping bag solarpowered lamps a raincoat nonperishable foodmrestrailmix anything else i should invest in
0,this post was originally posted to letsnotmeet but was removed and i was told to post here so here it is so about two years ago i did a photoshoot with a guy who used to work for my family when he came to do the shoot he brought this dude with him that i didnt know ill call him dave for this story dave seemed pretty normal he introduced him self to me told me he was a homosexual not that it was any if my buisness but whatever
0,i feel like platitudes are useless but i really dont know what else to say its gonna be fine dont worry is basically all i say when im not frustrated so i need help understanding a better way to be a better person to him xb thanks
0,so i pursued him invited him to come out drinking with our friend group a couple times and slept with him early on we continued sleeping with each other and i guess fell into a fwb situation though he wanted us to be exclusive and we were in the beginning it was mostly us going out to bars and me coming to his house to have sex we got on really well and it wasnt just a sex thing but it seemed like it wasnt going to turn into a relationship and i was fine with that mostly because he didnt seem really concerned with it
0,i had no problem with that but was kind of surprised that this was the first time i was hearing his cousins name that he missed so dearly he spent dollars on a plane ticket to go visit i did not think much of it but noticed that over the course of a couple weeks he was constantly getting snapchats from jessica but was reluctant to open them in front of me that was another thing that surprised me because he always would open things in front of me and never had a problem with me on his phone if he did open a snapchat from jessica he kind of pulled his phone closer to him so i couldnt see his screen i noticed his phone background one day and saw that it was a happy birthday card with a picture drawn on it signed from jessica
0,so a long time ago when i was in around the nd or rd grade i went out to a diner with my family for breakfast and when we went to go pay i saw these two girls in my class so they asked me if i wanted to come over and my mom said yes so i went to one of the girls house for a playdate so i went over there and they told me that in order for me to be friends with them i would have to do this initiation thing apparently its a thing they do with another girl in our class and it was to take off all of our clothes and play pretend
0,i wanted to chalk it up to finances but our finances werent nearly as bad as they had been so i started thinking that maybe something else was going on when i finally got the job that ive been working towards my entire life and you got your settlement and the opportunity to do the things you had been talking about doing for your entire life i began experiencing this odd feeling called confidence not just having confidence but being confident our situation was finally improving but our relationship continued to deteriorate you attempted to exert a level of control over me i had yet to experience which is saying something but this time i resisted
0,it was an honour to do it for this amazing man and example of manhood at its most heroic courageous and incisive inteligence of a surgeon working with a loaded gun to their head rpgs exploding feet away nbsp please share your stories and comments
0,one night early early into this we were kind of flirting he suggested we shower together i was scared uncomfortable not sure
0,b wanted her to come with him to chile a place she has always wanted to go and spend a week or two exploring together in her writing she seemed genuinely conflicted the next day b tried to kiss her but she said that she couldnt b said he was falling for her he really wanted her to go with her to chile
0,constantly forgets where she put her cell phone even though she keeps it in the same designated spot she was the moneyperson in my family knew everyones bank account numbers credit card due dates utility bills etc recently handed the task of
0,nbsp a lot of you reading this are still serving either in the military or first responder corrections or medical the ability to stand up and say i need to take some time out to handle my ptsd in fact it is a guaranteed way to find yourself in jpsu or desk duty til they can boot you out the door you can not start emdr or cbt without telling your employer your family and your support network what you are about to go through nbsp
0,stealing the idea of the person who posted earlier i have trials from homechef another food delivery service same thing as the other ones pretty much youll get meals for people also same as the other one youll have to enter your credit card info but thats no commitment so cancel your membership after you get your first box reply here and ill pm you all ill ask for in the pm is your email address
0,so when markus asked me for a date night just the two of us i didnt hesitate i have loved this man so much i think i still do these date nights made us feel like were young again everything we used to do back when we were just dumb teenagers were doing again now i was so happy i could cry
0,hey i recently came into a bit of money i live on government benefits and i live in supported accomodation i received roughly about bonus money im guessing because its the turning of the new year i always feel guilty when walking past homeless people in the streets and feel too shy to donate money to them so this time i donated ten pounds to this guy sitting outside of a supermarket
0,sorry this is so long thanks in advance if you manage to read it my best friend grace and i met when we were and became best friends almost immediately she was always the leader in our friendship ever since we were young i didnt mind it i actually kind of liked it since i was a very shy kid who had no confidence anyway
0,i was very severally bullied by the kids there my dad managed to prove he wasnt a part of the robbery he got me out of the foster care and drove me up to my oldest brothers house he lived directly across the water from seattle told me hed be back in three days to pick me up he never came back
0,alright ill try to keep this as short as possible some background i have a coworker well call pamela pamela is disabled from complications and defects from when she was born she has a brain shunt and some cognitive issues however its not enough to impair her too greatly obviously because she has worked in the call center i work at for about years or so and in other call centers before this she receives accommodations for a disability at work though such as having to meet less strict stats like time per phone call or time spent working offline and being allowed to take a rest break if her disability causes her issues
0,with a switch blade and open arms in a sweater vest that covers a ragged undershirt stained with my innocence through faces that are never the same as the ones i dread finding in the crowd in the night i rediscover my love of mares and how hoarse i can be in the morning its the taste of blood but i am not bleeding
0,posttext dont bother with this part thats crossed out i wasnt thinking clearly not that you should bother with the later parts either i dont know postposttext i deleted this from my main account and am reposting it on an alt because it made me nervous having this connected to myself sorry
0,our sense of humor is very similar shes gorgeous funny smart and likes some of the same things i do shes wifey material the way she loves on her dogs and cares for them makes me think shed make a good mom yrs from now these are some of the biggest reasons i see myself with her tldr offandon heterosexual relationship since we were in high school she met me and cheated on her highschool bf
0,this has caused quite a few disagreements as we often compromise for a quickie at some later time i hate to admit it but i can sense that we have both been feeling this incompatibility grow more and more apparent as our relationship has gone on and both of our gained weight is not helping with our situation i love her dearly and want to make this work but im also worried that i shouldnt have gone this far into a relationship without a frame of reference for what i would want in one she is my first girlfriend but im afraid to throw away a relationship thats caused me to love someone so dearly ive been cautious up to this point but it does appear as though we have begun to get financially entangled
0,things are great in my life work personal relationships and then i get a friend suggestion on facebook to see if id like to add someone from my past my worstabusive exboyfriend from years ago recently joined fb i hadnt been able to block him as he most likely used a fake name i stupidly visited his page hes different
0,my homeless brother has been trying to get a job go to his required counseling stay off alcohol and stay out of jail last night he called me to say he is giving up and is resigned to staying homeless and living this way until he dies he sleeps in a clean and safe shelter each night he gets the same bed and has a locker if he starts drinking again hell be out in the cold because the shelter will not let drunks sleep there
0,but sometimes i feel bad that he has to see me freak out or the flashbacks when i black out i feel bad thats why im gonna do it im gonna get better
0,most of the residents in san andres are elderly farmers who depend on the bus to travel to the main market in oaxaca to sell their produce i am worried seeing the people depend on taxis who are known to scam farmers out of their hardearned money the go fund me page is url and there is a facebook page set up too url
0,dont take this lightly acid isnt for all and i didnt take it for a fucking therapy sessionbut here i am sat down in front of paper and pastels on a wood floor not thinking about whatever happened to me however long ago i am more than my pain and i deserve that lsd has helped me realize this dont just take this willy nilly it takes a lot of mental preparation
0,one is yrs old and the other now my dad would beat my mom but over the course of the years as i grew older he turned the violence onto me he would see that i defended my mom and since i called the police one time i found him choking her onto the wall he stopped hurting her and transitioned into beating me now i know you guys may ask why did you continue to allow the abuse with you if you had stopped it with your mother before well i have an answer to that my mother loved my father very much and every time i tried contacting the police she would stop me and i have a lot of love towards my mother and would do anything for her but anyways back to the present we no longer live with him anymore and we have cut all ties with him except for my brother
0,i hadnt laught and felt so wanted in litterally years so how come im so what ever it is i cant just say hey want to go out to starbucks or something i just want to be myself i guess i really want to at least try if i get yes or maybie or no i dont want to the regret of not even just trying thanks
0,ive noticed usually people who have been in the street for a while or traveling around and managed to avoid frying their brains with drugs or just losing it from the life have really different opinions and ways of thinking compared to the just homeless sleeping in motels or shelters or cars and often trying to work at the same time do you hate other homeless aka hobos the people in the tents or do you wish to or try to help them do you resent the middle and upper classes or do you think theyre entitled to what they have
0,he took his sleeping pills before cleaning out his gun the magazine was out but there was a bullet stuck in the chamber he accidentally pulled the trigger it went straight through his arm chair and hit his dog in the head she yelped slightly and tried to walk away before she slumped down and passed on
0,they actually skyped on new years mostly for the sake of his grandmother his fathers mother who he has a positive relationship with but somehow they are friends anyways my mother my mother is a selfproclaimed jewish mother she subscribes to all the stereotypes and upholds them and is disgustingly proud of it
0,hi everyone my girlfriend has loved doing color guard all of her life and has always wanted to march in a professional drum corps she has a final audition in san antonio texas in april but does not have the cash to fly there she is in ohio i am going to be giving her a big contribution as a valentines day present but it would mean a lot if more people than just me helped her out if anyone can throw in some money even or less it would mean the world to her and to me
0,good goals she finished undergrad and already wants to go back to school i value girls who want to get a good education or pursue entrepreneurship doesnt ask me for much given my financial situation she hasnt asked me to do something that was out of my budget since im not really feeling her should i let her go im asking this because most of the girls ive met arent like her
0,i know it is a huge accomplishment that ive been able to get back on the road and try again its just frustrating that i havent been making as much progress as id like i really miss being independent and free does anyone have any tips id love to find someone that can relate or who has overcome this fear
0,many of my cohorts asked me how are you two even friends when he came to which i couldnt give a clear answer so in short we have a business license and agreement we both signed we were friends but i think time has changed him and i and i dont think we would be friends if we met today he isnt productive for the business and his practices many times seems to include emotion and his own self interests rather than the business so i find him unfit as a business partner as well
0,as for internet i pay mo on my phone for unlimited talk text and data without any throttling at all thanks straighttalk if i want internet on my laptop i download the pdanet app download the exe app on my phone then transfer to my laptop install the app then switch the tethering on so my laptop can connect and have access that way i can apply for more jobs on sites that my phone cant open up so far im doing okay just thought i would like to share hows my day been doing
0,i had an anxiety attack when we returned home i put my foot down i told him that his behavior towards me was unacceptable above all as my then future husband he needed to put my comfort and wellbeing above all other considerations as i did with him he listening apologized profusely and we have not had any further issues with this until today
0,i could try to transfer to another olive garden in the new area or get a job at another restaurant its quite easy to get established at another restaurant does this sound like a good scenario im currently living with a friend and bike to work i just want to get on my own agaim asap
0,meet with her today and express this is a concern for me she says she doesnt see what the big deal is people make mistakes and forget things i agree and tell her they often forget what they dont care about she doesnt agree we talk about it she feels i am being very black and white in my thinking
0,hey there im currently an year old nearly finishing up freshman year a course in general sciences with modules in physics biology math geology with my first university finals in about days separate exams from the nd of may until the th since about april th ive uninstalled my discord and logged off social media and can not express truly how happier ive felt in a while ive been able to talk to my family more and control the amount of energy i have and also bring the life in the room when im in group study with one of my friends that we booked together studying for finals
0,wont have any income until after i graduate so whatever i spend this shit on thats it i have no social life anyways so i wont be missing out on anything since i just stay in my room when im not in class i have a pretty terrible idea to make money that ill need about in supplies to attempt it doesnt involve gambling buying crypto or buying stocks do i do it
0,my wife is a school teacher who works in an inner city school with kids that literally shake in the morning because their parents dont a feed them dinner b get them to school early enough for the free breakfast so we have been buying them little food care packages to take home which is a little pricy and i feel like our dollars can go further i am looking for any recommendations on ways to get the food cheaper
0,now he is enraged because i said months ago that maybe internet access was not a bad idea that there was some stuff there that may connect him more to others he had been asking for months how to access the internet for free and i just did not know what to say he mentioned it so much besides he would have to get internet access from a company if he wanted to use the internet reliably so he did that at some point and is now having issues it just looks like an older man who is having difficulty navigating the internet and who finds apple care unhelpful but he is phoning me today yelling and accusing me of paranoid stuff and hanging up
0,its a long twisted story about how i found this out but i was told by my parents that i had been assaulted by r when i was younger my aunt not rs mom had taken us to the pool and r had taken me to the bathroom to change when we hadnt come back in a few minutes she came to check on us and she found me naked with r fondling me and trying to insert his penis into my mouth she stopped the assault but doesnt know what happened prior to finding us remember i didnt recall any of these events as a year old
0,does he actually like me or am i going to end up just hanging out with this guy he hasnt made a move yet so im inclined to think the latter any idea how to stop getting myself in these situations tldr i end up in confusing friendships with men that blur the lines between relationship and friendship
0,watch telenovelas if you havent seen the drama in those shows it makes you forget about anxiety pretty quick after all who will jane choose michael or rafael go for a walk though now that my new employment is minutes away each way via walking i am getting some decent walking in days a week
0,my mom was not a very good emotional support for my dad he is very sensitive and touchyfeely whereas she will take something at face value and not pick up on subtleties i think they had a somewhat loveless marriage and my dad turned to me as an emotional outlet at some point in my early teens he would spend hours talking to me about lessons on morality his suffering at the hands of my insensitiveclueless mom and his love of all things romantic and sensual mixed in here there was some kind of pervy behavior
0,check out rkratom for some info i personally swear by it edit seems like it has a bad reputation from my and others experience if you take it in moderation and get it from a reputable vendor some kratom is not actually kratom i heard some head shops tend to mix it with bad stuff you will have no issues with it
0,we could make an arrangement where i occasionally ship you boxes of stuff ps im new to this subreddit and not sure how to ask for proof from you i guess you could pm me a pic of your kid idk if thats weird im happy to pm a pic of my kid bc hes super cute
0,one of them was catchphrase similar to taboo but you pass around a device and have to get your team to guess the wordphrase before the timer runs out of course it has to make a countdown noisebeeping which makes me even more anxious my partner has gotten quite good at gauging where i am on a scale of he noticed that i was getting more tense as it was passed around the circle headed towards me
0,we quickly got really romantically involved albeit it being online after a few months we decided to meet so i with the gracious help of my parents booked a flight to visit her in germany my dad insisted on coming with we met and things quickly turned sexual it was my first time being intimate with anyone my first kiss etc
0,im using a throwaway for obvious reasons however i could ready use the advice of others right now as i dont know what to do i met this wonderful girl in november and everything was going great she was special enough that i let her meet my friends and family and i met her siblings and mother as well she had told me that she had this friend m that she met online they have never met in person but she said it was all strictly friendship and nothing else she mentioned how she helped him get through suicide and that he was a really good person
0,i have wish lists because amazon is expensive on items so i created a walmart zip code wishlist too i also have a paypal account the meats are cheaper at save a lot because save a lot has pick for hi friends and family url
0,i made a decision that i had enough of this fear and i was going to die fighting and not be afraid anymore i reached this point a few years ago it is a wonderful thing to sleep peacefully i was tired of wanting to sleep in my trunk in my car in my garage because i was afraid of sleeping alone in houses i was tired of sleeping on the sofa or on the floor of different rooms just to avoid sleeping in bedrooms because of fear
0,this is helping to get kids in the area tan ability to practice and a strong group of girls to look up to so if you would please help busboy donating even a dollar would be amazing for not only us but the future generations of kids thank you so much for taking the time to read this even if you dont donate you reading this showed you cared enough to open the link here is also a link to our softball teams website url now the actual information youll find on the campaign page is listed here
0,according to a study from url and its subjects major risk factors were family problems and a childs lack of confidence these factors arent necessarily easy to influence but well worth looking into as is another avenue that we should focus on more support for survivors of sexual abuse availability and quality of mental health care comes to mind but its not solely limited to the medical field if we want abusers to be held accountable we have to help victims because they might not come forward otherwise
0,my sister messaged me call me asap i received her message at am when i woke up at my own home to use the restroom i called my sister at that time she answered the phone and i heard yelling and screaming what happened was my sister gave my father a ride back to wherever it was he came from to get him out of their home my father would not leave my moms home unless she also came along
0,we have dinner we get drinks and i agree to try again i want to say here i have never had this kind of behavior before when ive broken up with someone or had them break up with me even if im heartbroken ive always been done so i dont know what the disconnect is here its been a little over two weeks now weve been seeing each other again
0,my husband and i live in an apartment that gets super cold easily part of that is because theres no protective trees in the winter with the other problem being the buildings are run down and theres lots of cracks around the door my husband was able to fix a gaping crack with our door frame but we still need more work done and management is not the best our heaters are old baseboard heaters that can heat the home but run up our electricity bill like crazy with the onset of early winter here in the midwest coupled with the loss of my husbands job im going to go apply for liheap but im wondering if anyone knows of any other ways to keep the apartment warm
0,there was this one guy i would see around a lot and he was good looking but he was i talked to him sometimes and he seemed to like talking to me said i was cute this made me happy at the time one day we were at the park and he asked if i had a boyfriend i said no
0,my ex thought that show was terrific inspiration he used it to discuss what ifs with his guy friends who i hope had no idea how real he is about that shit i called it the rape alongbeat along show for the longest time i still do when gramma isnt listening last time i unexpectedly came across the dvd set grampy accidentally left it at my place on the kitchen table and yes hed been told not to leave it where i might see it
0,i just need tips on how to get out of this mental state of avoidance i am tempted to get back into cbt for low self esteem because my therapist said if it got bad again i could go back any time i had sessions before is anyone else in the same situation or has anyone got any experience i know i posted something similar recently but writing in this subreddit really makes me feel less alone
0,i think now she feels some of responsibility to help those in need and she gets a lot of gratification from these people who are very thankful to her on occasion when we go out we have been approached by these people and i can tell they are very grateful to her we were at starbucks while shes studying and the husbandwife she helped offered to buy her coffee etc lastly her other dream is to get a house in this very rich neighborhood with houses that cost m at the very least anyways enough with the bad now the good things about her she is a very loving person which is proven by the fact that everyone loves her at work
0,sally is around the same age i assume cant confirm numbers sorry about that and she quickly became a red flag for me he would mention her name occasionally and how our love for the same type of shows was shared with sally sally and i met a few times the first time was when we planned a day out shopping with a mutual friend who was single at the time and my bf decided to invite sally i thought that was a little weird but justified it because i had never met her and thought that would be a great opportunity to and he said maybe the two of them would hit it off
0,state i am homeless as of this morning without mentioning the title of this post screen me for services available to veterans or maybe i should go to a homeless shelter first proof of the lack of residency dad wants me out tomorrow morning i suppose my original question iswas what is the definition for being homeless the reason for being homeless is not a subject i wish to discuss
0,this battle has been in the making for years it is now that the tension the desperation for a resolution comes to a head it is in this moment that i declare that there will be violence between me and i until one of us lay upon the ground in defeat i will no longer accept the status quo that exists an existence that is questionable mediocre at best for with all my highs come so many lows
0,thank you edit thank you to udancoyle he purchased my entire amazon wishlist i cant even express how thankful i am to know that i will be ready with a few staples for the cooler weather thank you also to everyone who made very useful suggestions for lowcost places to shop for clothing in the future
0,i was home for winter break and i didnt see him at all during that time my issue revolves around me feeling insanely guilty anytime im out with him anytime he buys me things etc its like i hear my mothers voice in my head and shes yelling at me for making bad choices telling me i shouldnt be wasting my time with a loser like him that im a lowlife etc etc to clarify im a goodietwoshoes i never did anything bad until i was in my early teens
0,eventually i fell asleep probably around pm during the night i had many bizarre dreams some bordering on nightmares i woke up around am naturally as i always do my alarm is set for am so i still had hours to sleep i tried to fall back asleep and for the next hours i drifted in and out of sleep continuing to have bizarre dreams whenever i did fall asleep
0,im husband i always thought it would be ideal to have two kids my husband was on board with the idea hypothetically but now that its actually the time to execute he is totally opposed to the idea his reasons are he feels we cant afford ithe earns pretty well but i dont at the time so we wont be able to actually build up a major college fund for her i feel that she can always take a loan later but she really cant loan a sibling
0,i have a twin sister audrey and i hate her i genuinely cant explain it i know its so irrational but its just how it is and i hate that this is how it is we both came home for our moms birthday and i couldnt even spend minutes with her were really different people
0,later in life she would try for children with my great grandad hoping for a daughter and have four sons and then finally a daughter that would later die now shes the only one of her brothers and sisters still alive as sad as all that is honestly if she hadnt told me i would never have known my nan is the most cheerful energetic and lovely almost year old that i have ever met she looks years younger than she is and although she has multiple cancers she still spends every day looking after my great grandad who shes been together with since her parents died
0,we added a bunch of security url for specific scenarios if youre more comfortable keeping things on reddit we put a lot of the same information on roperationsafeescape either way if you feel your computers being monitored check out our secure url guide also were hosting our first url in october weve also been busy building up partnerships in the security sector which will allow us to bring even more resources to the audience we serve
0,previously i have posted on this subreddit about how studies have demonstrated the beneficial effects turmeric can have on ptsd symptoms see url and url xb however too much of a good thing can turn sour when taking anything natural in supplemental doses that exceed what is found in the diet we should treat them as drugs
0,edit i should also mention that when i do fall asleep i snore really loudly and i can hear myself in my sleep my boyfriend says that it sounds like im not breathing or trying to breathe tldr i cant stay awake during tvmovies dont want it to drive a wedge between my boyfriend and i
0,i feel like im starting to get the control back over my life slowly im resignating to my situation and im ready to make things better for myself i have stable relationship with my very supportive wife my ambitions are growing back slowly i finnaly have hope and i could hardly ask for more i asked my doc to lower my effexor because i feel like the the sideeffects outweigh the good it does it doesnt really help much for my anxiety i feel depersonalization ever since im on medications and finally it gives me uncontrollable cravings
0,im on lamictal zoloft and we just added wellbutrin a liver test showed that i metabolize ssris slowly so im wondering if serotonin is building up in my system i told my doctor about it and she just said these are classic symptoms of anxiety i disagree has anybody felt this way or had an experience with serotonin being too high
0,the place where i was going for therapy decided that they couldnt appropriately treat me ive had a tough time finding another therapist the strange thing is ive been feeling better out of therapy then when i was in it i was doing a type of exposure therapy and it was rough i went twice a week and it felt like my whole life revolved around trauma
0,new mexico all counties x new york bronx kings nassau new york manhattan queens richmond suffolk counties only
0,hey i was wondering if anyone between the ages of i just find it easier to talk to people around my age im would want to join my reddit chat group for people who are introverted or suck at socializing like me dont worry if you just want to listen thats fine too some things i like soccer tvmovies music
0,how do i figure out what is putting these guys off any advice is appreciated tldr have been on first dates over the last few months and each i thought went well or above and beyond well but each of them havent wanted to go on a second date with me what am i doing wrong how do i figure out what im doing wrong
0,hi i was recently put on prozac mg to start for anxiety after a really bad panic attack i am nervous but also hopeful that this will help me for the first week i cried at least once a day and usually there was no reason my anxiety is also heightened but i knew these symptoms would occur so ive been dealing with it fine but for the past like day and a half i feel like my joints are kind of feeling weird i wouldnt say its painful just different
0,they cant all be wrong or insane can they abusers spend so long abusing and being nice and abusing and being nice that you start to think that you play a role in the abuse and the only reason heshe is nice to you again is because of some demand you met and your will to livebe safefeel secure will override any trauma you have been through you will do anything to make them nice again because that means you get to be safesecure its not contingent upon you but on them but you forget this
0,i looked everywhere for the possible cause did everything to make it go away i put vicks under my nose and that helped mask some of the smell but it was still definitely there it didnt go away until the next day has anyone else dealt with olfactory hallucinations should i seek out medical attention
0,i cant do a push up my arms are almost useless i need to get surgery but my parents arent exactly in the picture and cant support me while i take time off of work to get the surgery would i be able to qualify for disability to be able to support myself so that i can get surgery if not what kind of options do i have
0,my husband is an injured veteran he was pretty seriously injured in iraq and then again in afghanistan muscle tear and then a spinal injury however the injuries occurred before we met when we met dated and eventually married he was under the influence of vicodin oxycontin and percocet
0,the survey will only take about to minutes and all we ask is that you are at least years old and only fill out the survey once we are hoping to reach responses but the more the merrier so please also spread it among your friends and family feel free to comment below if you have any questions and ill try my best to answer them heres the link url edit ive already posted this to rsamplesize but if anyone else know a good sub to send this to please let me know
0,im dating her for more than one year now and everything seems fine shes loving shes caring and so am i i know she truly loves me and i also loves her however although all of this some thoughts keep coming at me ill try to focus on these problems below in a objective manner the i want to see other girls problem
0,they will get fed lunch at school so we mainly need help with breakfast and dinner were also dreadfully close to the point of no tp ugh url thank you for your consideration if you have any ideas of products to add to this list please feel free to let me know
0,i want to know about your story how you got there struggles you never realized you would face as well as how you dealt with the ones you already expected how you got out of it if you did anything and everything you think might be relevant for me to look into you do not have to be a singermusician to reply every story is worth listening to for me if youre in nyc and can meet in person that would be amazing as well
0,thank you in advance to anyone that can give me advice i am m currently enrolled in the local community college tcc and working part time i have been living with my parents but due to a disagreement will have to be moving out by next monday at the latest i dont have much savings as i have not made the best decisions so farim working on fixing that but in the mean time i have around to my name and i make around a month it looks like i will be loaned a vehicle by my parents a f but it has k miles and is breaking downneeds new tires
0,we were raised in the bible belt and she believed every word they told her about it being normal i tried so hard to explain it to her over the years she never understood even now she barely talks to me because im the outcast for standing against what my family has done we were so close when were younger because its all we had
0,if the homeless who choose this life are happy or do it for fun please let them be what harm to the rest would it be such a bad thing if anyone could choose to live happily freely without care without social constraints constrictions impositions restrictions that the greedy powerful adults impose on the rest pray look at our adults mess the environmental other species demise degradation of this world humans have created in the busyness of work in the aftermath of technologies the debris providing us with more more useless commodities why not allow a few homeless dwellers to remind us of the simplicity the less is more in living life let the homeless who choose be as free as the birds without worry for the morrow or live carefree as the little children said the jewish guy who supposedly died on the cross
0,your responses to the survey items will be anonymous and kept confidential clicking the survey link below will take you to a page asking you to read through a consent form explaining the purpose of this research the content of the survey the type of questions you will be asked the amount of time it may take to complete the survey and the risks and benefits of your participation at the end of the form you can click agree to consent to the use of the answers you provide and to begin completing the survey thank you for your time and interest url
0,she wouldnt bring it trying to pawn it off on others she would eventually bring home food at like am when bars close x when the food would be cold and soggy from the grease soaking into it this happened pretty often and i never really paid no mind to it once again i was a kid and didnt really think anything of it i remember her taking me to my grandparents her side for the weekend quite a few times and being horribly saddened by just being dumped off by her so she could go see different men once i was fifteen february of i got into an argument with my father and i wasnt taking his bs anymore
0,my ex and i of years broke up and he kicked me out and caused me to get fired by telling our problems at workwe worked together so they chose to keep him and fire me now i am weeks out of work but i do think i will have a new job next week thank the lord i have bucks to my name and i just really need some advice on what i should do to survive until i have more money i cant believe i am even in this position in life
0,i waited a bit and then went and talked to our advisor i vaguely and briefly explained what happened so i could get his help in understanding some procedures i didnt understand we went down to the lab and figured out my work together i was then standing and doing something with my samples while my advisor was doing something else in the room then i suddenly looked up toward the door and entirely expected my fellow student to burst in yelling about how i told our advisor
0,for the past years i have had some frantic events happen in my life which i did not think effected me that badly about years ago i started feeling small signs of ptsd but just brushed it off like it wasnt a real thing until it just kept getting worse and eating away at me until i realized enough is enough i thought maybe i have ptsd but then i would contradict myself and say that its not real and i dont have it which would make me feel worse im finally getting help and yesterday for the first time in years i have officially by a doctor been diagnosed with ptsd its weird to say this but for the first time ever i felt a sigh of relief like a weight was lifted off my shoulders
0,youre swimming smoothly with the current the temperature isnt too cold and the water is calm and clear blue so why can you only ever see it as being murky sometimes you find yourself swimming higher and higher until your fingers skim the interface between the water and the air above you can see the rays of sunlight above piercing through the surface refracting and scattering as it hits the water you approach the surface slowly but surely excited because you feel like you can finally exit into this warm golden place and leave the water behind
0,hey guys my girlfriend and i recently made a move from south florida to ohio for a change of scenery and a massive cost of living decrease due to the unexpected costs of the move and the cost of getting settled into our new home we are severely in need of some basics to get us and our two pets through until we receive our first full checks from our new jobs our original dream was to move across the country to the west coast and start from scratch when we arrived we had enough for the journey and to get us into a place but not much else so we reevaluated our finances and settled down in ohio instead about miles away from our previous home and about halfway to our original destination
0,that could be defeated by national post printing a rebuttal strongly worded and well researched the antithesis of the illiterate vendetta piece cosh wrote and owens supported explaining the science behind ptsd service dogs science that has been peer reviewed and minutely studied since but sadly as of now the national post refuses to stand by the oath of all journalists that speaks to integrity and education nbsp brian here if a politician said something this stupid theyd be sent for a sensitivity class and left off the nomination papers next election a team player would be fined
0,i figured hey in this world of the internet there is bound to be a video clip of it but no it seems like there is no way at all to see it unless you live in the uk very frustrating my grandmother is very old and has been very excited about this and i just want to bring her some joy if anyone can somehow find the video link im missing it somehow i would be so very grateful i know its called the royal rebel and it aired on bbctwo in the uk
0,my husband m and i f live across the country from our parents and have been there almost two years now i dont really have a relationship with my inlaws mf ish ie they never reach out to me expect for once to ask what to get my husband for his birthday and rarely talk to my husband they dont ask about me or dont seem interest when im brought up and it doesnt bug me because they are incredibly negative and angry people my fil has anger issues and will have a meltdown in public hes done it several times in front of me and my mil is self absorbed among several other issues i dont want to get into every story and man do i have some stories but i guess its important to know that ive been warned about their general attitude and behavior from others and everyone who has met them that im friends or family with has agreed with me that their son is the source of their happiness and they feed off of each others negativity however theyve never been out rightly malicious towards me
0,the new man almost immediately moved to the flat previously shared with her ex which i found strange but i know she cannot be alone perhaps because of her troubled childhooddaddy issues she later confessed she was completely out of her mind in this period and she would not do it if having a clear head they never really ended contact despite all the hurt she even met with her ex after months apart confessing she misses him and cried since then things between them got complicated
0,i just got an email to schedule an interview for a job i havent heard from the lady a few days after thinking it would take her a few days to figure a time for me to come in and email back nope she called me on the home phone instead today first off i didnt know because the caller id said cellular call and usually i dont answer those calls because their scams i later looked up the number i have an app that tells if its a scam number what business it is landline etc
0,as the years went by the town labelled them as high school sweethearts and every teenager envied their relationship everywhere she went he followed every sport he played she cheered through rain sleet snow and sunshine she was in the stands proudly cheering him on in their own little world they were in love
0,one night i was staying up late with my uncle watching movies this was not odd we would watch disney movies all night together during the summer like i said he was my favorite all of the sudden he decided to propose something to me i was six i had no idea what any of this meant
0,she was really worried about being retraumatized by her birth at the time i didnt understand trauma or realize how deep her problems were since i hadnt seen them much but i always listened to her first and foremost we paid out of pocket for a home birth with a backup hospital plan at her parents house the birth was precipitous very fast only a few hours and extremely traumatic and painful no pain medication and i think the speed of the birth makes it more traumatic and our son had his hand over his head when he came out
0,so i have a buddy who still lives with his step dad mom and brother long story short i just found out through him that his step dad hits him and occasionally his mother it came out when he was drunk along with other behaviors when my friend gets drunk he likes to aggravate people until they try to beat him up and until recently i just thought he liked fighting but he told me it is because his step dad hits him so getting in fights gives him a weird sense of worth
0,so the now we had been commiserating for a while about our shitty exes and stress and about weeks ago i was on a date and realized i would have rather just spent the night with her instead of the date a couple days later while having some drinks and destressing i kissed her she kissed me back we stopped before having sex and ended up meeting a couple days later where we both agreed to take things slow in light of our most recent breakups we ended up spending the next few nights together as she didnt want to be home around her ex and we just cuddled and would kiss but then stop before we had sex
0,im not physically hurt my father abd the driver carry on a conversation as if im not screaming we get to the hospital and the checkup reveals nothing im embarrased for screaming they send us home
0,im included in that group of the homeless people i know are sexual predators child molesters or rapists theyre the ones with the gps monitoring bracelets on gps didnt do something sexually to an unwilling participant thats good to know
0,but if you do respond your brain thinks great that must have been useful ill send that thought again to reiterate you cant directly control the thoughts your brain sends but you can manipulate what it sends by giving it feedback by either responding or not responding the more you respond with compulsions the more your brain will throw that thought at you paradoxically the things you are doing to relieve your anxiety are making your ocd worse the more compulsions you engage in the stronger the obsessions become
0,im a long time lurker of rrelationships but my post was locked and asked to post here i have never made a post before so i apologize in advance thank you in advance to anyone who reads im extremely conflicted in whether i get back together with my boyfriend or not scott we have been in a relationship for years living together for but i moved out a few weeks ago into my own place for the first couple of years everything was great
0,hi everyone im studying at the university of maryland and im working with a team on a product design project my team and i have decided to focus on the idea of wellness with a particular focus on hospitalpatient wellness if youve ever spent any amount of time in a hospital we want to hear from you its a short survey and would benefit us greatly in taking in feedback and redesigning our product thanks
0,most recently i had to stay at his apartment for a week as mine got renovated i expressed to him i didnt want our week living together to rock the boat and he said it wouldnt i went over there the other day and he said he needs space and basically told me to leave i feel like im suffocating him hes never expressed what medication hes been on before but i know hes off of them ever since we moved
0,id like to be married before we are pregnant im not willing to compromise on that anyone been in a similar situation advice on how to proceed
0,other than him being drunk am i a horrible person should i apologize tldr bf thinks being called a lady jokingly is an insult and emasculating i disagree what do
0,please be aware that although you cannot be identified from your survey responses no computer transmission can be perfectly secure nevertheless we have made every effort to protect the security of your data the results of the study will be used by ms divya kumar to prepare a thesis for submission for the bpsychscihons degree at acap we also plan to present the results of the research at an academic conference and publish them in a reputable academic journal in any publication information will be provided in such a way that you cannot be identified
0,u mind you my mom is and he is now her jaw hurts and pops when she opens it wide so this is my dilemma i am a very emotional person my emotional skin is raw and any slight change in others affects me greatly side note i had developed ptsd growing up from being scared of my older brother saw him and heard him fighting with my family many many times growing up but since he moved out for good i hope its gone away
0,looking back on it i was pretty fucking clear after all this i started reflecting back first red flag i didnt realize was a red flag was it said it loved me a week within knowing me i knew it was weird but i didnt know it was lovebombing manipulating me fortunately i never said it back because why the fuck would i love anyone after a week
0,i dont think the users there are harsh from what i saw but i think the whole atmosphere they are preserving there i think the moderators encourage it is kinda unhelpful to be honestand i think the moderators there are shady and harsh i think some of the resources are good but i just mean the forum im scared to post this here but i dont know where else would be good to ask so im taking the risk its just that they both seem to be such prominent forums for vulnerable people so i just wanted to know if anyone else had similar thoughts about them
0,i would like to surprise my friend with the kindness of strangers by crowd funding her vet bill please take a look at the gofundme url i have set up any and all donations are greatly appreciated even if you are unable to donate shares on facebook and twitter will be very helpful thank you for taking the time to read my request
0,the langar runs off donated food money and volunteers this is a great place for food and renourishing of the soul i dont mean religiously i mean just connecting with fellow human beings beyond the physical being homeless is very rough emotionally and mentally
0,the best time to plant a tree was years ago the second best time is today my new favorite quote i know anxiety cripples all of us but if we can accomplish one simple task that weve been putting off its one stop closer to recovery today i got a haircut i made excuses for months and kept cancelling my appointments
0,it happened in the fall of i was getting off the bus and a boy that lived in my neighborhood was walking to his house i ran up and tackled him as we have done many other days before we would always wrestle have snowball fights goof off today was different
0,first thanks to everyone that submitted a request there were a lot of great requests and i wish that i could fulfill them all if you didnt win this time please keep visiting rassistance as im sure well be be back with more laptops to giveaway in the near future winners announced below are subject to verification of their details as outlined in the original post if you have not replied to the im you received from me within hours you will be disqualified and another person in need will be selected
0,i have struggled all my life with weight for the past month i have been dieting like a madman counting calories working out etc i have lose weight before in mass amounts so i do know how to diet and weigh food but the scale will not budge inches will not budge nothing so i decided that i am going to talk to my doctor about tapering off lexapro next week when i go in to see her
0,i honestly thought it might be similar to calling tech support getting escalated to a manager then actually getting results i thought they might have resources i havent haddidnt know about yet they didnt they called the police and filed a false claim i was standing on top of a parking garage ready to jump not true police came spoke with me decided i needed to go to the hospital against my will i tried to reason and explain most of my depression and anxiety was financially related and this would make it worse
0,im trying to improve my hebrew and i would really like to be able to pray while at home on shabbat and festivals i live very far from the nearest jewish community and its very difficult to learn and become more observant on my own due to financial restrictions i have been unable to purchase my own siddur wishlist link below but of course if you have your own siddur you would like to donate thats great too url
0,hey you cant lay down like that man i could tell you what i wanted to say to the oversized krillin looking mother inhale but that was because i was tired i sat down to kill time before the shelters in the morn began to open i decided to make base in atlanta because i knew leaving any further north would make it hard to return to savannah with the ticket that i had i was bound to georgia until court day
0,not like triggers per say because id have to ask her about that but more general behaviors like if i see her acting in a certain way that is common to abuse victims i should know to be careful around that like apologizing a lot is a common behavior knowing about the abuse i didnt try and correct her or anything save one time when she thought she was bothering me and i told her she will never be able to do that so any additional information is useful
0,weve known each other for years were fwb for about years then moved into the committed monogamous relationship were in now and have been in for years ive really enjoyed everything about our relationship as shes taught me more than anyone ever has and has been the best at putting up with any and all things that have come up about halfway through the first year she began asking if id ever be okay with her experimenting with a girl or if id ever consider her having other sex friends she doesnt want serious relationships with them she only wants to bang having never been asked that in any of my previous relationships i told her i wasnt sure and that were i ever on board with that idea id let her know
0,he laid me down and went to take off his clothes then i sprung up ran to the bathroom grabbed the keyonly one we have ran to the guest room and locked myself in there finally safe no pillow or comforter though just a thin blanket and some clean laundry no matter i couldnt fall asleep anyways around am i crept outside took a shower gathered most of his stuff i could find and left him a note saying i took his key and when id be back at pm he should be gone and anything that he leaves behind goes to the bin
0,and after every episode with them he treats me like shit for a couple hours at work i assume wondering if i know about his behaviour and if ill say anything i completely ignore it and refuse to let it invade our work environment its my world and my people and im his superior hes not going to win a power struggle so i dont even have to worry about it other days we get along fine from
0,despite that all the following is true we have both called each other bfgf and referred to there being a relationship we have had oral but not piv yet sex a few times slept together naked and have had many intimate conversations including the last time we saw each other we both mentioned early on that we arent currently dating anyone else we have both talked about going to specific events and doing things together in the future
0,any help would be appreciated after this coming paycheck everything should be ok prices url daily day day
0,edit sorry if this is very wordsaladesk and difficult to follow this is one of the only times ive ever spoken about this and the first time writing the entire thing down its long but it includes every detail that les to what happened i would really appreciate anyone who wants to avoid any abuse or is going through abuse of an employer to learn from my mistakes and be smarter and stronger than i was i had gotten my first retail job at a very popular hunting and fishing retail chainstore i had been given the idea to work there by my boyfriend at the time
0,hi last night my girlfriends mom passed away my girlfriend has anxiety and i want to help her in every way that i can i had in high school anxiety but never experienced loss and i want to help my girlfriend in any way that i can shes in college and ive been doing everything i can think of but i want to make sure shes okay
0,it seems like you only ever see people try to complicate mental health so i woke up this morning and decided that i could try to take one step to start simplifying itmaking it more humanhonest dont hesitate to reach out and message me if you think any of this speaks to you feel free to share this guidebrain regimen to somebody you think may benefit from it its time to stop talking about ending the mental health stigma and actually start talking about these things more like its a dentist visit
0,shell order so much food and binges on it while downing shots the whole time the way she orders food and drinks kinda makes me change my eating and drinking habits when im with her its like im binging too she always excuses herself to the bathroom right after a meal and i know shes purging the more recent time i hung out with her i put my foot down a little more and told her i didnt want to pay for so much food and that i wasnt doing shots i never do shots but she always orders them for me when im out with her and then is really manipulative in order to pressure me to do them
0,had a good weekend went to a movie together the th feb she started full dose of zoloft feb weekend we hung out again but mostly stayed in because i was tired from traveling for work again she seemed a bit more distant than id seen her but still content and we had a good weekend together everything remained normal up til feb or so regular texting sexy texts etc
0,he grew from a short stubby orange haired freckle faced awkward boy into a seemingly strong tattooed pierced tall ginger man i thought i always wanted from the time i was i thought he loved me i didnt know why but he told me often on the phone through letter i was the girl he thought he could never get i was out of his league his words
0,it didnt go exactly how it should have done though and the female had to go to theatre and lost pints of blood my aim is to get my story published and once it is selling the money i need to initially get the book into print would be donated to research into ttts over and above the donation a percentage of all further sales would be donated to this important research if you can please take the time to click the link below and share what i am trying to do i would be very appreciative url
0,shit if one doesnt exist it should and if there isnt something like that how do you guys cope or manage with that do you research it if so how and where or do you bring a selfcare kit or just any information or experiences i could hear from this would be great thanks ahead of time
0,long story short someone presented a very powerful monologue as a precursor for a healing art session following healing art there were powerful guest speakers the monologue shook me and put me in a vulnerable space when heading into the healing art the speakers solidified this i searched for the right words and for the first time i found them
0,my sister lives with her bf and my year old nephew about minutes away from me a few days ago she asked if her and my nephew can come spend next monday friday with me because her bf is going out of town and she doesnt want to be in the house alone without him they live with his family so i guess sometimes it gets uncomfortable i said okay sure i live in sqft a studio but i have a pullout couch in addition to my bed ive been with my bf for years and about months ago he unofficially moved in with me unofficial because we share bills and all of his stuff is here but his mail and whatnot still goes to his parents where he was living before
0,i got a new job yay but there will not be a paycheck until end of april start date is april we are a family of me my daughter my boyfriend and his two teen kids he sells insurance but it averages about a month income and that just barely pays bills i get foodstamps but only for my daughter and i and the next date is april th
0,the father has one of the most notable family lawyers in illinois working his case justine cannot afford a lawyer she has followed through with her treatment for ppd and has had psychiatric evaluations and physical home visits to prove she can provide a safe and loving home for her child for over a year justine has been fighting merely for the right to even see her child shes been issued skype visits
0,felt kinda awkward but they know i dont want her any harm but have to protect myself now i still feel like crap for ending it right before her surgery when she got angry she also insults me for that that she can never forgive me that ive done this at this time minutes later she apoligizes for saying that shes really struggeling
0,quick summary she kicked her husband out several months for physical emotional and verbal abuse to her and the kids things have been going somewhat civil ever since he has been paying her child support unmandated by the court not because he is a good guy but he moved in with his parents and they make him pay her yesterday there was an incident involving an arguement in their driveway in front of the kids which ended with him punching out the side window of her minivan while her kids were inside it
0,but the death of a dream was inevitable she brought a guy to our family home one night i was out at a friends she and i were sleeping separately but the kids still didnt know that she and i agreed to separate and try to work through this cooperatively so drunk her brought a guy home to kids that were awake and were shocked to see her like this
0,i have health insurance and i know my insurance website has resources for finding a doctor but what factors should l look at when going to choose my doctor ive never done this before but i think it will definitely help please let me know your thoughts thank you
0,people may quickly think drugs but just try and quickly think animals unless you are dangerous when you have your episodes or become angry after them just think that all of that drug money some people spend could go on raising and giving a loving home to an animal who will heal himher x xb xb
0,anything you forgot to write about in your statement that you wish you wouldve i have so much to say that i have no idea where to start thank you so much in advance sending hope love courage and so many prayers for everyone during this season of your lives so thankful for this community and support from each and every single one of you
0,we are no contact and have decided we wont talk to each other for at least a few months or until were ready to talk and maybe try to be friends he says he still cares deeply for me and loves me but this is for the best i wish it was easier to get over but it isnt what advice do yall have thanks
0,at the shelter we are not allowed to store food in our locker they do random checks but i can keep some stuff in my backpack i have access to the work locker monday to friday and will store food in my backpack on the weekends i needs suggestions that are reasonably healthy because something as simple as cold that takes people days to recover from takes weeks to recover from cause my thyroid meds suppress my immune system xb edit thank you for the food suggestions
0,and then a short moment after i fell asleep i get quite a lot text messages that at least another dude do want her to sleep over that im a shit guy and so on i honestly dont think i can live long with this but i do care about her and want to do something back for her i was pretty much done with my live and lost all fate and interest in things she was the one that got me back on these things and beside these moments i have a good time with her aswell
0,thing is after we broke up we had sex a few times in august and september and as far as im aware she has slept with at least one other guy in this period too the real question is what do i do now i want to tell the guy about this and wish someone wouldve done the same to me years ago but at the same time im one of her exes is it really my fight to take tldr ex probably cheated on her new boyfriend with me should i tell him or just stay out of it
0,when we had our first fight i did everything i could to gain her back in my life i quit smoking cigarettes because she went on a i hate all drugs and anything smokable rant i tried to be more mindful and kind because she said i was the opposite i tried to change because i wanted my best friend back months later she let me back in and i was so fucking happy
0,i have started working on a youtube series about coping with and healing ptsd using movement therapy to find flow hooping is my outlet i am super excited to share this with you beautiful strong wonderful survivors so please share this with anyone else who you think could benefit from this series wishing you well until next time may peace love and light always be with you journal entry january url edit formatting
0,made her feel shitty i understand when my grandma was dying of cancer she kept forcing my grandma to undergo procedures and more chemo because she didnt want to lose her mother nevermind that wasnt my grandmas wishes and a slow all of her siblings were getting to the point of not wanting to subjected her to further treatments and just let her go but not my mom its all about her
0,there was no need for child care when our daughter was my husband her father taught her the word privacy he then explained to her yr old self what it means so she could understand it was so cute when i would try and help her with her bath and she would say no mommy i need my privatylol we encouraged this as she got older
0,do not drink a lot and only eat mild food before and during event gave myself permission to leave for any reason whenever i wanted giving myself control has allowed me to return to meetings at work in peace i have been doing this for about years no one knows i have these fears
0,its heartbreaking to watch him get up at night to cry i suggested therapy but hes not in favour of it i think his father passing has also altered his reactions which are out of whack now i was sick last week and was not in town he let a couple of dishes fester in the sink and i discovered when i got back that there was fungus on it ie
0,sometimes when i finally got out of bed and stood up i felt like ugh finally still it did not happen every morning and even when it did i still felt rested from the long sleep so i thought no more of it also they were never nightmares sadly my body got habituated to the sleepcomponent of mirtazapine after about five months and my old warped sleep cycle slowly creeped back into my life the only benefit left in the medicine was the mild mental cushioning it provided but at the same time i started to suspect that what i needed wasnt cushioning but to make new constructive life decisions that only i could make
0,my wife weve been together years however is determined to finish the job her father taught her much of what she knows and that is certainly a factor as to why she is an constructual engineer but unlike her father she isnt a certified electrician or plumber nor is she especially skilled at carpentry the issue is that we live hours away and even if we did go every weekend to work on the house it would take well over a year to even get it into a acceptable state let alone finished and sellable i brought up the idea of getting contractors to finish the house
0,xb here are the skills you dont realize you have that you can use to succeed tomorrow xb now maybe you already know that you have certain skills that not many people have but you view them as negative because its what happened to you in the past that made you learn certain behaviours and adapt a certain way of thinking
0,the next day i called m and told him what happened he was furious and talked about breaking up and told me i lied to him and he had trust issues because of his ex girlfriend who attacked him with a knife or hatchet or something and it was one thing after another like that often about things that i didnt think were lying the next thing i knew i wasnt going out anymore because hed always get mad for some reason
0,well i had a bad binge eating episode and stopped and my father proceeded to stop talking to me for months a total silent treatment ive done a lot of reflecting on my childhood trying to figure out if there were times he was like this that i had normalized but with my therapist and my mother we have concluded that he never used to be like this he was always a nice goofy dad who loved me he still loves me and we had a ton of fun
0,and its not even those three word either no it spiraled in a store and went from i will always love you to i stopped loving you and everything is your fault
1,i of course understand her wanting me to be safe but i have an iud and use condoms of the time which she knows because she pries about my sex life she knows im sexually active and i dont have a boyfriend and is really judgmental about me having casual sex i had a pregnancy scare last week im not pregnant and all i wanted was some advice from my mom and she used it as a way to make me feel bad about my sex life when i was younger she would constantly slutshame me for things i hadnt even done and made me feel so guilty about the idea of even having sex that i didnt have sex even with my yearlong high school boyfriend because of this crippling guilt whenever we argue she makes it a time to critique my entire personality and not just my behavior in that argument or even within my relationship with her
1,things my boyfriend does make me feel bad sometimes for no reason actually like when he doesnt text me back for a few hours because hes really busy with work but he texts me back whenever he can i know it and i start having weird thoughts like is he already tired or bored of me is this just another guy who made me fall in love with him and think that he loves me and cares about me and he actually doesnt give a damn about me i dont want to have these thoughts so i try to stop myself from thinking about that all but sometimes i just cant stop and i feel too bad for no real reason actually because i honestly feel like he loves me a lot i feel like a bad anxiety attack is coming and i cant stop it
1,over the past couple of years ive been getting increasingly afraid of road trips ive been terrified of dying in car accidents i dont know entirely knowing where this fear is coming from i was in a super minor fender bender as a teenager but that was it in college i lived in a city with insane traffic and regular accidents but i never experienced an accident myself
1,im not against working my ass off im just getting down right now no responses to applications can do that im in a state that doesnt even have a real art school i have no funds whatsoever no family to help i dont know where to go from here like how do you even apply for scholarships how do i not starve to death if i can get to art school
1,needless to say that is all a lie from him he is here from dsssocial services just like i am what i am worried about is my safety and security this guy is obviously mentally ill and a drug addict and alchie and now i am really concerned that he will do something to me because i stood up to him and his nonsense bullshit how should i proceedcall social services and turn him in or call the police next time he harasses me
1,long story short worked in a call centre for years for a vehicle breakdown service starting to not be able to cope with it any more due to a combination of things change in management not enough staff for a constantly expanding customer base rewards based on whether your face fits rather than actual demonstrable achievements etc unable to relax after work constantly thinkingdreading going to work get random mood swings about it either intensely rageful or wanting to burst in to tears headaches that go on for or days at a time are now a regular occurence starting to manifest in other physical ways unable to sleep constantly weary having a lot more sickness than usual
1,im completely devastated my cat was just hit and killed by a car i dont think im allowed to bury him in the garden we rent and i dont know what to do ive searched online and found loads of pet cremation services but they all cost a fortune i dont have a penny to my name as im unemployed
1,but even after that he still says things that makes me feel uncomfortable for example when i suggest we do something or go somewhere that could be somewhat uniqueinteresting eg watching a documentary about sex workers in their s or going to a church in vienna to listen to the choir boys sing his first reaction via text is wtf i instantly feel bad and angry because he is saying wtf to my plans and interests when i confront him about it he says he wasnt saying it to me his excuse is that he was saying wtf about insert whatever the subject matter was
1,i think thats what its called where you relive your trauma and talk about it to take the emotional response and power away i am just nervous and very scared has anyone did this kind of treatment did it help
1,i feel like ive taken a giant step back ill address this in my next counseling session but does anyone know if this sort of reaction is common during a recovery process tldr abusive relationship led to a violated protection order the subsequent criminal trial has made me question my emotional stability and memories are the symptoms of cptsd causing me to fail in my interactions on a day to day basis or has there simply been a bizarre miscommunication
1,i dont want to feel like a burden to anyone anymore and to myself so the feeling of wanting to die didnt go away i dont know how to deal with myself or with other people since i feel like i should just get over it and continue with my life but i cant and im am i exaggerating am i just so weak that i cant deal with what happened to me that i cant normally continue with my life i was a good student and a good friend
1,no idea where to ask this on reddit ive been having an unresolved noise problem no help anywhere i looked for a cool year now meaning i havent slept in peace for a year over the summer i believe i developed tinnitus as a result of wearing headphones to bed and putting pressure on my ears possibly also through earplugs and earphones as well now im realizing the concession that im too poor to live alone off subsidized housing isnt nearly good enough and i do need to move for many reasons
1,i thought if i changed if i did everything for him he would love me like i wanted him to i broke it off a few days ago for good i cant help but feel so guilty for doing so at least when i was that man went to prison for years
1,in my mind i am in control of this i dont feel i have to try i can get away its like im using drugs to escape but im not on drugs im just dissociating to a place i want to be i feel that if i was forced to be in reality id be just as angry and terrified as a drug addict in rehab i dont know what to do
1,i am a failure as a mother i cannot even give my child a safe place to sleep and my post yesterday offered one piece of advice and a lot of downvotes today i am begging i created an amazon wishlist titled emergency listurl i just want my daughter to have somewhere to sleep that is not the cold floor in the middle of winter
1,it started off small but its getting larger and larger by the day to the point that i want to cry all i want to do is sleep but no matter how much i sleep im still exhausted i sleep and sleep and sleep and sleep i fuck up my school life by sleeping so much why am i still tired
1,so i dont believe shes telling me the real reason shes pressuring me to have another baby i am going to leave it here please ask i made a fake account so i can be honest as possible here are my primary concerns though the day care incident with money i feel like i cant trust her with finances
1,i am ignoring him thats not what this post is about basically after all this time my ex has recently decided he knows i cheated on him our entire relationship i didnt knows im this chick online who post xxx pictures of herself im not and has reminded me of incidences of our relationship that has literally never happened like for one example that time i called you from jail and you cried bc you were at a guys house and you knew what you did was wrong so you told me you needed help yet he wont show me any evidence it doesnt exist hes literally fabricating things out of thin air and claiming they happened he isnt denying that he was an abuser but hes saying like you were bad too
1,im too unstable telling parents is not an option im not going to give the easy redemption for them all this is still suspicion i know im no professional but im telling you ill get help
1,through everything i just froze and waited for it all to be over each time i petitioned her to stop she would become very visible distressed she spent a lot of time talking about suicide during the school year we exchanged letters every day at school that in retrospect sounded a lot like love letters from her part but i chalked it up to a best friend love id never been in a romantic relationship i was at that point and didnt really know what that looked like anyway
1,hi everyone my name is lily im i live in ca and i really need help with rent ive tried to do everything i can but i cant get any help so reddit im looking to you to help me out over here i need hundred dollars by the end of next week unless i get another dog sitting offer which then of course i will let you guys know due to so major life issues father dying at age grandmother dying a month later getting chronically sick around that time ptsd im having trouble getting my ged which is making it harder for me to get a job but i am trying
1,i never felt so uncomfortable and scared other than the night he did put his hands on me and it was exact same feeling today that was the scariest part it felt like that night never ended and i was just at the peak of emotion i know most of you will say you need to leave or something obvious yes i know but things arent that easy and than theres a me that is holding on to a stupid fucking thread of hope that he of all people will change
1,i was just going to bail the next morning and not come back but i called the cops to come get me that night that how unsafe i felt i feared for my life please people i need to get a job and some type of place to stay in florida shelters do more harm than good
1,im high risk for ppd seeing as i have preexisting bpd and anxiety and going back into working immediately after giving birth would most likely be very damaging not to mention i havent had the easiest pregnancy having had multiple emergency room stays and having been hospitalized my goal is to have at least the required time to recover without having to put myself in debt even is a huge help because thats less that well have to borrow to cover our bills while im not working url
1,ive had anxiety for a few years im seventeen and only got diagnosed properly like months ago alongside depression over the past few months ive developed a stutter and ive been unable to form proper sentences which has given me a fear of talking to friends and even just talking in general im not the smartest person in my family and have got the lowest grades but ive always been excellent with my literacy but when im talking to either my family or friends the words just cant come out ive recently had something happen to nw where i was used for comedy told to try electro shock therapy to help my mental illnesses by some guy pretending to be there for me this is only really related because this has made me really antisocial and i cant trust people anymore
1,bottom line is this is the first situation in a long while causing me to really get anxious im thinking about it most of the time and waffling about it and today i got the invitation and started looking into flights and transport and im overwhelmed im at an age where traveling alone shouldnt be a big deal but it is i never have traveled alone aside from a handful of hr bus trips in ish any advice
1,im not exaggerating in that i legitimately thought i was going to die i dont think ive ever been so scared i keep a diary and reading back on what i wrote at that time makes me cry at the memory something else new ive been experiencing is numbness ive never felt numb before but its been happening more lately
1,how do i stop this without getting myself blacked balled or dealing with this harassment tldr i broke up with my ex who cheated ive been getting harassed by exgirlfriends sister at my job she holds a lot of weight in the company and her behavior has escalated how do i stop this without getting myself blacked balled or dealing with this harassment
1,basically im going through quite a bit right now i suffer from anxiety depression probably low mood irritation poor concentration and things just havent been going that well my friend who has autism makes offthewall jokes about death and killing in general that bothers me as two of my friends have passed away in their s and i still think about them and try to remember the good times suffering from the doubting disease has been fun
1,im just really scared about this entire situation and feel conflicted about what to do this isnt the first time something like this has happened as my dad has previous jail records and hes threatened our family before and even hit us when we were smaller i just feel really scared and really confused about everything and cant believe its come to this my mom doesnt want us to do anything because she lives in fear and is hoping to wait until i graduate im in th grade so we would have to wait a year and we really cantshouldnt so she can divorce him she only wants to wait because she cant support us by herself if we do move i would be fine with getting a fulltime job to support my family im already a private tutor but i only do hr a week for
1,this past week hes gotten really bad where he told her she couldnt use the house phone her cell phone the computer the car or even watch tv he even stopped eating food that my mom makes and starting making his own for himself yesterday i atleast bought my mom a new cell phone and added her to my plan he hasnt improved in the past week whatsoever this was the last straw for me and i want to move out in the next months and ask her to live with me temporarily
1,i have so much stress over money on a daily basis that sometimes its nearly unbearable as i mentioned i have received some emergency assistance in the form of loans through rborrow for which i am beyond grateful but though they provide temporary relief the loans themselves just end up being part of this vicious circle and mire me even deeper in the debt im trying to escape i know more loans arent the answer so im looking for a different kind of help
1,i have been trying to find an answer to this question over months my story starts when i changed while my life for the man i loved by believing him that he loves me and moving to california from israel since i was the one who were going to take the big step i had many concerns yet he always literally begged me to move here finally i did move here and we got married after a while i found out from a facebook message that he has been cheating on me all those time that he was begging me to move in with him i asked him about the message and he lied about it over an hour
1,it wasnt my fault it feels like my fault i feel like the reason that mother shouldnt have had to bury her boy i should have been a better friend
1,another update i received two messages from random women yesterday it turns out my boyfriendabuser has been cheating on me which is not surprising at this point one of them he went to get us food while i was home with my son he paid for this womans familys meal and got her number and has been asking her out for drinks every couple days she sent me screen shots of their conversations and he said the ring i gave her is simply a gift to the woman carrying my child we have had a rocky relationship and i can not see us as anything more than coparenting then said i dont work well with crazy
1,what is nothing is real what if everything is a figment of your imagination i panicked and grabbed the couch but the voice inside me said it doesnt matter if you grab the couch what is the couch isnt real what if your house isnt real at this time i called my brother sobbing and told him to get my mom
1,i thought i did well but i was severely depressed that weekend was my birthday weekend and he made it miserable he said i was a brat to ever think that it was a special day i received the silent treatment from him and him being drunk and telling me that im worthless and dont do anything for him i didnt even get a gift or affection
1,i desperately need a car and found a great opportunity but the previous owner died of a heart attack in it thats my number one cause of anxiety the fear of heart attacks he was relatively healthy and young i feel like a big idiot for not taking it but i have vivid nightmares of me having heart attacks then i wake up with a panic attack that lasts hours
1,ive been feeling off the past day where i felt i was gonna get sick and just felt weird im at my dads house visiting and have diarrhea now and my back hurts i think its from this bed and now im starting to tell myself maybe im having a heart attack maybe i felt chest pain a second ago but cant tell if it was real or not someone tell me im crazy and im ok
1,this crippling pain is getting stronger cant you see i cant do this much longer this fearless drip the subconscious tears hope someone can see my fear
1,she gave me an pm curfew even though i was in my s and never gave me a key she not picked every little thing i did even though i tried so hard to be a good guest because i thought maybe thats why she didnt like me whenever i am allowed to come here i have to bring my own food and own blanket when i told my mom i was in such a bad mental space that i thought i was going to kill myself and didnt feel safe to be alone she said i couldnt come over
1,hello everyone i am wondering what experiences people have with using mirtazapine as their main antidepressant for depressive and anxious symptoms low energy heavy feeling irritability concentration problems insomnia inability to complete mundane everyday tasks social anxiety fear of embarrassment worry or overthinking about socialization etc i am in therapy using a mixed method approach so suggestions of therapy arent relevant i have just begun proper psychotherapy and i am looking for something to help me when dealing with reality outside the therapist office my depressionanxiety has been building over the past months after a long remission period and due to current circumstances has nearly swung full steam over my everyday life
1,my boyfriend is currently stationed overseas while im still in the states with my four year old and our seven month old it has been very hard for both of us but i at least have the kids i often feel guilty for feeling sad or lonely because he doesnt have anyone there no friends yet family and he misses our son terribly hes having a really rough time with missing all of the milestones of babies first year and is depressed often when hes sad he gets angry
1,so i have been a bunch of strange symptoms over the last weeks which have caused me to freak out thinking that i have ms the symptoms are a sense of something crawling over my skin this is very random and never never localized and jumps from one leg to another and to my arms i think i got it even in my lower back and neck i think
1,my father was diagnosed with stage prostate cancer and while its wellcontrolled the side effects of his hormonal and chemo treatments have left him far more emotional but at least unable to just sublimate his depressionanxiety into anger and vent it at any available target anymore and the physical side effects have forced him into an early retirement meaning of the time hes home and sitting in the livingroom hes no longer directing the same vitriol and venom at me that he used to and neither does my sister but its all the little things they do to invalidate my feelings treating more like a livein servant than a family member and the occasional outbursts if they get angryupset that trigger me badly its making me lose ground lose progress and im having more and more trouble coping with everyday life and im afraid im going to just break crumble under the weight of it all
1,i relate to a lot of the symptoms but what happened to me wasnt life threatening it was more of a childhood trauma that has a lot to do with growing up in a chaotic home my brothers tried to kill himself twice trigger warning suicide and that vision of him holding the knife to his throat or choking himself with a belt will never get out of my head hence the reason im typing this at two am its really bad today and i have gotten zero sleep since midnight of last night i just cant shake those images out of my head ever
1,has anyone else whos dealt with anxiety their entire lives become very controlling in their relationships as a way to cope speaking to my therapist im realizing that my method of coping with the intense anxiety ive faced in life was to become so organized that i thought i could control everything but when situations arise especially with those im in a relationship with where i cant control the situation my anxiety goes out of control so i end up lashing out in negative ways if you have found you were controlling and were able to better yourself can you please direct me on where to turn to do the same
1,as a result i had a total burn out many months ago the situation with my abuser came up between this friend and i i explained some stuff but she said it was too overwhelming for her to hear so i never brought it up again my response to her saying i do nothing was just explaining that i dont tell people why im in this situation because it scares people its often retraumatizing when i tell people and their reaction is either to get scared and shut me down or not believe me at all her response was that a lot of people have fd up things they have to deal with but they still have to do stuff
1,this is a really shitty time to need support or therapy because its a holiday weekend im in horrible physical pain emotionally heartbroken and being ignored by my kids until i turn them back over to him tomorrow i dont even know why i am posting i dont know what to expect i just want to not be so alone
1,i was in a rabbit hole of youtube videos over the weekend starting off from music videos then vine compilations and then somehow fight videos on one of the side videos i noticed a video involving xyz high school where my boyfriend attended the video was actually pretty clear and my blood kind of ran cold when i realized one of the kids in the video was my boyfriend it was absolutely brutal and theres no doubt that this was him
1,im not mad but it makes it very hard to compete as im quickly figuring out that my school was fairly easy and i did not try very hard which yes it is my fault but i didnt think i was going to have to compete with the best of the best just know the course well i have always been able to apply myself endless amounts of will power with a drive to learn so yeah i thought i could learn what i needed to know but its more than that its knowing every little fucking thing about everything because thats how much everyone else knows
1,but i dont know why i get this feeling what can i do to stop feeling this way i want to focus on me and my things without having to think about her and what shes doing all the time so i can be less distracted and focused on my other priorities tldr i want to focus on my priorities in life but i find myself getting wrapped up in my thoughts about what where and what my girlfriend is doing
1,this is marriage for both of us husbands m ex f cheated my ex m had emotional affair leading to ending marriages in the same year we dated in high school and reconnected as friends started dating about a year later moved in together after a year got engaged years after that before getting engaged i found out he was having an emotional affair with a woman who lived about a hour drive away from us i found out when he left an im open on his computer found steamy texts when i went to shut off a noisy program
1,i drove the minutes home with my fiance on the phone helping me count my breathing i got home and collapsed i couldnt breathe my neck and chest hurt i was hysterical
1,i keep alternating between crying laughing and freaking out im also really upset right now and my boyfriend isnt making me feel better he keeps saying things like this is all your fault and no one is making you think these things and to be patient with things i feel like this is going to kill me
1,i had to do some other repairs thanks potholes that put me even further behind on payments i can do the brakes myself to save money i have a friend with jacks and tools i just really need help getting the brakes im actually getting worried about them now starting to get spongy
1,now i know everyone is going to maybe think its from the suboxone but it or at least used to be one of the things that helped my anxiety if i admitted myself i am afraid theyd admit me and make me go cold turkey i am unemployed and looking for employment i live with my grandparents im a year old male
1,the next day after a meeting he tried confronting her about being ignored to other people its nothing however to me i cant stand the thought of her being assaulted or harassed in that way i think he might be working later today when shes working we both discussed that she would tell him to stop and that she has a boyfriend and if he doesnt stop shell tell the manager which im okay with except all i want to do is protect her part of me knows that shes going to be okay but i need some advice about how i should address the issue if this guy doesnt stop keep in mind the fact that i can wrestle and basically fight and can someone tell me something that will help me hold onto the hope
1,this is an idea that my father also reinforced in me heavily i remember vividly when i told him that everything was my fault in my child mind obviously meaning you make everything my fault which was very much the state of things in the house growing up and he straight up told me to stop fucking up so much if i didnt want things to be my fault i should emphasize all fuck ups were minor letting a pack of strawberries go to waste forgetting to call him as soon as i left school etc but punished severely hell even if im in the wrong now i feel like im still a victim i cant gauge conflict to save the life of me even if im being an absolute ass ill feel like im the one whos being persecuted my last relationship was a while ago and lasted about a year
1,these thoughts are always a great source of frustration to me especially when im close to an artistic deadline like a gallery exposition that is coming soon im never confident enough to show what i do even the minister of culture in my country has made some very positive criticisms about it but my mind always goes back to thinking those people are only saying these things to be nice honestly does anyone else feel that way what do you do when this happens
1,i have been living in location at a homeless shelter run by the salvation army since the beginning of february i know it hasnt been that long but still and i started a new job a month or so later around the beginning of march i dont know if my boss did a google search of the address i have on record or maybe drove past it one day but i overheard him talking to another one of the staff about how the homeless population here in toronto is getting pretty bad and how there might be a lot once the weather improves because of the people trying to leave the usa because of trump and since i heard this conversation i went from having shifts of hours per week hours per week down to this week i have shift thats only hours and hes blaming how our sales are really slow which they are down by an average of compared to last year according to the reports that are printed automatically each day it also doesnt help that since i started a month ago we had employees and as of this morning we now have tell me why the hell if business is so slow why did we increase the number of staff by almost
1,i dont know whether to call the crisis team see if theyll stay on the phone as i leave to distract myself im determind not to be as agoraphobic as i was i will not be stuck inside trapped by myself yet here i am frozen in bed scared to leave in case it means i even start getting ready to go towards to front door i know i should eat but the anxiety part of me keeps trying to convince me i dont need to eat ill be ok if i just stay inside safe
1,ugh i just need to tell people who i know will understand what happened if you can relate offer support anything that would be appreciated ive been dealing with this disease for years now and i just had the worst flashback ive ever had my boyfriend had a long day and was going to sleep before me
1,cigarettes used to help but they dont anymore alcohol helps but then it comes back worse the next day in the months that its not happening im welladjusted i thrive but then my luck changes someone starts listening to music next door or revving an old engine in their yard and all my progress collapses
1,so long story short my parents are terribly abusive im almost and it took me this long with the help of my wife to realize this lots of things happened too many to list in a single post but it got much worse last year when my daughter was molested by my younger brother we had asked my parents to watch my two daughters due to a medical emergency and thats when it happened with my father in the room his eyes glued to his cell phone we involved cps the police but my daughter didnt quite tell the police everything and with their investigation they could not press charges against him after their investigation was complete we informed my parents of what happened and they called my then year old daughter a liar to her face
1,this is something im working on figuring out for myself option we each move after we each get a job in city a drawbacks one of us will be left at our current job for a while with our boss and coworkers knowing the other is likely to leave soon after im not sure if this is an inadvisable situation bf will likely find a job first as he has a few more years experience than me plus some management experience
1,i know there are a lot of bad stories on here about therapy but i was wondering about good experiences my own experience was six weeks ago i slipped and went on s bender i fell into a depressive suicidal crisis i phoned every crisis line that exists for ten hours well getting drunker and drunker
1,that was easy i was probably anxious about my health because i lost a very close relative when i was the second step was to identify when my health anxiety episodes were taken place checking my records of doctor visits i could see that my health anxiety manifests after a stressful period in my personal or working life the stressful period would cause some psychosomatic symptoms and would trigger my health anxiety another trigger would be something i heard about someone dying or getting sick or reading about a rare illness
1,we had an argument then he started trying to break my phone by bending it i intervened and begged him not to and he stopped short of breaking it i was a domestic violence victim before in a previous relationship and i buried those memories but this incident made me remember some of those memories and i feel traumatized and scared to be experiencing the same things again i feel scared and i dont know if this would escalate into something worse we dont have kids and weve been married for a couple months
1,the prospect of this has me utterly overwhelmed right now though i apologize for the erratic train of thought in this post im honestly at my wits end and thought it would be worth reaching out on this sub even if you cant help me financially any sort of aid would be helpful im going to be on my own for the first time so any household supplies you might even have laying around that you could donate would probably be helpful even advice or resources would be great right now
1,ive never even told anyone this because it makes me feel like a yearold loser but now i have no pride to lose by saying it so there it is i dont want to die but the thought of living in a place i hate and having no control of my future is a worse fate i just need some hope thanks for listening
1,when people dont understand and tell you how to be when you evade all answers and feel like a monstrosity shut the blinds the outside world hide away worry about the morning upcoming day night arrives should be fine am i right turns into a turbulent anxiety night shake my head am i the only one who feels this way take my meds daily occurrence of will this ever end hate this paranoia of internal mindset get told it will get better how to be change myself for you to try and frankly thats never the good answer
1,i always sound like im about to cry i get really hot and sweaty my hearing starts to go i had to stop in a presentation one time last semester to say im sorry if i have pretty bad anxiety so if it looks like im about to pass out please catch me which was to keep it light and the class did laugh but it was also a legitimate concern does anyone else experience this is this what social anxiety is
1,she still invites me to things and hasnt started dating anyone else or even talked about it but frankly im starting to feel kind of pathetic asking her to hang out after she turned me down for the date i do like her as a friend but have started thinking of her as more than that and its hard for me to ignore that when we spend time together its even starting to affect my selfesteem a bit because usually if someone turns me down no matter how reasonable the excuse i just move on to someone else and spend less time with them but its a bit harder when that person is already your friend my questions are should i just give up on the potential of a romantic future with this person or is it possible shes still feeling things out like she says and regardless of this should i start spending less time with herstop inviting her to things even if just for my own sake
1,first off i want to apologize for posting here so often i dont have anywhere else to turn to i recently contacted my abuser i dont know why i think its part of my self destructive behavior and ive realized something
1,i didnt do anything during spring break except maybe go to work and even then i missed a day because i just couldnt deal with the stress most adults get excited to tell you they did absolutely nothing during their break and there was a time when i enjoyed taking a break too but now it seems like every time i have a break or a day off from work it makes the stress worse
1,i have a fear of fainting so i was like what if i fainted from so much fear during this test and next thing you know worst panic attack of my life during the quiz and i failed it we have the test the next week and same thing happens but less intense i got a d on it now i have a d in the class i am teriffied
1,my tourist visa ends november part of me wants to wait shit out until my green card gets here and then leave him the other part of me wants to walk to my nearest lawyer so that i can hand him divorce papers and demand money to send me and my dog back home he said if i am wanting to go home i should pay him back from my credit card the for immigration paperwork and lump sum crossfit membership he paid for me what to do
1,i probably havesevere gad at least i think i do i need to get help because im avoiding anything i can school starts again in a few weeks and im an upcoming sophmore i want to stop skipping lunch because all of the people in there make me anxious and i cant bring myself to look up i stare at the ground of the time whenever i walk through the halls because i cant stand to make eye contact
1,he keeps going back to her he even cleans up the messes she makes when she smashes his stuff he has dropped all of his dreams because she doesnt approve of them sorry for the long post but it sucks hearing that he is in this situation and we just want our friend back so he can recover from this he used to be the funniest and happiest guy around and now he is just broken
1,but one night i somehow picked up on a pattern or loop in the cricket sounds and i havent been able to listen to it since my brother had the same model in the room next to mine and i ended up getting him a new one for his birthday because even puddles through the wall every single loop felt like an ice pick to my forehead its like my brain knows what sound is coming and the auditory autocorrect is mentally painful and dread inducing any advicesuggestions would be helpful cant seem to get the right combination of experiencessymptoms from misophonia sensory processing etc thanks
1,so i survived years of physical and sexual abuse as a kid im finally at the place in my counselling where my therapist and i both think im ready to work through it i really like her and trust her but the guided questions she asks remind me of how few specific details i actually remember today she had me close my eyes to focus on where in my body i was feeling my anger and it was like i was whooshing through a tunnel until she wasnt in the room anymore and my body felt all weird and flat my head would feel gigantic and then absolutely minuscule my hands would be gigantic and then my feeti dont know how to explain it its like that scene in inside out where the characters become abstract shapes for awhile
1,and im just really confused and dont know how to feel or what to believe or think did he kill himself because of me did he know i wanted to see him or did they simply never told him is it my fault he is dead now and that my little brother has no father anymore im just so confused and overcome with emotions right now
1,the main source of this stress is a scholarship i am on that requires payback if you lose it meaning i would be in the whole about if i fail and get kicked out the contract states you can either be kicked out or placed on probation but i cannot find any precedent on what direction they lean without diving into many specifics on this class and the great and i emphasize great impact it can have on this scholarship i wouldnt be able to get my ae degree i was hoping i could find some advice on increasing my productivity and generally improving my mentalphysical health i am reaching here i really need some help my fiance bless her heart is not much help because of planning the wedding and i dont have a lot of close friendsconfidants
1,however my job is physically laborious as i start at am and dont wrap up until pm im currently relying on coworkers get to and from since my car is out of order so i dont have time to run to the supermarket to ask any of them to help me buy groceries to pay them back later ive run out of the pantry food and ended of my work day early today due to feeling sick im assuming its a stomach virus as i was home by am today slept for a few hours and ended up hurling everything in my stomach by pm please i need a hot meal even if its from the local chinese place
1,edited to add i am unable to work my disabilities are worsening frighteningly quick and i have no doctor plus i keep getting dismissed at the er ive been struggling more and more with breathing and movement i even had to start using a wheelchair i have severe digestive issues and theyve gotten so much worse i bleed when i go to the toilet im in chronic pain and chronic nausea its like having the stomach flu forever stuff keeps coming out so i really cant work
1,and really thats why im typing this post i want to know for certain if i was witnessing a domestic violence incident feel free to delete this post if otherwise again this is a throwaway so i dont mind if theres anything i could andor should have done differently there and if theres anything i can do to help in case this happens again which knowing my job it will im wondering if i should have slipped her info to a hotline or lied about calling the police or something in the back of my mind i keep telling myself there was something i could have done here any ideas edit in case it isnt clear i did call the police i just didnt inform them of my domestic violence suspicions until they arrived due to what happened between the call and their arrival
1,most mild of it was my dad used to hit my butt and call it a love tap i told him not to do that and hed say youll understand when you are older like i said this is mild and i dont think constitutes and sex abuse but i was absolutely uncomfortable and my boundaries were crossed hardcore i told my dad i wanted to play football when i was he told me i should try for the lingerie league instead my mom used to go clothes shopping for me and he would tell me to wear the opened back and low cut shirts because thats what the boys like even though i didnt want to one night he walked into my room completely naked and turned my light on i woke up and he stood there for about five seconds completely nude and then turned the light off
1,i was a severe addict that had overdoses when i was younger and addictionalcoholism runs on both sides of my family please tell me the hijacking will stop and i will come back into my own person i dont want to come out of on the other side and be this nervous and uncomfortable person who is unable to have relationships i dont drink or take prescriptions or smoke i have been thinking of seeing a therapist i dont really have the time or extra money plus ive been really hurt from small intimate aa groups ugh is there another side of this ptsd mental attrition
1,it was all so wrong of me it started happening when we went to my fathers bday weekend and a family member groped me and i remembered that he also did stuff like that a lot of em did my partner was sad and fell asleep after i told them i couldnt sleep
1,end of january i just didnt have any way to get enough money and we collapse with an eviction process started working with friends and others we managed to get the money right after the judgement was issues for eviction this stopped the eviction but we still had a judgement
1,at least ritalin mg maybe more ive learned how to take many at once over the years of daily medication i dont remember everything but i tried to lie to him and he had to drag me to the bathroom and tried to make me throw up after a bit i realized what i was doing and tried myself it didnt work the scary thing is that when he went to call the ambulance and i thought i just might die i repeated to myself its finally over
1,here comes a little rant because i dont know what to do anymore and im done with it i keep on having panic attacks and i cant find the trigger ive been crying for hours now and yesterday and the day before as well im seriously afraid that i will go nuts one day i see no end nor a solution im afraid ill end up in a mental hospital
1,ive had a some fucked shit happen to me im not going into detail because im not looking for sympathy today is the last day i have to pay or quit i dont have anyone to help and ive exhausted all my other options applying for loans pawning things etc i need to somehow come up with by pm
1,background this time last year i lost my job got evicted and my car broke down all in the same month cut to today and i found out my site is closing and well all soon be out of the job i just feel like a big ball of anxiety and like i cant quite turn my brain off its like the world beneath my feet is off and im doing everything i can not to cry sorry for the brick of text
1,i got a very bad feeling but i at first ignored it the babysitter was a man and someone i had never met i was scared because i didnt know this man and i didnt understand why her mother thought it was alright for a man to babysit girls one of them being a child he never had contact with her mom proceeds to leave the house and were there with this strange and creepy man i was completely uncomfortable the entire time
1,i dont know what to do anymore she doesnt want help but i am feeling hopeless with her and im afraid its going to take a toll on our relationship i have my own mental health issues that i am actively dealing with and i just wish she could see that her issues are affecting people other than herself tldr my mother has unaddressed mental health issues how do i get her to take it seriously and seek professional help
1,im and have massive amounts of stress going on with job hunting i live with parents who are constantly on my back and getting angry with me for not having a job they keep trying to help me by saying oh this place is hiring and that place is hiring again i have tried all places where i live and every time i dont get an interview let alone hired even if they have a sign up that they are hiring they tell me sorry were not hiring right now
1,ive tried getting new glasses but that didnt help blood work came back fine i have tried medication but only helped with anxiety not focusing issue some days i just straight out cant focus luckily when im on autopilot and distracted i can get a lot done
1,i will browse a book on a subject that i want or need to study research it think about how its going to be then when the time for studying comes im thinking about something else sometimes i spend the day thinking about that hardcore workout im gong to do in the evening and then i spend the whole workout session thinking about something else sometimes even when im talking to people i like i realize my mind will wander does anyone feel these things do you think its related to anxiety or do i have adhd or something else
1,you can see the detail on my update right url and heres a link to the project github url so im begging you here literally begging you if theres anyone out there who would be kind enough to give me a second chance to fix my fuck up and finish my degree would you please consider giving me some financial aid via my gofundme url im literally in dire need of help right here and i dont know where else to turn other than the people of the internet kind regards
1,i had no insurance but got expensive tests run to confirm that i was not having seizures when that therapist suggested crystal healing i left and went to another one after over six different therapistspsychiatrists i have received yet another diagnosis of ptsd schizophrenia with mania anxiety disorder and depression the meds are not working and i live in a small town where my mental health access has been exhausted the last therapist told me after one visit that they arent really equipped to deal with people like you me
1,for no reason ill just wake up with anxiety like feelings stomach ache uneasiness some sort of dread or feeling like any little thing would bring me over the edge and have a panic attack i dont understand why and it can last for a long time anyways sometimes the breathing exercises help take the edge off it but it doesnt fully help
1,i started to get depressed but was personally unaware my wife started to notice that i wasnt eating was moody not sleeping and laying in bed all day she asked me if i was ok and i broke down all emotions came to a tipping point and i started whaling in tears i told her i had been thinking about suicide
1,but im wondering if anyone here has chronic pain and feels the connection between the two now the ptsd has been been coming up im sure im not alone but during the kavanaugh hearings my symptoms became very severe its still not entirely better i know many studies have been done connecting ptsd with chronic pain especially for women
1,kinda but now its just weird he buys us matching clothes tries to get us to do the same shit constantly insists that were so similar etc they try to hold my hands when we go out and when i told my dad i needed her to stop being so touchy with me he guilt tripped the fuck out of me im in a few days i need to get out of here but i feel so fucking guilty
1,i have therapy im on medication its so hard to just get through a week without thinking of him and now i cant stop picturing his stupid face i want to crawl into a hole and just cry and scream it sucks even more because i wont be able to see my therapist this week because of the th of july holiday im so shaken up over this
1,i feel like im letting this take over my life im constantly worried about what if is more then just anxiety i went to the university psychiatrist after a min talk he gave some pills and he book the next consultation for a mouth later the psychologist is impossible to book because is full my parents are away they worry so much they want me to come home i live hours away from them this includes flying i just dont know i feel really insecure about all of this
1,i am losing my place on the th and freaking out i am not sure what to do as phone just got shut off and funds are depleted the emergency funds i had are now gone as my apartment recently got broken into i have no family and am truly at a loss here in las vegas i feel like what might be best for me is to head back to pa where i am orignally from but without funds to pay for busplane out of las vegas
1,he purposely said the most hurtful things to me during our break up to make himself feel better and one of the worst things of all like i mentioned earlier he sexually assaulted and that also happened when he knew we were breaking up knowing how terrible of a person he is that some people have even told me he is a narcissist or sociopath i dont know why i still think i should have just stayed why i should have just seen if he could change despite how he never tried to change throughout our years together i just want to stop myself from thinking this way and fully move on and have myself realize i am so much better off and i even try to remind myself of all the bad things he has done but it seems that lingering thought of well was it ever that bad keeps returning
1,i have completely given up hobbies and interests outside work i do not have time to engage in them things that i could normally do to relax like exercise or yoga are absolutely out of the question because i work hours a day i am frequently sleep deprived due to my work hours
1,i am alone and i dont know what to do at this time im most interested in any quick tips that can be offered on how to manage feelings of violation betrayal humiliation distress anger at the abuser and all those who stood by ignoring the damage she was inflicting anger at those who have protected her at the expense of her victims anger at my family for their mistreatment and how they effectively set me up for future abuse dissociative symptoms are a significant problem at this time focusing on a movie tv show video game book even a short song can be impossible at times the interest in quick tips on how to manage those overwhelming emotions is an attempt to make it feasible to read a fre books im hoping might help pete walkers cptsd and james chus rebuilding shattered lives mackenzies psychopath free
1,i also used to get really bad nightmares about dying and the afterlife when i was a kid and my mom would have to rub my chest til i fell asleep i never ever thought it was anxiety and i didnt want to diagnose myself because i know some people actually have it and i wouldnt want to compare my stress to that just wondering if its possible that this is like mild anxiety or i am just sleep deprived also if its possible that anxiety can be come back after a decade of not having any noticeable events thanks ahead of time for any help
1,tw physical abuse my dad was screaming at me today and i started crying out of fear of course in my household crying is not allowed hence he physically hit me and tried to cover my mouth which led to me hitting him back out of defense my gums ended up bleeding and i dont think anyone else was concerned about how i was feeling they thought i was just overreacting and stuff
1,suddenly she snaps and goes i fucking hate my brother he is the biggest piece of shit ever i couldnt care less about him and just started going off now i know her brother can be pretty psychotic and from what shes told me he clearly has anger issues and the rest of her family keeps ignoring it sometimes even enabling it so minutes into her exploding she starts crying because apparently her brother told their dad something and the dad called her and said he doesnt trust her anymore or whatever she was very upset about the dad thing because shes very close with her dad and shes her dads favorite child he told me that himself when i spoke with him i didnt want to pry too much because i felt like it isnt exactly my business of their internal family issues but my girlfriend screenshot the text messages her brother sent her and i just could not comprehend how a human being especially a sibling can say that to someone
1,i suffer from major depressionanxietyfibromyalgia and i wrote this as an example of what i feel on an average day so that people who dont have mental illness can understand hollowed out doesnt quite cover the feeling because inside this shell are millions of raw nerve endings feeling everything that brushes by everything is so raw between the mental and physical pain its incredibly hard to stay grounded
1,fuck you bitch i can make your life hell and get you kicked out of here i manage this place when the owner is not around needless to say that is all a lie from him he is here from dsssocial services just like i am what i am worried about is my safety and security this guy is obviously mentally ill and a drug addict and alchie and now i am really concerned that he will do something to me because i stood up to him and his nonsense bullshit
1,i am on a paid assassins hitlist thats it i need to reformat all my hard drives fuck it ill just microwave those fuckers and then give myself the decency to have a painless death ok ok deep breaths we learned this in therapy
1,its becoming cyclical for me where i retreat and revise and then feel like i need to retrigger myself to avoid slipping back into denial that it happened the way it happened i cant live like this i dont want to live a lie but sometimes the lie is what keeps me functioning my therapist is away for a month and this means i have no one to push me to deal with this thing i dont know what to do
1,i was walking to a class when someone behind me at their locker dropped their stuff i went into a panic and i started reliving the trauma after it went away i told my friends about it outside of class in response they started jokingly throwing things at the ground including some of my stuff i started crying in the middle of class but no one noticed
1,all these sexual abuse accusations while wonderful to see so many men and women coming forward about sexual abuse i just cant escape it so much victim blaming the increasingly clear proof that many men do not actually understand what consent means its just too much i havent left the apartment in days and the only reliable form of self medication is too expensive weed im also autistic so ive noticed its also overstimulating me to the point im hiding its just too much and i thank you for reading my vent
1,i used to take sleeping pills that had a bit of anti anxiety medicine in them but my pcp drug tested me and because i had been found to have been smoking weed for my ptsd it was either stop coming their for the sleeping pills or weed i chose weed mostly because i was pissed they drug tested me for one but also weed seems to do the best for me now im regretting that decision i guess i need a new pcp huh anyway its a reddit until i dont feel like a deer in headlights kind of night so whoopee
1,this has made me really question where i am and if i should be staying put sort of if where i was was right i wouldnt be feeling like this is now im not thinking i should leave for the sake of being single to see someone else but maybe if im not as happy as i thought i should be leaving for me to have some time and space to do things on my own any suggestions reddit tldr my crush on my driving instructor is making me think about leaving my boyfriend
1,my friend made a comment that really embarrassed me because up until that point i hadnt realized how unusual it probably appeared since then ive been more conscious of myself doing this and while it feels like a shameful secret i continue to do it i know i never did this before so im wondering if it has anything to do with what happened to me has anyone else experienced anything like this i feel like im the only one
1,my mom is living on borrowed time and she needs cardiac surgery the whole thing costs around and needless to say we cant afford it im on my way to becoming a doctor myself in my final year of med school and seeing her like this without being able to do anything to help her is breaking me i love her so much we have no one else and the constant pressure is killing me
1,i spent six years in a very abusive relationship we had a child together after she was born i made my way out i ended up fleeing several houses and apartments trying to stay away from him theres been a long history
1,im scared im going to slip the next time i get in the car or on my motorcycle and just plow into something at full speed just because itd be so easy and it might end all the pain but then i dont want to do that because i have a safe car and i wear full safety gear when i ride so those are both maybes i dont have a gun i find my thoughts straying from just using one if i had one to thinking of places i could buy one from does walmart sell them in california
1,it makes me so disappointed in myself because i hate what ive become and i hate feeling so helpless im to the point where im afraid not knowing why most days i end up crying at work i have no friendship or relationship with those i work with and cannot feel comfortable around them theres even an awkwardness with my manager who only talks to me to criticise and complain and just before my holiday she gave me an informal warning
1,i walk up to the door unlock it and open it its k with my boyfriend standing by in sight i ask him what hes doing here he says nothing but stares at me with this blank stare then i get this weird gut feeling and ask have you been drinking in which he shakes his head
1,it did hurt but didnt leave any marks when i lied down i kept coughing and today it feels kinda constricted like theres a lump in my throat ive googled and realised how serious it can be and now im terrified but scared to go doctor what do i do im not calling police and i am not going to any hospital i will go to doctor if they are sensitive about it
1,i cant be in an abusive relationship but i find my brain trying to rationalize this to expand a little more this incident happened just a week after we had a huge fight over my depression which he doesnt seem to understand completely ive been stuck in a depressive episode for the greater part of a year despite medication changes and weekly therapy sessions ive been suicidal for quite some time now and he knows that but last week he actually told me maybe you should just kill yourself so in light of that happening very recently im in a very dark place right now
1,i have been always told that i was a burden a waste of space and that i was a fuck up even tho im the only one in my family get any qualifications nevermind getting into uni ill most likely end up homeless as i cant even work as i have little work experience and i try part time jobs just end up having a panic attack early on which got me fired each time my friends are all at uni doing well which makes me feel worse while im at home being a sack of shit who stays indoors all day with no social interaction other than my parents berating me about life i dont even know what do and its killing me my friends constantly remark about me being a mess
1,the me too movement ive found to be extremely inspirational and empowering i am no longer ashamed of what happened to me but i still dont feel like im healing i was hoping that these flashbacks and the anxiety fear and dread would go away over time but they havent how do people cope what do you read
1,i am afraid of anything and everything at the same time i am afraid of what happened or what may happen i am afraid the world the earth the skies the stars aliens humans animals whatever fucking bullshit thought that had occurred in my head that makes my skin crawl i am afraid of what i am or what i might become i am afraid that i might go crazy or fight that i might become boring or normal or average or weird or some fucking hippie or some fucking stupid hardheaded person
1,i have been either an emt or a paramedic for the past years i have been a part of way more than i wanted to be i cant help but see all the god damned faces i cannot work because i tried to protect my girlfriend and property from a threat ended up being someone shooting off fireworks i have been shot at enough and held it in i just cant im tired i want to give up
1,i asked him how hes doing to fund this if there are any bursaries and if so how much these are but he never gives a clear answer tldr boyfriend is unemployed looking for perfect job until he starts his medicine degree unsure how he will fund this degree i resent him for poor financial judgement and daytime chilling how to change this
1,without my meds i can be kinda unstable few months back i stopped taking them and ended up breaking my hand because of it i have no real education except high school diploma and i wasnt smart enough to finish community college as im useless with math and science and thats all i needed to finish for a general studies degree all i seem to be doing is existing and that means im a burden on anyone who tries to help me and right now im dragging my partner down i just need help figuring out what to do so i can stop being burdensome and be useful and have a purpose again i dont really know what to do anymore but this is all i have left to try
1,it was his birthday a few days i wished him happy birthday because i still care he texted me back saying i made his day it ruined mine now that i texted him that i opened that door again
1,am i writing it because it looks crazy or am i writing it because its how i feel maybe i cant word things clearly because its my deepest thoughts im going to try to write clearly because i feel like a fraud i dont even know how to begin i dont know the questions to ask
1,when we returned we discovered that one of our beloved pets health had taken a turn for the worse and we had to them euthanized so that was a setback we still have not been able to pay rent for may our landlords are trying to work with us but i believe they are becoming impatient also since the th there is an additional owed for every day that it is late so the amount is growing we are also still very behind in our utility bills i was able to negotiate something with the company that i finance my car through so that it would be easier to make the payments but could still use some help paying my insurance this month before it is cancelled again it was cancelled briefly in april but i was able to get it reinstated
1,this sucks were booking plane tickets next wednesday and half of me is ecstatic but the anxious half of me is dreading it i need to figure out how to calm all this anticipatory anxiety so i can just let myself enjoy my relationship the excitement leading up to our trip and even the trip itself although i feel like once im there ill be fine this is the same anxiety that has stopped me before and i am not letting it stop me again to anybody whos experienced this before what tips or strategies can you give me to help overcome it tldr very anxious about upcoming trip because im afraid of being trappedaway from the comfort of my home to the point where its affecting other parts of my life how do i get over the anticipatory anxiety so i can enjoy myself
1,i got as far as illinois when he ghosted me after urging me to leave in the first place ive been going between three different friends who know im homeless but think im i want to go to school get a job to buy my own stuff and get on with my life i dont think my mom is looking for me but i still need her signature to go to school i dont want my new friends to get arrested for harboring a runaway youth as well
1,i quickly think to check them all out in seperate windows and i confirm again that all of the profiles had been made very recently within the past month even up to the day of adding me its becoming really annoying having these profiles add me and its just weird that theyre obviousy fake but why so specifically pose as a certain kind of person and add another stuff about me im a lesbian so dont date older men and ive never really hung out with anyone older than so i know i cant actually know these people and if its some weird joke i have no daddy issues my dad is still around and its not really a funny joke its just weird i also note that one of the profiles which has since disappeared was really really creepy
1,i am obviously devastated i feel disappointed angry sad and rejected im constantly asking myself why she no longer wants to live with me she says she wants to have her own space to go to when she wants to be at ease not that she doesnt feel at ease with me its just different i tried to make her see that were supposed to make a new home for ourselves where we will both feel at ease but to no avail
1,so ive recently started having anxiety attacks where it becomes hard to breathe with the subject regarding many topics mainly obsessing about relationships and government bureaucracies that i have to handle lately and mainly where my life is going i feel kind of lost my spouse and i live in a wartorn country full of people trying to rip you off any chance they get everyone is rude and generally dont fit the way ive been brought up everything is expensive and the stress is beyond measure here not how we were brought up were waiting for me and her to finish college so we can get out of here and move to a civilized nation elsewhere
1,he knows i cant work because of my anxiety problems and he knows i rely on him hes told me before no one else will take care of me like he does no one else will put up with me im scared to go back because i dont want to get back together with him and i know if he wants to we will the reason i went to my grandmas house is because a couple days before i left he got drunk he started saying horrible things to me
1,i constantly face so much anxiety in school it makes me extremely depressed and its just hard to cope with i dont know if anxietydepression have anything to do with memory performance but ive noticed that i remember a lot less compared to when i wasnt in a depressed and anxious state for hours on end i contemplate and procrastinate everyday about my depressing life its just sad
1,but for now and until im on the proper road to recovery i just feel no need to have sex and it worries me more than anything he says sex is natural and inthemoment but i find myself having to plan everything down to what to say and do in advance sex just doesnt come naturally to me this has been posing a major threat to my sexual identity and i fear if i initiate tomorrow ill just burst into tears in the middle of it all im so so scared
1,but the days leading up to the test were the worst i couldnt sleep nights in a row and had to call in sick to work i had a near panic attack and was unable to eat much as i felt like throwing up before the test my hands were shaking and my heart was racing i was really not in a state to drive
1,she has had wounds on her face once one doctor saw them wrote them down and offered to call the police they replied that shed have to come there by herself and sue her husband which of course did not happen turns out i get really numb as the only way to not get dragged into this emotional swamp but is a hell for its own hating every single contact here
1,this is all days worth of stuff and its not even everything but this has been going on for months my mum says she doesnt know what to do with me that ive always been mildly anxious but its just completely spiralled out of control since christmas time also i cant sleep im getting hours ish a night and i used to get hours everyday i dont know what to do whether im justified going to a doctor or im just being stupid and making people with real anxiety and other mental illness look bad i feel like im being stupid and i hate my personality editsorry i havent posted on here before so im a bit worried ive come to the wrong sub or written it wrong
1,they threw me up against the wall patted me down and told me to sit down outside the first agent ran in making quick tactical turns around the corners and in the rooms with his gun out i asked one of the cops what was going on a few times before the words child pornography dropped out of his mouth like a fucking anvil in my gut i didnt say anything i could not comprehend that it was really happening ive been through some shit in my life but ive never experienced the level of total bewilderment and unreality that i did when i realized the fbis crimes against children unit was raiding me for kiddie porn
1,but she says she cant stand hearing it because shes got enough on her plate as she actually suffers with depression herself i do read other peoples posts and think maybe ive actually had it easy maybe im just over exaggerating thing but i feel like i need to get it off my chest anyway thanks for reading sorry the post is so long
1,and how could you let me do this although my family and friends will never see this im here to answer the question why it wasnt as simple as some of my friends may think i didnt magically wake up one day and think you know what i think ill let my abuser walk me down the aisle its taken years for me just to sit across from him and have dinner without having a full blown panic attack
1,tomorrow afternoon my four children and i are leaving my husband after years of emotional neglected financial control and recently added physical abuse towards my youngest im scared that even after our planning we will be turned away from the refuge and have to use the little amount savings to rent a cabin im scared that im making the wrong descion even though my older children have developed mental illness over the past year
1,throwaway because i dont want this tied to my main account for some background yo male diagnosed with gad depression and ptsd otherwise healthy but recently my anxiety has been getting worse and showing itself in the most fucking frustrating way im about a year and a half out of an extremely toxic and abusive relationship i dont want to go into the details at this point but that relationship shattered my trust in people and frankly myself
1,i have no assets to sell outside of a broken android phone and have no family to ask for help from i am about short right now and have had to skip appointments to save money my landlord has a quick temper and is not often understanding of late payments i am on a monthtomonth lease and am very afraid that i will lose my apartment i have work prospects that should become viable within the next couple of weeks but i really need help to get to that point
1,worse than that develop the same anxiety disorder again another reason to finish the relationship i really love her but cannot and will not embarrass her like i did at the wedding my plan is to go talk to a private physiatrist and see what they think i dont believe medication is the only answer but if it helps in conjunction with therapy a healthy lifestyle and meditation then i will try it
1,every time i say ive got a job she gives me some kind of bullshit reason the place is not a good idea she threatened to boot me back out on the street for not taking her word for it when i explain i need the job anyway btw her girlfriend owns the house theyve lived here together for years and she has been making up bullshit reasons she cant work the whole time
1,hello rassistance i want to go to rehab for my cocaine addiction i live in the usa where rehab has a bad stigma sadly i was wondering what would be the best way for me going about getting into rehab for my cocaine addiction and since i dont have insurance if they would even accept me with no criminal background and its not going to be court ordered admission but a voluntary self admission to the facility feel free to pm me if you like with advice if you rather do that than reply to this post thank you everyone for taking the time to read this ill be sure to respond as quickly as i can to any responses
1,all of this has made me feel really horrible it has destroyed my self esteem and made me feel depressed unlovable worthless responsible etc it has also had severe and debilitating impacts on my mental and physical health
1,is this common how did you deal with it i want to just apologize and make things right but some of the things the other person probably forgot or were just super insignificant i want to own up to my actions but its hard i assume if people find out i was a jerk theyll all hate me and ill be an outcast and a pariah
1,last few weeks ive overcome some serious issues and i was traveling most the time and it helped me a lot but now that im home im falling back to my old self im isolating myself in my house i barely go out again i cant even manage to get myself a haircut and i dont want fall back in this hole again i picked myself up and going falling back can someone help me
1,my mom noticed and she started screaming at him and they start having a heated argument i was not that old at the time so i didnt have a cell phone my mom had one though and it was sitting on the table e had his in his back pocket and was a little away from me so i ran and grabbed my moms phone i turned my back to him and tried to dial but before i could e grabbed the phone out of my hand and put it in his other back pocket
1,my sleep patterns are erratic because i dont want to sleep anymore is it normal to have ptsd with nightmares every time i sleep every time my psychologist has started trying to slowly desensitize me by showing me pictures and videos of what disturbs me this is currently making things worse how long until i start to see improvements
1,ive been trying to remain hopeful that these symptoms wont really start improving until weeks like the first time i took it to relieve depression it doesnt help that after looking up ssri withdrawal online ive read reinstating might not work the longer im off it and its recommended to take a very low dose in order to alleviate symptoms this is leaving me worried since ive stopped for a month and took a higher dosage than i last left off it doesnt say what happens if i happen to take a high dosage so im worried im making things worse by continuing with this high dosage and i have no idea what to do right now i feel very messed up and im scared these withdrawal symptoms will never go away or may become permanent
1,my boyfriend and i generally have a good relationship weve lived together for about a year and a half and we have a pretty good partnership going hes the first guy ive been with who is willing to sit down and really hash things out if were having an issue however there is one topic he wont hash out with me and thats that sometimes he asks me questions out of no where that to me feel kind of like little pop quizzes that i feel are designed to try to catch me off guard and stump me hell randomly pose a riddle or ask a logic question then i kind of fumble because i feel like i have to come up with an answer quickly or i just get exasperated and tell him im not in the mood for a pop quiz
1,i might be homeless soon i have about dollars in my bank account and i need to get out of massachusetts i am going to be a college dropout in my rd year due to family reason instead of academics after a lot of research i am contemplating between wichita kansas and columbus ohio i really just want a minimum wage job so i can have a bed and private bathroom afterward i can get my life together and start taking programming jobs again
1,sometimes it goes into an actual panic attack but not too often my husband has recently banned me from going anywhere alone unless absolutely necessary like to work is this something a service dog would be helpful for or does it have to be a lot worse than that sorry if its a weird question its just something ive been thinking about
1,i know hes never going to be the same but its hard seeing him like this hes become very wreck less too hes hanging out with punks who think are big ballers selling xanax and weed living at there moms apartment side note his friend was thrown out of a car recently during a drop off at gun point my brother lashes out when things dont go his way to and just has a nasty attitude at times
1,i started a new job last tuesday and i have had some pretty severe anxiety most days especially my first day as probably to be expected this is my second job and unlike my first one i have zero customer interaction so my social anxiety hasnt been nearly as bad as it was with my previous job now tomorrow morning i start my second week and i was feeling fine all day today but its time to sleep and i cant even lay down without freaking out id hate to call in sick after only one week but i dont know if i can make it like this im freaking out and its stopping me from getting any sleep
1,i do not get paid until next tuesday and i am terrified of what i am going to do until then any advice would be appreciated of what to do normally although i have my heath problems and we live payday to payday it has never been this bad as to where i am scared of how i am going to feed my child for nearly a week and i really have no idea how to overcome this any help would be appreciated even just advice about what to do i cannot walk any where near as far to go any citizens advice
1,im so scared of everything around me whenever i have a panic attack i cant even call out for help i just choke on my own breath and cry im just fearful of whats going to happen in the future im already seeing a therapist but ive been relapsing so bad since september and i just dont know what to do its been such a rollercoaster and it just feels hopeless to recover from this im sorry for bothering you guys i just need to talk everyone i can talk to is asleep and i wouldnt be able to talk to them even if i could i feel so numb after the panic attack i had last night i just need a talk a distraction or something because right now i just feel so wrong and out of place
1,lost best friend of years also i think i have some type of skin things weather its mites or fleas or scabies or something idk im guessing scabbies and ive tried the remedy for it multiple times but it didnt cure it just kinda lessened the symptoms so we it is i have or if its all in my head i have no idea also been getting alot of headaches but yeah and im completely confused and i have no idea what to do or anything ive been researching and trying to find stuff but google isnt that good apparently ive found out about couchsurfers dumpster divers and stuff i just i dont know what to do i really just wish i could start over or find some kinda self help group or facility some where that could help me out with life skills and with my confusion depression etc again im just really confused and not sure what to do
1,for at least a month i was waking up from hours of sleep to panic attacks the only thing that calmed it was over the counter sleeping pillsi noticed it help my hypervigilence i was no longer jumping and getting adrenaline rushes from every little sound but i forget to take the sleeping pills from time to time like tonight i slept hours then woke up no anxiety or panic attacks this time but unable to fall asleep and with much on my mind i dont want this to affect my work but it has been
1,ive been leaving lights on at night both in the main rooms and my bedroom the fear is both physical and emotional im so jumpy at work and at home i feel like im seeing things everywhere and little waves of panic wash through me all day im really just finding this incredibly difficult right now and needed to write it out i guess
1,my mother has stage bile duct cancer and it seems like her time is limited she has a k insurance policy but i know thats not going to be enough ive had to take a lot of time off work to take care of her and i just dont have the money to pay for what the insurance wont cover what are some resources i can use to help pay for this she does not want to be cremated and theres no way i could do that against her wishes just to save money
1,hes been violent pretty much since months in nothing too horrendous at first just a slap or a punch or hed spit in my face during an argument or grab me i reasoned i could deal with that because he was always so remorseful and depressed afterwards a year in we split up because he stole my car keys out of the ignition got in the car and threatened to kill me rip out my hair and nails etc i went to the police and they issued him with a domestic violence order
1,the misery is so much worse than prelamictal the torment is so much scarier it feels almost demonic like someone outside of me is tormenting me i do not mean this literally or psychotically its just my subjective description i have crying spells all day i mean the entire day doesnt matter who im hanging out with doesnt matter if im at work i had to quit for the time being doesnt matter if im working out i shake and cry and shake and cry like wailing violent cries its terrifying it feels very chemical and out of control like the absence of the drug does this to me and its scary for the people around me
1,theyve only kissed twice but ive read their texts and it seems like he definitely cares a lot about her enough to share more with her about himself than he ever shared with me is it an emotional affair he assured her he wont cut off contact is he in love with her what do i next
1,im fat unattractive unmotivated and best of all six figures in student loan debt and not even graduated yet ill never be able to afford living on my own so there goes the last little bit of hope for dating though relationships dont seem great to me anyway ive fucked up my future lol i have constant stomach pains and stiff pains everywhere from all the anxiety i feel on basis also my health is declining as well so thats fun
1,i know this goes a bit beyond rrelationships but im also asking for advice on how to deal with this as far as our relationship is concerned what do i do tldr girlfriends violent crazy exfiance is out of jail after beating up his grandparents and i dont feel safe what do i do
1,i understand as a woman why you are doing this but as a mother i am begging you not to press charges it will ruin his life please let us take care of him well set him straight
1,i feel like i just keep digging a hole for myself and its my fault im in there with work i get emails about updates to projects and i usually these days dont reply and submit what i have worked on minutes prior to my meetings which always results in a pissed off boss really then i feel even worse and my ocd comes back telling me that im a horrible person and everyone hates me its a weird tick i dont know how to describe it
1,i tell her this which falls on deaf ears next day we go to work things out and i freak out when staff at the library call cops over us being loud i freak out over some very minor warrants which leads to her disappearing untill today when we have a meeting with a councilor while waiting the drop in center for the shower she assaults me i block her blows
1,im very frustrated by this and dont know what to trust on the one hand these dreams could very well be pointing to reality on the other they could simply be playing out fears i had and i just dont know which what do i trust
1,im taking care of her but i have no idea what to do with myself tldr my wife told her coworker that she and i were in an open relationship and started hooking up with him she said its because i have too high a libido because our relationship lost its newness and because i dont do a fair share of housework im not sure if we can work it out or if i should just leave
1,i am a year old male with a lb dog recently homeless in washington state my dog is the last remaining thing from when life was normal and i refuse to get ride of her after being my companion for years reason for my homeless car broke had to work fast food because it was close to home i was assigned less hours than the high schoolers i worked with hour shiftsi was unable to maintain the apartment i do not have any drug abuse problems or alcohol
1,my youngest who was at the time had what seemed to be a bladder infection or uti urinary tract infection she was literally peeing every five minutes since the doctors office was closed i took her to the emergency room little did i know my entire world was about to come crashing down the nurses got us back to a room and once they were done checking her out and had her urine to test we had to wait for the doctor
1,i do not want to hurt anybody the therapist says it is self punishment that i want these people to tell me what a piece of shit i am to verify what i already believe but i never ever think of it like that at the time i feel better if they are kind and ambivalent or a tiny bit worse if they are cold and clinical if it is unconscious well i am getting sick of that idea
1,fast forward to am i am tired and would rather just leave even though we have convenient seats in a standing room only club and my wife is enjoying herself she makes a passing comment that she would likely be more comfortable at home eating food i jump on this and say we should walk back even though it is a minute walk in heels in the rain which i did not check for she agrees we leave she slips and falls i did not help her up and we fight the entire way home divorce comes up several times this morning she wont get out of bed and wont talk to me
1,between losing my job my unborn baby and my husband losing his job i am overwhelmed and pretty much numb bills are piling up fast and i dont know what to do anymore i make vinyl decals but just started out so i am not making much at the moment my husband just did paperwork for a new job today and i am waiting to hear back on a job i interviewed for unfourtunatley it wont be soon enough because the finance company for my car called and said i need to pay by tomorrow another by the end of the month
1,i was sexually abused when i was a kid and i suspect that i have ptsd because of it ive never been diagnosed with ptsd but i have been diagnosed with agoraphobia i rarely leave my house im not really anxious about leaving my house and once i get somewhere im usually fine i just have a very strong feeling of not being able to leave my house
1,i realized i was already k in student loan debt and i was not going to waste all that debt on a school that is considered lame some of the best friends i have ever had were at the school but i traded them for a lifestyle of drugs sex and redundancy this new school was considered a party school one of the best in the country due to my good academic standing at my last university i was able to transfer here but upon first getting their i had already become homesick and depressed
1,when its abuse in the workplace it seems like everyone just says oh get over it and dont be a baby theres nothing wrong with you i actually had one women tell me that my husbands behavior was completely normal and that everyone acts like that i was floored i dont know one other person who goes through shit like this at work or who acts like that wtf they just want to brush it off and no one gives a shit
1,im assuming i have ptsd and my work gave me a number to call and im debating doing so but i hate asking for help and i feel pathetic because nothing happened im physically fine i just really need advice because im struggling on how to feel i dont know why i cant just brush this off considering im alright
1,i posted about a month ago and felt pretty defeated but very grateful to receive anything at all because one very generous gentleman gave me but i am back to the end of the month with a phone bill due tomorrow and dwindling food and gas and rent approaching soon im f and months in recovery im working part time to focus on recovery but trying to find a second job so i can stop finding myself in money binds i have no friends and family to ask for money and have made literally since july working for bath and body works and with doordash since august my rent is and phone bill is and car insurance is which i havent even paid this month
1,certain things will make me feel uncomfortable as of recently she will jokingly play with my nipples like suck on them or biting them if we are laying in bed and im shirtless this makes very uncomfortable and i dont like it at all ill laugh and tell her to stop and that i dont like the feeling of it she will keep jokingly doing so and tell me stop being a baby or that she is just joking around
1,hardly any jobs there too so maybe even the next town over is the only place age could find a job i have a car not very reliable car at that so she has a place to stay until she gets on her feet but no transportation no licence to trek that miles back and forth up and down the mountain even if she did get a job
1,but i think the worst part is her emotional abuse like having fun to make me scared or cry and also always putting me down like i am not good enough or ignoring me also i feel like she is sexually attracted to me i am now and uses some shitty pretending to touch me between my legs or butt i once tried to talk with my dad about it but he said that he and mom have enough to do and i should pull myself together i feel like i really have to seek help but i am so scared that people wont take me serious and think i am exaggerating
1,i was talking to my mom this morning and she said that about my sister her trauma was worse than mine but she didnt develop ptsd my mom has no idea i even had a traumatic event i told her its not that easy and she said it just needs to be done now i am scared
1,im years old and except for school i never go outside i usually spend the whole day on the computer just watching videos on youtube and stuff but at the end of the day i get depressed and feel like im wasting my life i have friends but i also have severe social anxiety and i always feel as if my friends are just putting up with me i feel depressed and lonely i never spend time with friends and when i do i feel as if they dont want to hang out with me as we never do anything pls reply if im not alone
1,from the moment i wake up and until i go to sleep i dont feel safe when im around other people i feel even even more anxiousfearful i know nothing bad is going to happen to me but i still feel this way i dont really have any friends and these intense chronic feelings makes it seem impossible to make a real connection with anyone thats what i need the most is some sort of real connection with another human being
1,today i also had to write down all the emotions i could think of then put a color next to each word that i felt matches the emotion with markers and the next page theres an outline of a human body i had to put each coloremotion where i feel it on my body im slightly annoyed because before all of this shes been taking me very seriously and helping with so much and now i feel like shes being demeaning should i just see where this takes me or let her know that this feels slow and pointless at my appointment next week
1,she actually gave me months to find a place to live before she was gonna kick me out but i couldnt find any and friday is the last day of those months i dont have a car or any friends thatll let me stay with them in total i have about bucks maybe i could use that money to gtfo of minnesota maybe i could buy a gun and shoot myself idk
1,im noticing a pattern where my body is like rejecting my partner and im concerned it might be caused by my abuse at an early age should i seek counseling but im afraid if i do im going to have to talk more about what happened and im going to break ive talked to therapist before but whenever the topic of the abuse arises i tense up and cant remember anything im sorry if im rambling on its just a hard subject for me to talk about and i dont know how to put into words the emotions i feel towards these events
1,but i have something i think is important enough to at least be worth your time im getting the word out about my wifes surgery fund she just got the message back today from her workplace denying her disability for her surgery long story short this was devastating for us we are both pretty frugal people that try to save our money but sadly at and we havent had much time outside of home to amass enough savings this surgery is a catch however as if she doesnt get it she will have a chance of becoming either wheelchair bound or if shes luck just unable to ever walk up or down stairs
1,it seemed like there was no recognition of my emotional state and like he just wanted me to be quiet that scares me he claims he was trying to help comfort me but i really am having trouble believing that this is the second time something like this has happened the first time was when we were arguing and it was getting really heated
1,im afraid that maybe they arent true and im demonizing him in my memory because having a villain that did horrible things to me is just easier to digest than the complicated truth the worst thing is i cant bring myself to talk to anybody i always felt like i wasnt bad enough to need a doctor i felt like i could get through it on my own even now its hard for me to open up to my fiance about these things
1,extra apparently he was jailed before marrying my mom and he never told us until she found out later into the marriage theres more into the story but i would like to know if i can file a charge on him for past incidents as well and i am upset that he is going to be charged for misdeamenor instead of felony since the victim my mom has enough evidences it will be hard for him to drop the charges right he has been avoiding the police so it took a while for the police to catch him but he paid for the bail and bailed himself out with a help of his friend i just wished he would recieve a felony but he pleaded not guilty on the first court appearance and apparently there are more court appearances to be made befoe verdict is finalized
1,i lost a child because of this man and i went back for round am i nuts why am i so surprised ive come out looking like ive just had round with tyson advice please anyone gone through a similar experience what did you do
1,im starting to really believe that my brain is the problem here and not trauma everyone just thinks im a dramatic slut anyway so does it even matter like maybe they are right i feel like im too embarrassed to even go back to my psych now today i seriously looked like a total basket case
1,xb im in our room watching some relaxing youtube videos trying to cheer myself up my boyfriend wants me to come out and do weekend stuff but the energy is so high out there i think itll set off an attack he wants to bad to help but he doesnt know how and i dont know how either xb
1,how do i know if i need help please i need help understanding i cant even explain my problem in this state i dont know how to do anything in this state i need to make sure i wont die
1,my friend is coming to get me in the grocery store parking lot where i wound up after it is legally without a doubt my fault although actually not because the cops cut the guy in front of me off to let some school busses go past without traffic or whatever the roads were slick and i couldnt stop in time but im still freaking out in my head ugh mentally just not alright right now i should not have gone out today
1,i feel like i will never trust my own judgement again i fucking hate being this person i hate being a victim i would never judge anyone else in my situation but i cant stand having to see myself as someone who was abused my grandfather abused my grandmother her whole marriage and i always felt like because of that i would always be on the lookout
1,i get anxious because i am worried about bad things that i think may happen in my life im worried about losing my job my girlfriend might leave me for someone more funny with a better job that is more self confident etc you think these things because you perceive yourself to have no value i get so preoccupied with these worries and it constantly undermines my self esteem that it applies to other areas in your life even everyday interactions going to the store these can be extremely stressful events youre so unconfident in yourself that you have a million thoughts a second and constantly second guess yourself
1,does anyone else experience parts of their ptsd this way xb is this truly avoidance or is this dissociation i tried to do some digging and pin down what i am experiencing so i can communicate with my husband more effectively but it isnt something that seems to fit nicely into a box and so it has been confusing thank you
1,like i budget and we are responsible but the rent and bills and then gas and medical costs are so high we just cant do it im even studying coding to try and fight out of poverty but even thats tough because i am always at a physically demanding job and the good resources cost money i dont have i havent seen my family in two years i have a niece growing up not knowing me because i cant afford to even miss a day of work let alone a week to visit them
1,there became two sides of me i battled within myself on one hand i wanted us to build a life together to experience that love and the relationship i did most days on the other i wanted to absolve myself i obsessed with it
1,i dont need that this sucks but is far from hopeless i can do this with some help the next bad thing came just two days out of the hospital the lady who was letting me stay on her couch doesnt come home
1,it helps with the physical symptoms such as palpatations and elevated heart rate however i still have attacks that force me to lay down alone for minutes or more sometimes hours i have random pains all the time my arm leg chest stomach headaches etc constant health anxiety too i get one mild headache and think i have meningitis or a brain tumor etc well i had a checkup with him today and asked him about medicine i could use prn
1,especially always being tired which just adds to the anxiety im having some trouble falling asleep atm and staying asleep which is even worse and thought that maybe typing my thoughts out would help relax my mind and help me see my problems from a different perspective i know things will get better because they always do but its still difficult to deal with the anxiety i meditate regularly but if anyone has any other suggestions in dealing with anxiety during bed time i would greatly appreciate it thanks
1,im new to this so please forgive me im not very good at expressing my emotions i need advicehelp i was molested multiple times by my biological dad when i was up until middle school so like yrs old after many times in the past telling my mom that my dad had touched me weird my mom had gotten annoyed and mad at me
1,he is not allowed to show up and cause a scene like that and he definitely isnt allowed to talk to a child like that handicapped or not so yes im moving my brother is having panic attacks now he shouldnt be afraid to be at the house the only thing is finding a house on such short notice is proving to be very difficult we have some blemishes on our rental history from past problems but have gotten to a much better place since then
1,i work full time but the money im spending just to get by is preventing me from saving up to get a place and get ahead again im and ive never been in this spot before always been successful and had a good life but now im here and i have no idea what to do not sure what im expecting out of this post just venting i guess
1,why did i open my mouth i shouldve just said im fine i dont need help or maybe i do
1,what if i am at a friends party and a man whispers in my ear that he likes to stare at me so he can touch himself laterbut he is dating my friend and he knows i dont want to upset her what if i am in the car with a man and some lady cuts him off and he gets road rage and says he wants to drag her out of the car by her hair and cut her nipples off but then later says he obviously didnt mean it
1,since then i have heard from him once in the form of a drunken voicemail pleading with me to forgive him and swearing that he doesnt remember anything i may be able to believe that if i didnt know he was a manipulative pathological liar the worst thing about this to me is that he has two kids a little girl and a little boy who i absolutely adore i havent been able to see them in five years im nineteen now if anyone is reading this and youre wondering why i didnt call the police i did
1,i am so scared to go up to mg because i want to still be able to lose weight my doc has suggested prozac because it has had more success with weight loss than weight gain with majority of people i just dont know what i want to do i thought i was going to be able to get off meds but these physical symptoms which set off my hypocondria are coming back in full swing even though i know its anxiety i cant break the loop of thoughts
1,hi everyone this is my story what ive been able to take away from it and the feelings and the hurt that have lingered as well as questions warning this is kind of a long post but there is a lot i need to say and just get out of my head trigger and content warnings explicit mentions of sex acts with some detailsmentions of coercion mentions of being threatened mentions of alcoholism things to know about me for the context of my life and who i am i am i am queer my pronouns are sheher i am transgender woman please google if you are unfamiliar with the terms i am autistic and as a child i was homeschooled for a very long time and lived in the middle of nowhere farm country with no buses sidewalks or means of transportation when i was i had just found out my father was diagnosed with early onset dementia and i was stricken to say the least knowing that my already dysfunctional family was about to go through the horrors of watching my father become less and less of himself
1,im not saying i didnt enjoy it i just didnt need it long story short somethings flipped in my head the last couple of weeks and my libido is very much back worryingly so im not sure what to do with it lol so weve had more sex in the past days than the preceding yearsbut its still very much for him i dont know what i want and i dont know how to ask for what i want its been so freaking long since i considered sex as a thing it actually makes me nervous
1,well ive been homeless for two weeks and one day im homeless this time because a woman that i had previously worked for had promised me and i quote a lot of hours out in tampa i know that with three people the drive from where i was at would be worth it we would make a lot more then what it was cost in gas so it wasnt a problem
1,the idea of what isps can do once the lack rules are truly active have made me feel sick to my stomach i cant sleep and it is affecting my school life i cant afford to pay ransom to the corporate fascist thugs who wish to cableize the internet and i cant stand the idea of the internet becoming like that of china and north korea we are still fighting but im still paranoid and every day that gets closer to april rd makes me feel more infuriated and panicky i feel under attack and very life about to be destroyed
1,it was no longer just about the life and love we were building together it was no longer about us it was about me and trying to fill this hole within myself if she would just want me make me feel wanted i could baptize myself in it and finally let go of all this guilt and selfhatred this male shame its complicated
1,after a few days i start to try to make plans with her to hang out or go out to eat even if its only for an hour or so she ends up saying no almost all of the time and im getting to where i dont even ask because i feel bad that she has to say no and this leads to me feeling lonely and unwanted the part of this that doesnt feel fair is that she can ask to do something with me at anytime and i basically drop everything to go do whatever she wants i say yes to literally every thing she asks because i just cant help myself not to
1,i literally have never been sick so much normally if i get sick at all its when allergy season comes so like once a year my hair is definitely falling out way more than it normally does has this happened to anyone i know its almost over
1,people say follow your gut but i dont even know if i have a gut feeling on this anymore because i have obfuscated it so much and overthought it to exhaustion people have told me this is really no big deal in the long run but it feels absolutely monumental to me and will be something affecting me the rest of my life can any of you relate how do you make really tough lifelong decisions like these if you have anxiety thank you
1,dont have a bus pass or anything unfortunately the question iswhere i havent seen any homeless shelters near me much less ones for women i currently have no job nothing
1,its been a few months since things happened i want to talk about what happened though but most people are so tired of hearing about it so i am quiet about it now i would like to talk about it here where others can understand if you dont mind im sorry if it is triggering for anyone therapy is in the future but not for a couple more months so i have a couple months left of reeling until i can deal with it in a therapeutic setting
1,so earlier today i was suffering from extreme derealization depression and anxiety so what i did is i let the thoughts free and whenever i got a tnhoguht i ignored it and i think i just suppressed my anxiety deep down now instead of having a panic attack im having body symptoms of it i cant think myself form the symptoms i cant find the trigger it just happened
1,but i mean does it really matter i didnt know that either but i still felt the same and he was well aware of what i was going through as much as he could have also that whole living situation and that man was horrible and stressful anyway without it being a trigger for something else too and i know that if i had been in his position i would have done everything i could to help my partner and taken them seriously regardless of whether i would have felt that way or as bad about something or not
1,he backed me into a corner in the kitchen and kept hitting me when i fell he stomped on my face and also choked me i was trying to hit back but hes much bigger than me when he starting choking me i bit the holy hell out of his arm to get him off he surprisingly did after yelling about how it hurt then went to finish packing
1,i am worried that i may have post traumatic stress disorder due to a few notable symptomsissues that i experience i also have one notable traumatic experience involving an accident my father was in he got hit by a bus when i was seventeen and almost died which i do have nightmares and flashbacks of but that is a different story does anyone have any idea if this is possible to have the disorder due to a multitude of experiences thank you for any advice help or information in advance it is greatly appreciated
1,that was nice but now that were close to the point of no return with a flight booked so he can come see heri agreed to travel out of our house for the week and they seem to be bonding big timei love yous abound im not sure what to do with myself on one hand i want to let loose and detach let her have fun and do so myself if it leads to a new ltr for her awesome but what kills me i guess is the uncertainty
1,im not polyamorous at all and he never mentioned being bisexual to me i didnt know what to say i kinda went into blank smile mode while inside i was getting sick with jealousy he never asked if this was okay for him to do this so i considered it cheating
1,when i take the time to relax and think of something nice like a waterfall or a forest or something like that i then automatically think of how bad people are going to mess it up and pollute and make it worse and just be awful it makes it hard for me to relax i try to think of something tranquil and then thoughts like these pop into my head meditation isnt that nice for me my mind just races
1,shortend is my brain is using physical disorders like seizures because my brain has had enough and gone awol on top of this i have these events where i black out time stops or happens differently for me i have flashes seeing things not there and that sort the other night the girlfriend and i are walking and i am seeing the sky light up and hearing screaming
1,i dont have the ability to cope with it anymore im trying but a lot of things are triggering me and im shutting down at work just finding the place i feel safest and staying there for an hour or two until i feel like i can do something again im tired of watching my back tired of traveling to places i dont feel safe tired of reliving that moment tired of being triggered tired of the stress tired of anxiety and knots in my stomach tired of irrational thought when triggered tired of irrational paranoia im exhausted and need a break but know it wont be enough until i journey the long road through therapy im not suicidal at all just wishing this pain and misery would end to have my life back again
1,im new to reddit and have only really discussed my issues with trauma and ptsd with my partner and therapist and i am struggling with the random dissociative cycles of derealization and depersonalization and im so tired of it ive been in therapy for half of my life i write and also listen to music to help when im having issues but it never feels like enough so i started talking to myself which i do under stress and drinking and this was a piece of the conversation
1,ive been homeless for a couple days since my roommate completely screwed me by not paying rent for months and hid notices from me i only had a week to move out and get things into storage i was able to find a roof to sleep under for a short time but its severely roach infested and i have to sleep on the floor there isnt anything availible at my price range certainly not on that short of a notice i had a few prospects but they went to other people
1,kind of starting to worry that im doing something really wrong now im wondering if i should even attempt talking to him anymore or if i should just block him and move on what would you do in this situation tldr i think im getting ghosted by the guy i like and now idk what to do
1,i just got a new job and i wont get paid until the th ive only been unemployed for a week now the company i worked for closed and after bills i have no money i was already trying to get on my feet from being let go from my longterm job in october if you could help me i will contribute to this sub when i can pay you back reciprocate in any way that i can i dont have family that i can ask for help both parents are deceased no siblings not close with aunts and uncles
1,grad school isnt really the easiest place to parent alone assistantships dont pay you enough to live off of by yourself mine nets me a little less than a month rent is let alone with a tiny human that needs a particular type of education they also require you commit to hours a week of on campus work essentially meaning you cant really hold a full time job anywhere on top of this working another part time becomes difficult because work hours have to coincide with the hours your little one is at school and with hours a week on campus already that leaves little time to actually work anywhere else during school hours
1,either way i cant see anyone genuinely liking me my mum sincerely told me she loved me a few days ago and i had a hard time believing that i hate to diminish her own thoughts and feelings but i felt as though shes deluded to be able to love me anxiety sucks i wish i could look at things rationally and objectively
1,because any potential new employer is always going to ask why i got kicked out of the academy and as soon as drugs are mentioned theres no fucking way i can compete with anyone else and theyd probably want to talk to one of the bosses that fired me as reference to see if im lying so i doubt i could cover it up on top of this there is no fucking way i can go back to my hometown the family i have there will be so embarrassed and let down theyve been really proud of me and telling everyone about what i do for a living
1,but i told him that im not over it and his response was kinda like i feel so guilty it makes my life hard i wish you could just forgive me so now i feel pressured to forgive him and its frustrating because he didnt give a damn about my feelings when i was and crying my eyes out because i just saw my dad push mom and hit her in fact i remember him telling me to shut up he didnt give a damn about my brother when he pushed him against a wall to yell at him when he was only in middle school and i cant help but feel like that fueled my brothers heroin addiction that almost killed him and still could cause he recently relapsed im just so angry and i dont want to be
1,he was going to choke the name out of me i am his caregiver i do not have time to cheat even if i wanted he said i would die if i didnt tell him he snapped out of it that was a couple days ago and i am finding out how close i really came to dying
1,broken bones concussion he broke my glasses in half destroyed my tv and dvd player he tore my clothes off but luckily didnt rape me he did however scare me so much that i twice defecated in his room the kicks to my face came about every mins when he would work himself up while yelling
1,my current bf does not care about guy friends and trusts me to not put myself in a precarious position when does this feeling of guilt go away i cant spend the rest of my life working and spending time at home away from other people the level of anxiety is near panic attack and occasionally leads to one to the point where i dont eat and barely sleep for days tldr feeling guilty over nothing from being conditioned in a previously abusive relationship
1,he wouldnt take me to the hospital but i could feel the gaping wound in the back of my head and the hole in my lip my tooth had done he kept packing so i called the police i couldnt see out of my left eye and clearly couldnt drive and felt i had no other option the police department chose not to press charges
1,why did i have to scream in pain sometimes the bashings would be so bad that i would call my mum while she was at work sometimes my brother and i would be home alone after i returned from school when he would torment and bash me i would run into my room and lean against the bedroom door with all my weight while my brother kicked and punched through it from the other side once the wood splintered and went into my back still noone stopped him
1,no one can diagnose me with ptsd because it is not i dont know if this is a ocd thing if i have a multitude of things on my mind or other milder worries i seem to be fine but when my brain is quiet and worryless it seems i involuntary remind myself of the dissociative flashback which starts a cycle of psychological drowning and feelings of detachment as well as depressive feelings this is all because of one thing in the past my life would be x better if this was gone heck i would do anything to get rid of this forever meds have helped it occur less frequently but it is still the same severity
1,every minor detail feels just so overwhelming that i feel suffocated and panicky all the time i imagine others here have gone through something similar so i wanted to ask about your experience with grad school applications how did you survive how did you preserve your mental health and do the best that you could thanks so much
1,theres a tldr at the bottom for those who wanna get to the point this gets kinda lengthy hi im and this is my first time posting here and im hoping at least one person can relate before a few months ago i never had to deal with anxiety really but out of nowhere it hit me like a truck i guess whats been causing it is relationship issues but mostly health anxiety my first major mistake was googling symptoms i started having not realizing that it was normal for anxiety to cause physical symptoms
1,if you intervene he will stoop down to the lowest level cursing his sons out with the worst imaginable first the obvious question is this domestic abuse domestic violence am i imagining this or blowing it out of proportion im in canada are there any legal avenues we can use to end this
1,i f have been with one guy m for years and within the last months ive wanted to change our relationship dynamic from serious to casual i still think i love him but i find myself thinking about other people more and part of myself wants to see if i can do better we get along great but ive always felt that our relationship has lacked an emotional aspect on his part part of the reason i want to end it also has to do with our financial situation were both broke but i want to start working more to save more money because im trying to be more financially independent i feel like he is somehow holding me back from my personal goals
1,maybe kind of nauseous not in a normal nauseated feeling its more like that pit of my stomach im about to get in big trouble or im waiting for the cops to come pick me up or something haha like it has that prickle in my spine to it and that restlessness in my head
1,i had another friend come out and tap on my window scaring me he didnt know what happened and when he asked me what was wrong i just started to cry i felt stupid and ashamed through the sobs i told him what happened i even told him that my rapists did it to me he was supportive and sweet and it made me feel so much more guilty
1,i know the best thing for me is to find a new job but ive been applying for quite awhile now with no luck and i really dont want to move to another job that i dont enjoy and will make me feel the exact same way i sort of think i have an idea of what i want to do but i have no idea how to make it happen while still paying my bills so ive been applying to anything that seems like it might be relevant to me but im not sure the right way to go about getting into a field i dont have a degree in because of this i feel trapped in my job right now and it gets so bad some days where i feel like just walking out and quitting or just not going in ever again im rambling at this point does anyone else deal with a job that makes them completely miserable how do you deal with it
1,i check on my mom several times a day and i know it has to be annoying i am trying to find the right medication but none seem to work for me i go to therapy and i talk about it but i am so sick of feeling this way i know it is temporary and that i wont be this way forever but right now it sucks i cant sleep because i worry so much its hard to focus at work because i worry so much its hard to be social because i worry so much thanks for listening
1,i get where shes coming from but only if there had been inappropriate conversation or actions on my or my ex wifes part my ex wife and i have literally zero feelings for each other other than friendship and concern for one another as we are our sons parents i dont know really what to do at this point maybe someone can give me some insight
1,my son was septic with respiratory distress for hours my husband and i didnt know at the time and the medical staff was too incompetent to realize the ambulance staff was even worse my son almost died in the beatup ambulance as well it was horrible we finally got to a bigger hospital where he was on antibiotics for nearly a month
1,a few days before valentines day someone sent me screenshots of him talking to a girl on facetime or instagram saying youre so cute and flirting with her i decided not to say anything the girl lived in another state and i didnt want to bring it up i figured she was a fried from when he had hitchhiked across the country when he was in college i waited till valentines day and called him up he told me i dont think we should live together and i just signed a month lease at my apartment i was livid he brought me dozen roses and i smashed them in front of him in a parking lot
1,that freaked me out i was tired after probably from a sugar crash and i immediately assumed i was going through a calcium od and was going to end up in a coma then i went home and opened a snapchat and got deja vu i thought i read that snapchat before i experience deja vu like that frequently and googled it and it said i could have a brain condition or epilepsy if im going to have to live like this forever sometimes i wish i wouldnt wake up
1,so he hasnt really hit me since we got back together but hes cruel in so many other ways he will call met fat ass im ft and pounds and just had our third child he tells me im ugly and a dumb bh and tells me i cant do anything right he constantly calls me a whore he tells me a whore for not kiwearing a bra in our house
1,it was terrible i got pregnant again after he forcibly took my birth control away my nd son was born in chile i didnt realize once i had my child in chile i couldnt leave with my son without the fathers permission i think that was part of his plan i lived years of brutal hell i finally made it back home in when one of the police officers who were called after he beat me luckily was married to a woman who worked at the american embassy and they got me home within weeks with both my sons
1,we couldnt have thanksgiving because of money struggles in the family i am here begging and pleading for help to get some food in our cupboards to help hold us over as long as we can im counting down the days until tax season so we can fill up the pantry we receive about each year from the wisconsin homestead tax credit which is what we use to catch up on bills prescriptions and to stock up on food its extremely heart wrenching when my own mother or grandchildren cannot have a bowl of cereal because theres no milk and guess what no cereal
1,when i went back the next day he said the good news was he wasnt going to lie to me anymore he said if you can take a raping like that and still come back theres nothing i could do to make you leave and theres no point in lying any more he always told me from then on when he was cheating doing something wrong etc i thought about turning him in i took some pictures on my phone to maybe show the police
1,kinda interesting how even when im not feeling awful tiredness still makes me ruminate and feel angry hm i wonder if its the biological sleepiness or if its kinda a pavlovian response because im so used to having terrible feelings when i sleep probably kinda both anyway how are you all doing
1,i close the door and put my back against it hes slamming into the door trying to break into it yelling that im crazy and im making everything up im terrified and sobbing yelling for help and for him to leave me alone at this point im begging him to let me get my phone to call my dad to come get me he finally tells me that i can and that he cant wait for me to be gone
1,i feel like im going to go insane i cant stop crying or wanting to pull my hair out or screaming i cant stop shaking im on medications for anxiety and they help some but not much and not often ultimately i know im not me anymore
1,not being able to let go of the fact that i let this go on for so long and even the fact that in my heart i still care and want him in my mind i think if only or what if but i know those are facades i know he will never be real open or honest about who he is or what he did i have to forgive myself for letting this take over my life my heart my emotions i have to forgive myself for not listening to my gut and my intuition
1,im a freelancer which means pay isnt always steady i also have frequent painful and difficult digestive issues as well as migraines that lay me out several times a month i work hard i make an effort to save where i can but some months bills and such wipe me out im just coming through a bout of sick and feeling up to eating again but thanks to pay waits and bills im broke and down to a bit of brown rice and gelatin in the house i made a post this morning on rrandomactsofpizza and a mod pointed me here for some slightly more substantial help
1,so what i am asking is someone or somebodys to help me with the rest of the repair cost the repair is dollars i have about of that currently i need to get this done soon before i am stuck on the side of the road with a broken down vehicle and spending unnecessary money on ubers or lyft im willing to pay back monthly with acceptable interest until its paid in full i get paid biweekly at my full time job thanks in advance
1,why am i being all shelled up how do i not do that and what should i do in order to process and handle my emotions without damaging the trust he is trying to place in me i know he right now what is needed is for me to be stable loving and light why cant i do it tldr going through a rough patch where husband was abusive and raging
1,i could stay up here alone but he says hell be where ever we are i feel trapped and i think its making me like im acting like a child these days at least from my perspective he drained my accounts and im financially dependent because i fear not paying bills and i have to feed my daughter and myself in laws say they can help usbut theyre still his parents
1,the worst situations were forcing me to make a statement i knew was untrue in order to allow me to get ready for work becoming sexually rough and chasing me into another room to force himself on me and rages where ive felt threatened these things have ruined my trust and love for him over time the controls and double standards that are in place are extensive so why do i still feel conflicted about leaving i guess i need an extra push
1,weve been living in my grandmothers house since loosing the apt all of our possessions as well as all of my grandmothers possessions were in the home at the time of the fire the property was supposed to be sold on december th but when my cousin who was also living on the property unexpectedly passed away on december th the buyers backed out due to these circumstances our home insurance had lapsed so at the moment we have no resources to work with except for the generosity of others its a massive tragedy for our family because we didnt have any funds available for christmas either and between family and friends we were able to have a great holiday but now all of those gifts are gone as well
1,as you can tell this is quite a bit more than my income of today i got my car tax bill euro we do have a wellfaresocial security thingie office but they have turned me down because their limit is rent excluded but they seriously claim that my brother should house and feed meso i get nothing without the car i cant get to the little work i get at this point i cant buy fucking toilet paper my brother loses about euro per month supporting me heating food hygiene i dont even know what to do anymore
1,oh jesus christ i blacked out in front of my family my family with a history of alcoholism im an alcoholic too my family that i promised i wouldnt get drunk in front ofi dont know what i said but they are pissed i come from a sort of passive aggressive family and they wont tell me what i said i am so terrified and filled with shame and completely embarrassed i know a lot of my family members secrets that im not supposed to know and i easily could have spouted them out
1,his refusal to admit to anything though has me worried this is part of ongoing deceptioncheating when he completely denies knowing anything about it i just dont know what i can do with that it feels like my options are to get over itgive him the benefit of the infinitesimal doubt or leave him over the inferred deception i guess i have mostly just let it go but then every so often i remember about it and cant help but wonder am i a colossal idiot is he taking me for a ride tldr found an okcupid profile for my husband he denies knowing anything about it
1,a large portion of each of my check goes to making payments to this card but with the interest charges each month i budgeted and itll take me decades to pay it off and cost me thousands i was in a tough spot jobless homeless and had to rely on the card but now i need to find options on how to pay it off or get a lower interest rate i have heard of those advertisements about taking out a personal loan with a lower rate and using that to pay off the card then just paying the personal loan off are those viable options what is my best option right now these interest rate charges are killing me and i can barely make ends meet any advice would be deeply appreciated
1,i cant even talk about the day she left me because it was so traumatic i cant even admit it to myself it was awful beyond words and i cant tell anyone how can i see a therapist if im afraid im going to lose my shit just opening up about that one day i feel like it would ruin any progress ive madeim afraid im going to be hiding forever
1,hello as you can tell by the title im concerned about this little girl across the street shes able to walk and talk but i dont think shes even yet from what ive witnessed the four years ive lived in this house the home she lives in is not at all suitable for her as a developing child her parents are constantly screaming at each other in the street and the girl is bawling as her mom commands her to get into her car so she can take her wherever
1,friends privy to the situation believe that she is just constantly keeping me on the back burner because im the safe option when she isnt with somebody or when she doesnt have anybody else she knows i love her still she knows id do just about anything for her and want to be with her still to this day but nothing more than just an option i always end up feeling the same in this situation though worthless low wishing i was in a relationship with her tldr me and ex have stayed in somewhat constant contact for years never get back together officially
1,she has not once shown disappointment when she sees me get frustrated she lays next to me and holds me asks me what i need to relax but its becoming a self perpetuating cycle and im getting panicky that this is going to drive a wedge between us because she will start to feel that she doesnt excite me or satisfy me or whatever before anyone asks the pipes all work
1,i am quite introverted and the broken friendship i had with my previous roommate made me feel very anxious so i moved into an apartment on my own i love living alone but when i have severe anxiety attacks it becomes lonely and almost unbearable i sometimes think so much that it feels like i am going crazy i have terrifying thoughts and i make up scenarios in which i have some terrible condition or i am dying my parents know that i have anxiety but never took it too seriously
1,the violence was still happening the mind games were also still happening so i felt like it was my fault that i had done something wrong to deserve it i supported both him and myself in this new state while he was in school i ended up losing my job for reasons out of my control and had a really difficult time finding a new job
1,one of my flatmates has started distancing herself from me and i dont know what to do ive never experienced this before as ive never really had a friendship this close with someone before we used to see each other multiple times a day when we were both in the flat we used to spend loads of time in each others rooms just chilling and chatting but recently shes been spending more time with other people rather than me before today i dont think i saw her for about a week which is crazy considering how close we were and that we live under the same roof
1,as mentioned above my girlfriends gets pissed off when i act uninterested in her friends and starts accusing me of hating them which is ridiculous because i hardly even know them and she gets really upset and stops talking to me for awhile im starting to think that its gonna end up being a choice between me or her friends and so far im losing tldr my girlfriends friends are annoying as fuck and im not very fond of them i dont ever say anything negative about them yet my girlfriend still gets pissed off if i dont praise them all our arguments are about them
1,i suddenly became very weak dizzy and tiredspending days in bed never had a real feverdocs put it down to a post viral fatigue from something i had caughti would get better for a few days then i would crash again it wasnt until i had had countless tests done that came back cleanand went to the er one last time in desperation to figure out what was wrong that the doc sent me to the pysch as he suspected depression and anxiety i had lost lbs by thenand didnt weigh much to begin with i was diagnosed with moderatesevere clinical depression and anxietythe pysch ruled out cfs and lyme etc since my symptoms would come and go and kept changing by the day was prescribed ssri medsbut this gave me the worst panic attack i have experienced in my lifeaaand another ambulance ride
1,public speaking in class frequently reduced me to tears in front of the class and i could think of nothing else for weeks from the moment it was assigned even listening to other people having a conversation is tiring to me even if im not an active participant as a kid i never wanted to have friends over or go to their houses because a full day of school and being around so many people was exhausting and that is also true today at work i just want to go home and be by myself when i say something stupid or awkward i think about it for weeks and i still berate myself for things that happened in interactions with people ten years ago does any of this ring true with those of you with diagnosed sd
1,i loved this person dearly with all my heart and it was an extremly tragic and sudden death i want to go to my doctor but im already in counceling ive only gone once and my next visit is on wednesday should i tell my greif councellor thanks for reading
1,i was left to hold the burden of explaining to other people why he wasnt talking to them or why he said something hurtful i was okay with that but i told him on many many very blunt occassions i am not okay with just sucking your dick i feel like you arent putting in the effort with me and i feel sick and uncomfortable doing this i said this in a variety of forms as well as having panic attacks not anxiety attacks fullon violent shivering mute shutdown crying overstimulated feeling like youre about to die panic attacks most of the times when we were intimate
1,hi my partner is a dv survivor after years he eroded everything about her and mentally abused her mostly throughout with sexual elements towards the last few years shes lovely the most caring girl in the world and so beautiful but its also not easy she likes a few drinks at weekends and the drink brings out a different girl or maybe its the true girl im not sure this girl has vivid flashbacks and they are pretty harsh shes in therapy too and thats tough going as well its popping the cork on all the anger she has bottled up over years
1,i dread what it would be like to inject myself with insulin i am out of work due to a lot of health problems i have chronicled on reddit i have put in for my short term disability but it has been almost a month and i survive off the small amounts i make on surveys it is frustrating in so many ways but i am really tired of being hungry because i cannot grab a healthy snack
1,i have no friends this has been both a cause and an effect of my anxiety and depression i can open up and become confident once i get to know people and i have had friends before but ive gone almost a whole year with no actual friends since i have moved moving and the effects it had has greatly affected my confidence making new friends since i most of my interactions are with small town people who have had their friends and known other groups for years i have a very hard time carrying on conversations with acquaintances and bridging the gap of relationships
1,it honestly felt like someone punched a hole right through me later in the day i texted her and we talked i asked her how the trip went she sounded exited to talk to me and it sounded like it would work out between us i asked her abut her friend and if anything had happened between them and she said that nothing had happened and that her aunt was with her the whole time
1,but now my cognitive processes feel so scrambled up and sluggish i get so confused sometimes i have trouble filling out simple forms or answering questions on the phone im in my rd year at a major university but my brain feels so messed up i dont know if ill be able to finish does anyone else experience this have you found anything that helps
1,ive been trying not to get triggered or stamping on the instincts to just leave the place and be silent even with that i couldnt even really keep a hold and have had hard days where i just wanted to stay isolated from the world and disappear in my mind and try to heal myself and it isnt working i struggle to sleep sometimes and i do struggle with self worth being comfortable with myself because i just dont see myself as someone whos important to other ppl im really unsure how to deal with it also im not sure if i should tell anyone because that couldnt have happened right and it could not have been that bad
1,where each person does what they do because they love the other person and get pleasure out of pleasing their partner and i know this sounds so horrible and i hate myself for it but i almost feel like it will never happen like shes been broken even if you put the pieces back together for a broken glass it will never truly be like new and i feel awful for feeling that way but ive been trying and patiently waiting for nearly a year now
1,to me is heartbreaking to know that the most i can achieve is to keep defending myself but not getting to be loved accepted and cared i know that somatic therapies may somehow help me to develop discernment but that is not what im looking for im looking for ways to attract healthy people please no victimblaminish phrases like the love yourself first motto i already love myself wildly hard please no tough love
1,she is very sweet and i love her immensely i cant leave her where i am currently for fear of her being neglected she is very attached to me i will have no choice but to live in my car for the foreseeable future which leaves me with the issue of what to do with her i cant keep her locked in my car all day
1,every day id tell myself i was over this girl but id see her at school and instantly be reminded of how much i liked her every time i saw her i almost wanted to cry throughout the year i kept trying to win her back by forcing intimacy by telling her things about my past id never told anyone never told her about being raped though this just made her think i was weird on the first day of summer i noticed shed blocked me on all forms of social media and i no longer had a way to talk to her
1,i wonder what i would be like if i had gotten help earlier on heres where i could use some input i dont consider myself mentally ill i hate the word if someone asked me if i was id deny it but i know i have ptsd and i guess that does make me ill by definition will i be considered mentally ill forever
1,shes been doing exams as of late and weve both had some personal problems so we havent had time to work on our relationship we both said we would stay together but sort it all out after she came back from a holiday she was going on with her uni on the second last night she tells me she has kissed another guy and feels horrific about it i tell her im going to leave because she has cheated in hope she realizes what life is like without me stupid i know ive always put her needs before mine ive tried to give her everything and be the perfect boyfriend and because my natural defense mechanism is to retreat into my shell and shut the world out i dont reply to her texts that day
1,i had bought our son a special outfit themed from the movies just for this occassion neither of us got much sleep that night and when i tried to talk to him in the morning about leaving he got really agitated and raised his voice to me our daughter ran into her room and i found her hiding under her covers after again trying to talk to him he ended up refusing to go im still not sure why he then ignored me for days again we again briefly made up for my sons birthday and started fighting again not long after
1,i wanted to go to this art school in an expensive city only because this place is wayyyyyyy cheaper then most art schools and it has all the majors im interested in which i could use for like storyboards for movies and what not they have really nice dorms and if i could just get the funding for school i could do that but i have really bad mental illness and i need my cat he checks to make sure im breathing at night and comforts me during panic attacks which means id need an apartment and a job im not against working my ass off im just getting down right now no responses to applications can do that im in a state that doesnt even have a real art school
1,for those that have sought help before is it as bad as i am imagining will i be taken seriously i feel that because i put myself in that situation i sort of dont deserve help if that makes sense im not even sure this is the right place to post as im not sure its even a possibility to get some sort of ptsd from something like this sorry for the rambling and thank you for reading
1,i have to talk to him and make nice and pretend its ok but i feel unsettled and on edge around him i guess i dont know what to do its a complicated situation and i feel that ill never get the real talk id like to have with him or any sort of apology he seems rather narcissistic not as bad as my own father but enough to not want to admit his wrong doing and own up to it is this something i can get over on my own while still around him am i over exaggerating
1,trauma changed the trajectory of my life but i dont know if i would feel this way about my options if i wasnt anxious and wounded my ex and i broke up because he never liked to leave the house even for daytime activities i wonder sometimes how i am going to feel when i hit middle age am i going to feel like i do now
1,later that night someone snuck into the building we were sleeping in and killed daniel he was chopped up with what i presume was a hatchet i dont know why they spared me or jay to this fucking day but id gladly take daniels place he was the sweetest boy i ever knew we were heartbroken and i vowed that i would find the bastard and get revenge for daniel im crying as i am typing this part because this is what fucked me up the most chapter seven adopted
1,he has applied for disability but is currently facing waiting two years for an answer he was denied once before he tells me he wants to work but is unable to due to the pain he suffers from walkingbeing on his feet for too long and a fine he could face from disability for applying for job while applying for disability he currently has no bank accounts or other means to collect money he literally only has the clothes that are on his back i am currently unable to fully support him because i am living across the country from him and am not able to afford to rent him a room about a month along with my own expenses and any additional expenses he might need
1,also as of right now the team is on their trek to alaska because of this im limited on what i can do to raise money since the main focus is on them in the meantime all i can do is ask for donations i was hoping reddit could help me out with this if anyone wants to donate to me personally heres the link to do so along with my reason for riding url
1,im just wondering how many of you have a lot of triggers i was abused extremely horribly as a teenager and into adulthood and i have horrible ptsd from it i literally get triggered by everything and anything like someone could sneeze and it would sound similar to him and id freak i freak out horribly about everything and the littlest things
1,but recently i went on a car journey with my friends and minutes before we got to the destination i started panicking because i thought i needed a wee and took a valium completely embarrassed myself infront of my friends once we got to the destination i was actually fine and didnt really need one that bad since then it keeps happening like i was on the train and stop before my destination i got off and walked because i started panicking then today really got to me because i needed to get a bus that goes through a tunnel to go to the pub that takes mins and i physically couldnt get on the bus because of this fear im so annoyed at myself that this is starting to control my life
1,so i got freaked out and cancelled again now im worried theyll find out about it later and send me to collections to damage my credit and ruin my life without me ever knowing i hope this sounds crazy to everyone else as well because its eating me alive nothing helps at this point not even medication why do i always do this
1,i just feel really left out by someone who is supposed to be one of my best friends is it too late to say something should i even say anything at all tldr friends threw a birthday party for themselves on my actual birthday didnt include me as a birthday girl but invited me to the party anyways
1,they are always calling me for everything i dont even wanna answer my phone but if i dont i may get yelled at it has happened i have spent many days and nights in tears because of the stress of this job and even one morning threw a bit of a fit when our dm made me come in because there was another evaluation on my day off i had to cancel all my plans that day to go in i couldnt stop myself
1,i want something that would help with a small does of social anxiety and also prevent any future panic attacks anyone have any good experience with other ssris tldr been on lexapro for panic attacks and social anxiety for months got all the bad side effects of lexapro and it made me have a few moments of almost going insane i havent had panic attacks since and my anxiety is maybe slightly better but its not worth the cons anyone have stories of switching off lexapro to something else that made them less anxious and more confident
1,ive been seeing the same one since then and shed helped me process so much help me recognize and start to move past a lot of things i went from hating and fearing my father since the incident with my sister which had ended up triggering the memory of being told that i was to blame for the marital issues among other things to the point i couldnt even be around him at family or friend gatherings without feeling anxious and wanting to flee to being able to accept the things that happened in the past and remind myself that they are in the past and be able to interact with him again even if i dont really feel any familial love for him anymore i care about him his wellbeing but that familial bond isnt there he killed it the he came to retrieve his stuff a couple days after walking out the only time i ever stood up to him he made some snide remark about my mother and i told him to go ahead and run from his problems like he always does and he backed me into a corner and shook me screamed over me when i collapsed until my mother came home and made him leave
1,rarely i forget about the symptoms rarely they dont bother me but they still are occurring always i have seen two different doctors about this they ruled out a few things and suggested that it was purely anxiety and that i go on an ssri i have not gone on an ssri yet however i am planning to do so asap
1,and they all make it sound like i will have infinity free time and money to go exploring all over where im going like im going on a damn vacation ill still be spending all my free time job hunting if they want me to come right back to a shithole that doesnt want to hire me because im supposedly overqualified just by existing i keep getting rejections telling me im overqualified except for the one that asked me to fill out yet another application despite me handing them one two weeks ago maybe they can pay my way and then they can pay for all the months that i dont have income i have come back here too many times already to nothing and they seem to think im just hanging around having fun living in my car unbelievable
1,i want to talk about this because i have no support group and my wife cant handle much more my uncle lives very close to me in nh i want to get a news station to take my story but they say it was to long ago i will be posting more under the title username my hope is you will read this comment and maybe its happened to you
1,kyle got out and started contacting me again writing letters to prove he still knew where i lived and being able to get in touch with me regardless of me blocking him i have some friends in the police force near me who i informed of the situation about the same time i started talking to them kyle was put in jail for separate reasons since these two events he has stopped contacting me thank christ james knows about kyle but i havent told james about the most recent developments because he has had a lot going on a death in the family health issues among others
1,i want her to tell me that she loves me that she would only want to be with me i just want her and im even willing to give her another chance even though i know i shouldnt i cant move on everyday i think about her and the good times we spent together so reddit help me i need to know how i can move on from her tldr my wife cheated on me and i dont know how to get over her
1,for example im selling something thats worth you can have it for i hate it i want to cry ive had items listed for about weeks theyre all responsibly priced or under and im having to accept low ball offers as i have no other choice i would never let myself in a million years do this if i wasnt homeless but the clock is ticking and i need to move
1,i always feel like no one actually likes me and they just put up with me out of pity its a vicious cycle because that insecurity makes me more selfconscious and standoffish which makes me more unlikeable i just feel like im nothing but a drain on everyone and an inconvenience im constantly plagued by these thoughts about what a terrible person and i am and its just so exhausting i wish i was normal
1,hey everyone i need a place to vent and place my feelings because i dont know what to do anymore this evening while playing a boardgame with my bf and some friends i found out my bf lied big time short last year we decided that i would join him this year on his skiing trip with his friends his idea this wasnt possible in the end or so he told me because his friends didnt want to rent a cabin but go on a cheap student skiing trip
1,i cant even use the restroom because then i think about how if i were in the restroom when a shooter entered the shooter could easily get me and the classrooms would be locked and id be locked out i was late for one of my classes because i was afraid to leave my classroom does anyone else feel the same way its like i cant function normally anymore school is such a scary place to be all of a sudden when it used to be a place i felt safe and comfortable even though we had an open campus ugh
1,apparently it doesnt work that way i dont drink or do drugs anymore which didnt help keep me safe at all btw so there is nothing to blur it out i just have to live with all the horror and memories and i hate it tldr i hate myself and the life i led im ashamed i didnt figure out that things could be different sooner
1,i cant afford rent and my student loans on my income im planning on going back to school in houston since uh is about a year for instate tuition which i can convince myself i can afford im just so sad and disappointed this was never how my life was supposed to be but when your mom whos financially irresponsible lightly put and lets you go to a school that is k without even knowing it i was basically doomed from the start and this is now my reality maybe ill just kill myself before then so i dont have to face this life because this has become too much to handle
1,i have a short term plan but nothing long term at all im assuming shes going to shut off my phone in the next hours so ill have no access to texting or calling services until fianc can afford to put me on his plan unfortunately he may lose his job because he was living with me and my mom today we had a really bad fight and shes at home while im outside i dont think i can go back anymore and i have nowhere to go with the very little money i have on me and only the vaguest sense of what to do
1,my troubles began when i confronted her about withdrawing large and frequent amounts of cash from her account and asked her what she was spending all that money on when she wasnt paying for my siblings i asked her for my year old sisters dad number so i could bring up her not spending the child support money she was receiving on my sister she refused to give me his number and since then i cannot even talk to her she has even told me not to take my sister out with me and my brother because she says she does not have money to pay me back if i mention anything about what i spend on them she say i need to see a receipt but when i ask if she bought anything for them and to show me a receipt she says of course i dont keep them
1,the thoughts that have been pouring into my head theses past few days are terrifying i wonder what driving my car off the side of the freeway would feel like the relief that would come at the end i feel so hopeless i dont want to feel this way anymore i wish i had a gaping wound so i could go into the hospital and they could fix me
1,went to my first survivors of incest mtg yesterday sexually abused between have been crying for the last hours and cant think of anything else except how lonely and how much of a failure ive become ive been in therapy since but hadnt disclosed to anyone about the sexual abuse by my two brothers then i was forced to disclose to my therapist the truth about the abuse when one of the brothers reached out to me one random day saying he wanted to perform sexual acts on me
1,its subconscious for sure but just a feeling i get im terrified of him and praying that he gets the real help he needs at the same time and i just dont know how to sort that out i dont know how to stop worrying and wondering what hes doing we have several court dates coming up so i think that adds to it im just so exhausted and ready for this fight to be over
1,the next couple of days have been mostly normal a large group of my friends were visiting so i had a good time but that episode made me slightly anxious every now and then i have no prior history of anxiety disorder or mental illness for all i know this episode could have been anything or nothing but i do remember feeling a strong sense of anxiety during the tram ride at the time i was attributing it to being a little paranoid on pot so i wasnt concerned until i started to lose my vision
1,weve been through so much this is easily the toughest break up ive ever had my other relationships were very easy to get over tldr i broke up with my bf who had anger issues financial issues drug and alcohol issues depression and anxiety and unresolved feelings from a gf that died in a car crash year before he met me but his good qualities where he was considerate loyal caring honest gentlemanly and supportive is what makes me miss him especially his goodbye text
1,they have lives outside the group and are often coming from far away to go to this group should i try and be friends with them i feel like theyre not going to want to hang out with a dorky year old and i have no idea what wed even do anyway i also tried bumble bff to make friends but found the constant swiping and texting to be really boring and depressing theres only so much bland small talk a person can make
1,he was furious id kept that from him i had considered doing cam modelling though had never gone through with it again before we even met he accused me of lying and keeping things from him on top of that he still expected sex all the time i still liked it but i was so stressed from the move and from the constant crying and fighting that my libido was down
1,ive stopped telling it and when someone at work says whats wrong i just look at them and say its been a day i just cant really go out and do stuff i keep pushing college back i wanted to be a nurse and now i dont want to do anything but be a hermit and go live in the woods im not really looking for responses im just tired of people not listening or believing me ive had it all my life and im just done with it
1,she hangs up told me she was going to but she leaves that was a bit frightening but i guess at that stage the police were already here because the abuse from him starts oh you actually called the fucking cops did you why would you call the fucking cops i cant believe youd call the fucking cops three days later ive just checked the phone
1,i am so sleepy and want to sleep so bad but the second i lay down it gets worse my chest and stomach actually tighten up with anxiety and all i can do is think about pippa now what i did was irresponsible and i should feel bad about it but this level of anxiety about something that happened years ago that i cant do anything about now is insane i tried talking to my family about it but they even disagree on the basic premise that pippa was even neglected
1,im aware i have problems when it comes to dating i get jealous paranoid and suspicious very easily i hate it about myself and hide it from my boyfriend very well take for example my bf we have each other on snapchat we maybe send one or two to each other a day its not like a thing we do but it could be i tried to send him more but it wasnt reciprocated yet i always see his snapchat score go up by like or more at a time i know i shouldnt snoop it just feeds my problems but i cant help it anyway i just get jealous that he snaps loads to other people but not me i dont know who it could be another girl he never sends a face pic to me but is he to others and if so why not me
1,hello guys this is my first post here ever since i cant fall asleep on a random night few months ago i started getting anxiety at night and before heading to bed but everyday is different usually when i get on bed n off the lights my body started to heat up and i would sweat a little which makes me really uncomfortable my heart would pound fast to which makes me anxious
1,we were hoping to call when he leaves for work todayhes leaving in about minutes im really scared and i think hell continue to come after us even after he goes to jail so were probably going to have to get a restraining order considering were a financially unstable family this is going to majorly impact the way we live we live in a two bedroom apartment so were probably going to have to move to a studio or anything else thats cheaper my brother leaves in days because he has to go back to college and we need to take action when hes here because me and my mom cant really go against my dad physically
1,when we are at work we joke around but we all do that i feel so ashamed i want to hear your opinion on the fact am i to blame was it my fault because something like this happened tldr something delicate happened between me and my collegue
1,i only get it when i have a flashback or strong reaction to a trigger i notice it sticks around even when i feel emotionally calm and can stick around for a long time after the trigger like days or weeks its a new symptom i think also been having lots of nightmares again recently not sure what to do as im not currently in therapy but i am waiting to be seen at a mental health clinic
1,she is in need of some house repairs and a reliable car her fixed income and family support isnt enough to get everything done the van shes driving has some serious problems the transmission is dying and theres no heater or defroster the lights blinkers and brakes dont always work right due to electrical problems
1,i was so desperate that i tried asking some of my family members for help my mom doesnt given shit recently leased a new truck my brother is such an ass hole my aunt who recently bought a vacation home in houston told me maybe you can talk it out with your parents take care were going to europe all i desire is a quick and painless way out
1,sigh i fucking bailed on the plan today to get my suicidal headcase of an ass to a hospital for admittance to a psych ward my ptsd got triggered when i got in the ambulance so i fucking jumped out the side door they chased me down an alley and found me hiding behind a truck police got involved more ptsd triggers but he was nice and spoke french which comforted me a little
1,i was sexually assaulted almost months ago once i was assaulted i ate nothing for three days straight i lost about lbs in weeks i was also withdrawing from risperadone at the same time i couldnt stop losing the weight
1,i am just sick of this being my daily life between the derealization and the hypervigilance and paranoia even on good days i still dont feel like a person and thats not even touching the flashbacks and nightmares i dont know what to do anymore i cant find a shrink who i trust or who seems equipped to help with the particular symptoms i have and that seems like my only option what do i do
1,i have noone to talk too stress ive taken dbtcbt classes yes ive tried grounding techniques and get frustrated after a bunch dont work cannot afford a pyscologist
1,he would play really loud music on the speaker it got so bad when he threw the living room table at me we got kicked out of at least apartments at this point we were homeless he wouldnt get a job and wanted me to get out and hold a sign and pan handle for money if i didnt he would drive the car we lived in really fast and say he was going to kill us he wrecked that car small wrecks at least ten times
1,no thats not an exaggeration but i wish i was while i was driving last tuesday i got extremely lightheaded sweaty and then pulled over and vomited blood all over the interior of my car after a few moments of wonder if this was it and deciding it definitely wasnt it not on a highway i snapped by myself back to what life was left and drove to the next exit to find help my so has a great summary of why this ended up costing so much money but its a sequence of very unfortunate events thats even before the fact that while i was intubated and unconscious someone lifted the bag of all my clothes wallet
1,i want him to die because then well be truly safe but i dont want him to suffer there have been times when i did and i denied that there was ever any love because that was easier than accepting that a man who once loved his family decided he hated them so much he wanted to kill them ive still got half my life to lead
1,his price is even higher than what i was told and he said thats after a discount im a college student and apart from tuition i have food and other things to fund and i thought that by paying this much id at least get my moneys worth in therapy but other than telling him about my anxiety and family and having him tell me i probably have ocd and anxiety disorder all i seem to hear is the rates of the therapies and how it would take over a year of dynamic therapy preferably times a week at a session and that i should be able to commit if i want to continue the second session he continued with this spending nearly minutes saying i have options seeing a psychiatrist and taking pills going to cbt to treat only the symptoms or seeing a dynamic therapist like him for sessions which would take a year at least to see results whats more the second the clock ticks minutes he says have a nice day and sort of kicks me out so im supposed to believe this person talking about money on time i pay him money to talk to me about my greatest fears is gonna help me
1,relying on an app that depended on wifi for calls and texts became a hassle so i tried to get an obama phone i was denied because i couldnt provide a bill with my name and address on it of course i dont have an address im homeless how am i suppose to get a job when i dont have a phone one where i can be reached whereverwhenever the system was designed perfectly
1,ive been trying multiple medications for years and i have literally tried them all the highest doses possible of insomnia medication cant even put me to sleep multiple psychiatrist and even my pharmacist are stumped every ssri snri tricyclic beta blockers benzos group therapy sleep studies mris blood work cbt emdr talk therapy group therapy art therapy psychiatric hospitals wilderness retreats traveling moved times ive been to college timesno degree have over different jobs its like my brain is bound and determined to make me suffer
1,this is so hard to write about for me attempting to describe what ive been through cuts me really deep down and spins me through flashes of pain tears and the deepest depression i really feel kicked when im already down so please forgive me for the winded intro and shaking writing style it has honestly taken me a week just to get to this point
1,ive received hundreds of harassing contacts from him and hes even tried to extort my friendship back by threatening to expose sex tapes ive already endured years of his psychological abuse and him physically raping me in the ass while we were together ive already endured seeing him and the fact that he brings another man that raped me and he knows it to every hearing so far ive endured him harassing our old mutual workplace and every individual mutual contact we had when it first fell apart ive had him flip friends on me and had to move twice in the past to years to hide my location from him
1,i have an appointment with a paralegal to draw up a separation agreement when i tell him i want and am filing for a separation and divorce he will ask why do i mention to him about finding the extent of their chats and the cellphone bills what about the disappearing im accounts or do i just leave it at you had an affair you arent being completely honest with me about it i feel like this reconciliation we are experiencing is just me being strung along till you get your pieces in place to leave
1,while my friends and myself included have high hopes that this will work out im petrified because i am putting my feelings on the table im going to be so damn vulnerable while hes expressed and shown signs that hes just as into this as i am if not more so ive also never done this before ive only been in college relationship before this followed by years of singleness and ultimate casual fuckery i know my feelings for him are real and i owe it to myself to fight for a chance of a relationship with someone i feel so strongly for
1,ive been in an abusive relationship for years now my family had stopped talking to me and live states away when my boyfriend and i got together the first time i noticed abuse was when he wanted to repeatedly have sex till i was sore and would get angry if i refused it was subtle at first but it scared me as time went on i would here everyday how i was too skinny i need to gain some weight it got to the point to where i would ask questions about why i wasnt good enough and was depressed he would throw a speaker in a room along with me and put stuff in front of the door to where i couldnt get out
1,now its personal so it hurts a lot more there are nightmares where i am murdered those dont hurt half as much as these i woke up a few nights ago screaming because of it and i cried like an idiot until i realized it wasnt real figured id rant here instead of breaking my hands on my heavy bag you guys ever get extremely worried about your partners safety to the point where it triggers you
1,my bf and i went to his parents place in iowa over christmas over the years i have always known that his parents dont absolutely love me but i didnt realize that they actually dislike me until this time i visited them his dad is a difficult person to begin with which is well known by everyone and he kept making little jabs at me and insulting me for example he asked if i am a citizen and how long i have been one i mentioned that i have never watched harry potter and he jokingly asked me if i was busy clubbing and talking to boys and doubted my upbringing and when i was using my bfs phone he asked me why i am using it and if i am reading his texts these are just a couple examples and there are many more
1,i especially appreciate stories of similar experiences and such i hope everyones have a nice day tldr i ended up with anxiety due to relationship and health anxiety and now i cant stop thinking about how i might some terminal illness cancer just because i feel some weird tingling or pain in an area i didnt before or even a cough can freak me out a little if you alsoused to suffer from this how dodid you deal with it
1,well the warm season is here which means higher levels of anxiety for me thing is im so used to this pattern that i dont even care anymore ive been through the worse of anxiety attacks and now its just another oh here we go again kind of mood i like the warm weather and whatnot but theres too much activity going on since people enjoy going out i dont blame them
1,he has even made a comment to my bf about me being overweight being overweight has basically taken over my relationship my mind and my life this year i am making it a priority to lose the weight especially since i have nothing else occupying my mind like cancer my confidence level right now is and i feel so fucking ugly and fat if i just got in shape i know that i would be close to a
1,some examples spit on me randomly in the eye doctors office giggled and strolled off when i looked up at him in horror we had some verbal exchange in the hallway and he slapped me so hard i couldnt feel the tear roll down my cheek my face was so numb he pinned me to the floor one day and savagely beat me for at least minutes straight for what reason i forget after he was done beating me up he would punch in the back of the head repeatedly this gave me headaches and i saw flashes with each blow and he would often have a gleeful look on his face after he was done for the longest i didnt know this was abuse nor did i know i had developed all of these poor coping mechanisms to deal with being abused he ruined my life without me even being aware
1,i cried for hours and at one point something came over me and just slammed my head into my bathroom door sadly since im in a dorm its a shitty hallow core door and it broke bad and now there is a hole that i have to figure out how to fix its a fine if i cant figure out what to do with it so thats just compounding on the already existing stress i have to my name right now i luckily get paid friday so i will be able to pay for my car but im still left with only for weeks and i have to figure out how to pay for my textbook for my night class its a mess and i dont know what to do right now
1,so now im here not knowing what to do i dont want to call the cops because i dont want my mom to get in any trouble for her gambling habits so i need some advice for what to do incase something like this ever happens again tldr my mom cuts her boyfriend because he grabbed her by the throat and i dont know what to do update after this incident with her boyfriend my mom wants to move out of the house
1,i thought that sounded fun so i agreed the whole way there i was so nervous and anxious and during was kind of fine but i was fairly scared it ended up with my friend also having sex with me and i agreed but i was so wasted afterwards i felt so sick and repulsed and freaked out by what had happened
1,i feel so damaged by my childhood that i feel like i could never be fixed everything hes said is true about me i am stupid crazy cunt bitch whore and people only want me for my body i feel so ready to just go i hate myself so much
1,she wants to live off these and cut back on everything there is even her own only connection back to her family if needed my plan was to get back to our parents for a while until we both earn a bit better or find a cheaper place but unfortunately for her this is no option she is afraid she cant go home as she already once switched jobs and is afraid her mother wont accept her at home again she blocks every attempt of mine to bring up the possibility of going back
1,i tried some cheese and some had pretty intense flavors and being an highly sensitive person this i think caused some stress we stood for about an hour when i felt this dropping feeling in my stomach i knew this was a sign to get some food and sit down but my dad was very happy checking out cheeses so i risked just waiting and chilling out then my whole body felt that dropping sensation and my hearing started going i started getting warm and it felt like pin needles on my body
1,hello im female and from the uk im kind of freaking out right now because i think something happened to me as a child i dont even know im sorry i wish i had something concrete to say but i dont think i could even type it out the problem is ive recently moved to japan on my own and have no one to talk to here i would normally talk to my boyfriend but hes not awake and i dont even know what id say to him i dont even feel like i can say anything out loud even if i was with him
1,this has been happening for the longest time and its very hard to describe so bear with me once in a while when im trying to sleep suddenly my racing mind starts experiencing opposites at the same time the most terrifying one is feeling like the world is expanding infinitely but also crushingly contracting in on itself then theres also times when i focus so much on the silence in the environment that i end up feeling like the room sounds extremely loud and a more physical one is feeling hot and cold at the same time which prevents me from being comfortable enough to fall asleep
1,i take solo back packing trips and my friends really see me as someone fearless and freespirited it makes opening up about my mental health issues kinda difficult because they cant see me acting this way i have a lot of anxiety and depression issues around my romantic relationships i also have depersonalization issues and want to be alone more often then not i think the fact that i can be so outgoing and positive most of the time my friends dont realize that i struggle quite a bit some days
1,this sends me into an extreme anxiety spiral because id been seeing his mother almost every weekend for nearly five years and she does this at the drop of a hat i understand she was just trying to protect her son but the level of nastiness was just insane i had to get our old counsellor mine and ns involved to speak to her she said the mother is taking things seriously i dont believe it
1,has anyone else gone through this ive dealt with anxiety for years depending on what you mark as the origin of it and in the past several years ive tried every nonmedical solution google came up withmy wallet allowed ive thought very long and hard about seeking medical help for my anxiety and finally did this week honestly there was a lot of support and encouragement to seek treatment from people i talked to about it previously the doctor i saw was amazingseriously i had no idea how to broach the topic and i felt comfortable discussing my concerns from the moment i opened my mouth until i left the office
1,for the dog at least i can get stuff for cheap dog food or something but the cat wed need cat food all of this weighs on my mind with my anxiety i keep going over it in my head again and again i know i need to see a therapist but you guessed it no money im really hoping someone can help out
1,its really kind of ruining my ability to empathize with some people bc of comments theyve made in the past i witnessed the attempted suicide of my sister and then subsequent self harm targeting just towards myself for the purpose of manipulation and dealt with no one believing that it happened so many people have told me be happy it was a failed attempt failing to recognize the damage knowing someone i love could want to hurt me so badly did not to mention other abuse i dealt with after that trauma shouldnt be a competition
1,i have suffered for years through an abusive relationship with my husband drunk driving attempting to detain me in one place so he could continue to yell at me child endangerment stalking physical and sexual abuse cheated on me multiple times including one instance i am sure was actually rape i kicked him out months ago and filed for divorce as soon as i was able after that now i have a court date for the restraining order for me and my son which i finally gathered up the courage and the witness testimony to file i know that everything ive said is true and im confident that my evidence is strong
1,i do not know if i ought to to be honest i determined to quit drinking nine months ago and have been sober seven weeks but i never had any desire to quit grass and i still dont but i am in trauma therapy for the last four months and my therapist has brought it up a number of times she keeps saying it affects my motivation and depression but it helps with bot the gad and social anxiety
1,he wants me to study abroad in europe after undergrad then return and work for the government in economics i dont mind the europe part but i have zero interest in working for the government and am absolutely shit at economics and ive told him so no matter how many times i express my lack of interest qualification or skill at economics he ignores me and continues to push this path it wasnt like this was something hes pushed on me my whole life its like he came up with this plan for me when i turned and now is obsessed with it i really dont know what to do
1,the fact is that it is not very common these numbers from where i come from tldr unable to overcome girlfriends past in two minds regarding breaking up she says she will die without me already popped up a cocktail of pills once nothing happened
1,my heart races and my hands start to sweat i immediately feel as if i need to pee and then worry as theres no bathroom on the train at least the unknown is the problem here how long will i be trapped i know this is stupid i know i am fine i know in all likelihood we will be moving again shortly but its the constant what ifs that set me off i look around and everyone else looks perfectly calm perhaps mumbling at the inconvenience but i am gripped with fear i hate it
1,she wont call the cops because her counselor confirmed they would take away her kids her mother took all but one from her now what the hell can i do edit she said now i cant tell anyone id let her hate me if it meant getting her safe but i have no idea what this could do to the kids very confused
1,i need to make a decision now my whole course of life is depending on the wisdom of redditors share with me your thoughts so that i may add to my own please help thanks for your time
1,some context i manage a person who is young late twenties but when angry acts like a toddler throwing a tantrum who is a gaslighting bully shes wellconnected at my workplace so gets lots of support from her friends who she talks to and presents this alternative reality to them about her version of situations this is problematic because she also needs disciplinary action because of bullying behavior toward other staff customers and myself but any movement toward that leads to a tantrum she presents herself as friendly and sympathetic often the victim of the situation so people believe her i suffer from anxiety low selfesteem and depression so this is a nightmare for me
1,i never really knew people gave a shit about me and it really meant a lot to me it still does but if so many people are here for me and things are going to be okay why am i still afraid of them why do i still have a pit in my stomach and why are these thoughts still clawing at the sides of my skull why am i crying right now i dont understand it i dont understand my own brain and i feel like an ungrateful prick for still being shaken up so badly
1,hourly employees start arriving at am and then myself and the other managers will delegate the days plan to the employees we are typically very understaffed to be able to work in new items recover the floor and excute the gms planned item moves for the day so after we delegate the managers become stockers and work alongside the hourly employees to get done i dont mind physical labor and hard work its actually my favorite part of my job but its hard to run an operation as large as restocking and remerchandising a sq ft facility while you are stuck stocking the store opens at am at which point i will try to start my administrative tasks but just like in the morning the building is usually understaffed so its more common than not for me to be either cashiering for several hours or helping out in the deli andor bakery some days im lucky enough to get a lot of time in the office to complete my daily tasks but most days i do not
1,im having a difficult time coping with how my abusive husband is perceived by family and friends he raged at me then was perfectly calm and collected as we met family for dinner less than five minutes later we go to social events and hes the perfect gentleman hes kind caring funny charming i sit next to him absolutely blank and speechless
1,the few days following this i was a wreck an absolute mess crying at work shaking anxious sweating and couldnt eat through the week i wound up losing nearly lbs and have been everything from manic depressed to furious to scared out of my wits to utterly confused aaand all the way back around again the other night i told him i needed an answer what are we doing
1,when i get stressed and angry and blow up i find myself blaming and cursing god a lot for the situation that has made me angry like he has always had it out to get me afterwards i feel so stupid and ashamed for my outbursts usually over very trivial thing i was diagnosed with severe depression and anxiety disorder however i never told my psych or therapist about this part of me because i just dont like talking about it i have a child now who is turning mo old and yesterday i had another big outburst when driving with her due to a stupid road rage issue
1,and ive come unglued over absolutely nothing in the past but i will seize upon something in these moments anything and the vein of anxiety erupts like a volcano and i cant breathe im shaking im numb and he is there just reminding me gently this isnt happening right now this is your past this isnt our present ive never lied to you ive always kept my promises to you
1,i have trouble connecting to it on a personal level but isnt that healthy separation of pastpresent i think my present anxietiesself image issues stem from traumatic experiences but i can talk about these things fairly openly in a way that feels rehearsed i had a panic attack where i felt terrified and unable to move at my psychs this past tuesday but thats not typical for me at least not anymore i realized most my recent panic attacks may be breakdowns because its not accompanied by a sense of fear but pent up emotions i havent been able to release resulting in a sudden loss of control i start hyperventilating screaming and unleash all this pent up fury to the point where i feel detached from my emotionsself and have no control start throwing things or hurting myself until im exhausted and suddenly shut downdissociate
1,this kind of thing just makes me want to stop why do people go out of their way to be negative to someone asking a question and trying to get help it stresses me out anyone else have this issue or get anxious over this or am i just being silly
1,im new to this so please forgive me im not very good at expressing my emotions i need advicehelp i was molested multiple times by my biological dad when i was up until middle school so like yrs old after many times in the past telling my mom that my dad had touched me weird my mom had gotten annoyed and mad at me
1,ive put my family through it too many times and its putting a strain on my relationship im not who i used to be and because of that im afraid people are going to leave me my partner especially hes seen me go through this before and im afraid hes going to give up on me
1,this is all relevant because im slowly realizing that keeping my relationship from my mother isnt sustainable im not a good liar eventually the truth has to come out because i cannot live like this problem my mother would hate my boyfriend being a narcisist she cant stand when i give anyone more attention or devotion than her
1,before i knew at least i stood out from the girls he followed now i kinda feel like a shitty clone or something i dont know i dont have a type or follow eyecandy so i dont really understand help me make sense of it tldr my bf changed his preference in women and now i feel like a shitty clone
1,please tell it to me jnmil i just dont know what to think any more am i unempathetic am i in a jnmil situation with a fh who cant be helped tldr my fianc has banned me from asking questions about his relationship with his mother after i questioned the need to visit her for the fifth time in five days xweek since we moved in together edited to add i have often turned up and helped
1,she gives me something weaker that i know will not work ive been on so many meds i feel like im at the point where i know what will work and what wont and she might as well written me a script for a sugar pill this is what she decides to do after i tell her how anxious i am how a heavy duty benzo isnt working and how im near the brink of ending my life due to fear and anxiety and have no options left do i blame her for being cautious no
1,it was all so quick and i try and recall now what happened and my brain jumbles up the details but he finally realized what he was doing to me and stopped i am a small girl with a very thin build at and to pounds maximum and he is a big guy at and and pounds and i had no chance of getting him to stop he started immediately after hysterically crying because i started to hysterically cry and started to feel like i couldnt breath he spent most of the night afterhysterically crying telling me he cant live with himself after this and how he would never put his hands on a woman but something in him just snapped but i dont know how to forgive him or let it go im still so shocked by what happened i have managed to stop crying and calm down but i dont know how to move on from here
1,im just really scared in general of not living up to expectations my partner may have a lot of my life is built on trying to be exciting fun or entertaining im just scared i wont be able to keep it up for my partner the last thing i want them is to describe their boyfriend me as bland or boring but i feel like thats how ill make them feel and itll just lead to heartache so ive come to the most recent conclusion after seeing my two best friends get girlfriends and me being the awkward loser who cant get one that maybe im not the type of person whos built for relationships
1,i feel like i am in a pit that i cannot escape from i know that i am anxious all the time and terrified of fucking up and i know for sure that the more anxious i am the more i cannot focus well and think straight and the more likely it is for me to fuck up and somehow everytime i do i feel like i just want to belittle myself so much that i deliberately and purposefully want to see myself covered in blood and bruises because i feel like i deserve it edit
1,i literally felt her lose interest in talking to me as i said that she asked me some basic questions and then suggested that i go into walkin counseling that my school offers because she doesnt want to waste my time being there i told her that it wasnt a waste of my time and that im here because i want to get better this was only my second time meeting her and we never delved into any of the main issues that i was facing but she brushed me off so quickly all because i wasnt sobbing my eyes out or felf like committing suicide she acknowledged the fact that i wanted to stay and talk about other things in therapy but she proceeding to rush me out
1,i dont know how its physically possible to be this anxious on this level of medication to be fair my anxiety and racing thoughts about going back to the first employer are so bad that i cant even really watch tv so healthy coping mechanisms are pretty sparse im really only posting this because i seriously cant believe that a i can physiologically sustain this and b that i still have been going to work every day i guess i come home and break down every day too so theres that i wish so bad i hadnt done that and its like my brain is living in this loop of both regret and fear as well as rage at myself for thinking that would be the answer
1,i didnt tell anyone not even my family i felt i had to protect them they were already insolved with cps trust me though theyre awesome and i knew if i brought abuse into our case i would inevitably send them down an unnecessary path social workers dont blame the abuser they jump to the conclusion of negligent parents parents who were irresponsible enough to not know this was going on they didnt know they didnt know because they couldnt know i went out for a few hours and they assumed i was hanging out with my friends at least thats what i planned to do they assumed i went to school and got an education not beatings when the teacher was out of the room
1,i need help i need sound advice on how i can overcome this situation i need brutal honesty merci please excuse my grammatical errors
1,ive been in therapy and will go back soon now but ive never had to practice harm reduction around self harmi need practical advice i know that because ive never felt so out of control than last night when i was hitting myself tldr i got drunk last night destroyed my room and hit myself on the head hard enough to give myself welts for the first time in my adult life i need advice on not doing this self harm crap
1,and one of the girls pull me and asks me if i like him and i said yeah and she goes if you like him you can have him because my friend is only here for one nightgets pulled and there i was in a packed nightclub all on my own trying not to cry about the fact i got ditched by my date for the night so i leave the club go home on the train with the worst feeling ever more insecure than ive ever been tldr one of the worst feelings ive ever had in my life sorry for being dramatic
1,at the same time ive been going crazy because if im not thinking about something else im thinking about him and various kink related acts this isnt anything ive actually experienced before hell i still dont get attraction so im confused my issue is hes going back overseas for uni in a couple of days and well be seeing each other in our larger group tomorrow should i bring something up should i just leave it
1,i can have it in front of me and still overthink and ask my self over and over any advice or opinions thanks ps i dont suffer a lot when im busy at work or with friends
1,just realised in my greatest moment of need no one could be there for me despite me seeking it out and reaching out first these are friends ive talked to about issues before my heart is beyond broken to find myself at once again a second round of realisation that i have no friends to be there for me people have stuff to get on in their lives and cannot always be there for me i get it
1,back ground me and my girl have been homeless independently for about a year and weve been together for six months now we lived in olympia washington for a while and where trying to make it and eventually move out of the toxic town i received about k worth of back pay efc payments the state owed me and shortly after my girls grandmother died and she wanted to make it to the funeral so we decided to make a road trip of it get jobs in florida and be set we figured the lower cost of living would offset the vastly lower minimum wage and wed be fine we both got jobs at her old workplace wendys never go to the lakeland highlands wendys so many healthcode violations btw and worked for two months and got fired for bs reasons i got trained wrong and wasnt told about of my responsibilities by a guy who was on his phone of the time and quit a week later she overslept and no call no showed one day and got immediately taken off the schedule
1,im trying to keep my mouth shut but shit is so goddamn annoying oh and my both of their first languages are not english while i speak only english i criticize my father by telling him he speaks like donald trump im gonna donate plasma tomorrow because im broke
1,my brother and i usually get along but for some reason he makes me really angry to the point that i dont like who i become im a pretty levelheaded guy and never really yell or get angry at anyone but for some reason when it comes to my brother the anger i get is so overwhelming hes the only one that can get me to that point of anger where i start sweating and shaking hes never hurt me in a major way before and all the things that annoy me are little things like ignoring me not responding to me when i talk to his lack of eyecontact and him generally ignoringdisregarding my attempts of communication i dont wanna be like this towards him and i dont really know what to do
1,i f married my husband m about months ago after dating for years and knowing each other for about when we first hooked up i had a very successful career in the adult industry and i supported him for almost years before he got a job he knew what i did before we hooked up because i had been in the industry for years and everyone back home knew he told me multiple times that he accepted it and he loved me regardless however he has been very abusive always blaming it on my job before and now that i have retired since our marriage he uses my past against me during every fight
1,i see him in person times per week almost always at restaurants if it matters weve never been to each others apartment it is in his lease that he cant have guests over ive invited him to mine but it hasnt worked out i have some abandonment issues from friends pretending they like me but actually secretly disliking me so i have anxiety that he doesnt actually like me
1,i have some tainted memories with my dad and have doubts about my grandpa anyway i dont control when some of these memories and questions pop up i feel really bad about myself when it happens sometimes i cry and other times i just have rage i dont feel like i can talk about it with anyone i could really use some advice on how to deal with these memories and emotions when they take over or if any of you have found ways to stop memories from popping up
1,i find myself curious if any of you have experienced a partner who with holds sex and affection as part of their abuse pattern i mostly read about men who force or otherwise guiltmanipulate their partners to have sex my situation is different my husband refuses to touch me if i try to initiate sex which i have done many times in the past he will flat out push me away
1,the rare times we have fought in the past ive always had to be the one to break the ice regardless of the circumstances of the argument i dont have it in me to go grovel for the comfort i sorely need now im just trying to cry myself asleep whats the point of having a partner if they cant offer the most basic level of emotional support is the writing on the wall is he just too immature and how did this parentchild dynamic creep in to our relationship
1,he knows that im still on the fence about pot and without me even asking promised me that he would not do it but last march while he was gone he got extremely drunk and ended up smoking he got extremely sick and ended up vomiting and passing out on the bathroom floor of their bus and called me the next day and told me everything this was extremely difficult for me to process i couldnt really understand how something that he swore off doing he just ended up doing
1,she also told me that i was an idiot for wasting my life or attempting to end it anyways i came out of that appointment in tears that was a horrible day and i still think about it it made me feel like i had nothing to complain about its only taken me until the last couple of weeks to finally accept that i did nothing wrong
1,ive been taking mgs zoloft for about months yeah super small dose but it was taking the edge off i think i decided to stop taking it for a few days to see if it was really helping now about hours since my last dose im suddenly kind of shaky and also flushed my cheeks are burning for no reason and those side effects are about to freak me out do you think it is from my missed dose is it possible to have such a fast reaction
1,i cant stop the ruminating thoughts about the whole process i also cant stop the what ifs or i should have done more i keep blaming myself and beating myself up it sometimes makes me physically sick do you have any tips to help alleviate the pain and stop the thoughts
1,in the last year i have developed some health problems i started having seizures and because of them i had to miss work because of that i got fired i was doing okay still while looking for another job by donating plasma but my car got repossessed a few days ago and i havent been able to get there to donate
1,not because i didnt have evidence but because none of the evidence was permissible in court my last order of protection was denied im a survivor of childhood incest it just seems like no one cares or wants to care about the psychological repercussions any of this abuse has on people and im the one to blame for not being a perfectly normal person
1,no not really i thanked my boyfriend and then immediately blurted out how am i going to explain this to my mother like i said hes understanding but i could see him kinda wince as he probably realized that the gifts brought me more anxiety than happiness i spent the next half hour desperately thinking up backstories i could use to explain to my mother why i had a brand new hat
1,i felt horrible for her ever since ive been close friends with corrine she told me a lot about what happened with her family and we had a lot of late night conversations where she told me about how she had these nightmares of what mightve happened how she had bits of her brothers brain on her shoes afterwards how she tracked blood through the house while she went to get the phone to call i felt so awful we were close but i knew her past was traumatic and rarely pried
1,ive been crying myself to sleep ever since i came back im scared something terrible will happen to them and i cant stop feeling guilty about cutting contact with them for the past several months my mind keeps replaying awful scenarios over and over again i cant stop thinking about these terrible thoughts
1,i cant stay standing or even sitting for extended periods of time without severe consequences to my neck and my head and more recently have been experiencing heart trouble im getting some doctors to look at me but they havent found anything yet ive literally been going with no money or insurance and bills are piling up since i cannot commit to any continuous work im finding it impossible to make money
1,and godforbid i see an insect anywhere near me even if its through a car window jar or whatever oh boy i get very anxious sometimes i have never ending anxiety that lasts for multiple days and flares up at the worst times and if i drink caffeine oh man that makes it even worse nicotine withdrawal can compound this sometimes increasing my anxiety twofold and ironically making me too anxious to go out to smoke which causes a vicious cycle that while temporary can really fuck me up for the time its going on im wondering what i can do
1,hey guys been married for about a little over a year i had an inkling before we got married that the wife was an anxious person but it was only after we got married i realised it was much more she has weekly breakdowns over minor occurrences at work and comes home cursing and screaming about what goes on not at me but that repeated venting does have its toll on me as well mentally
1,he could not understand why i resented him when in his mind it was me who was being abusive because i couldnt fake being into sex with him which made me a bad girlfriend because i wasnt ecstatic about always having to take on every responsibility and basically take care of him as if he were a child he constantly told me that i was just playing the victim when it reality it was really him who actually was the victim i was the bad person in the relationship well fuck you
1,they discharged me i told a nurse at a health clinic though where i got sutured that i just cant deal with the ptsd anymore and i feel awful on this injection of flupentixol im suicidal im suicidal and i keep thinking i should just go through with it this time but this is a cry for help what should i do
1,when i try to befriend artists or thinkers or doers they often either shun me because my work has been sub par and nearly non existant and they dont see me as equal or they show sexualromantic interest i dont reciprocate which makes me nervous and avoidant sometimes i am shunmed i think because they mistake my interest in making friends for a romantic interest i am quite annoyed by all the assumptionsgame playingprojecting that goes on in the world
1,in the meantime this girl texted asking what time hed be there but he didnt reply following day when she asked why he didnt replyshow instead of sharing that he was saw me he made up a story how he got stuck driving someone to the airport then followed with i wanted to see you more than anything at this point i royally freaked out and he said the reason he made up the story about driving to the airport was because now that it looked like he committed to attending itd be easier to come up with some urgent non negotiable reason why he couldnt make it rather than look like a jerk that ditched last minute for something else that popped up without giving any notice again understandable i do buy the story because when the girl called she told me nothing was going on beyond friendship and that they hadnt talked in forever she said she herself was busy with a new relationship which why is they hadnt talked beyond simple texts here and there which would explain why she didnt know he was dating me just until that moment
1,how is it possible that he can drive and use his fist to punch you did you do something wrong the only thing i got from the police was a worn out looking card to the social work department and by the way they offer counselling nothing else to this day they have not arrested him because apparently the attack occurred in the middle of two districts apparently its really hard to determine which district is responsible and because of bureaucratic issues the man has not been taken to questioning my mother helped me tremendously by arranging the divorce for me and in the divorce we did not put any alimony
1,my nephew came over today and he has a bunch of bug bites on him his mother is insisting they are flea bites but i posted pictures earlier and was told they look like bed bug bites idk what to do im having a mental breakdown or something i already have crippling depression and this is breaking me
1,ive suffered from a mild anxiety disorder w depression diagnosed for about years all while ive been with my now dh dh is logicalrational to a fault and while generally supportive cannot understand how i feel and act when depressed or suffering from particularly bad anxiety no matter how i try to explain to him tell him that i literally cannot help it or just magically lift myself out of it he insists that im being dramatic it makes me feel all the more vulnerable and all the more difficult to speak for myself what adviseexperience do you have for helping someone understand who has never experienced depression andor anxiety that the disorder is real and not in active control of the victim
1,also youre incredibly ditzy and that gives off the idea that youre stupid last week she rudely corrected me in front of a patient and then rolled her eyes and shook her head the patient leaned into me and said what the heck was that about i finally got fed up and went to my boss this coworker is very manipulative and loves to gaslight me she will say or do something mean and then when confronted will deny the behavior and go off on all the things she saw me do wrong basically stupid shit that is none of her business anyway i sneezed into my elbow once and she lectured me on washing my hands
1,there is a time difference and hes busy dont worry about it winteryokohama but there is also crazy brain that is thinking this is him trying to never talk to me again and end things i am driving myself crazy and im sick of it i am not spamming him with texts i am giving him space and trying to let him enjoy his trip what are your thoughts reddit
1,hi everyone this is my first post in this thread so bear with me my mother f has always been controlling and anxious and now that i f have gone to college it feels like things have gotten worse i am home right now for winter break and things have been so tense and awful and i dont know what to do she is really judgmental and anxious about my sex life
1,i am not sad i am not depressed i am still a very happy and optimistic person with a great life good friends family job all that but i am struggling to manage this anxiety because it spills into life i dont have thoughts i obsess over i dont worry about anything really its just the stress i have been through set up my body for this crap response besides relaxation meditation and such what can you recommend
1,i never had that symptom before and i just want to know if anyone else has what has helped manage your dizziness for me it will trigger panic attacks which i hate so much ive tried zofran for nausea that did nothing prob cuz its anxiety nausea not stomach nausea are there any meds for dizziness or vertigo thanks
1,hi guys my close friend has been struggling lately to pay for her dogs surgery two months ago she noticed a lump on her dogs leg after running a few tests and getting several vets opinions the dog was diagnosed with grade soft tissue sarcoma she had three options do nothing remove lump and go for chemo treatments or amputate the leg completely
1,and my nightmares are a terrifying mix of intense body horror and trauma flashbacks so i wake up even more tired and in pain which makes me miserable during the day so now im having my chronic pain flaring up my other ptsd symptoms kicking my ass my other mental illnesses acting up and on top of that im too tired from the nightmares to do anything about it i just cant fucking win im so so tired
1,im and have been on lexapro for about years was diagnosed with gad the same time i was put on medication just graduated this past may from college i had the worst anxiety of my whole life during my last semester and i have been doing well since graduation i started working the graveyard shift a month ago at a nonprofit and the anxiety hit me like a big wave about a week ago just all of a sudden out of nowhere
1,i used to be a very touchy feely person pre trauma hell id have stood out in a big city with a sign for free hugs i wanted to id touch a leg for sympathy throw an arm around shoulders for comradeship my family was never like that growing up until recent years i rarely got hugs from parents or my brother and when wed brush legs while sitting itd be an awkward oh sorry and a shuffle to separate the latter is still true but i make it a joke
1,hi so my husband is emotionally and mentally abusive ive tried to leave several times but he threatens to kill himself if i do by crashing his car or running into traffic however i have nowhere to go even if i do my family dosent wantcant afford to have me live with them again
1,he hasnt paid any child support he isnt fulfilling the courts orders that would get him a chance to petition for supervised visitation it feels like hes completely just disappeared from being a father but i still feel like hes going to come back even writing about it makes it hard to breathe is it silly
1,i have never before felt so betrayed by the system fiance f was blackout drunk she started getting physical by grabbing my genitals and pulling so hard i now have a tear in my scrotum after that i was punched bitten scratched and kicked over the next minutes all i could do was try to retreat but i was unable to get to our room so i could get dressed and leave the house i was nude at the time as i got scared she would seriously hurt me or i would strike her back i grabbed my phone and dialed
1,he turns it on first thing in the morning and turns it on the moment he gets home from work at night to play until midnight or later any free moment he has is spent playing this game im a stay at home mom so i really look forward to talking to him hes usually the only adult i talk to face to face during the week plus i love talking with him and spending time with him anyways thats why i married him back when this all started i told him that i needed him to spend more time with his kids and i
1,no wonder i get scolded for bad grades called a lazy worthless piece of fuck because i am too lazy or too stupid to care about exams and my future but in reality i deeply care too much as if i feel like the whole fucking world of billion people and millions or billions of other organisms are on my shoulders and all i can do is to shut down entirely i shut down by brain my thoughts my emotions everything because i cannot take all the anxiety all the pressure all the fear and terror sometimes i feel as depressed as if i am a lonely guy in a postapocalyptic setting where everyone is either dead or absent or gone
1,every once and a while i will get this over whelming feeling in my head where i feel really out of it and freaked out i will feel like i havent slept in a bit i dont feel like me im anxious but also tired and i wanna just go take a nap but my inner self tells me that i am going to have a seizure i dont have seizures or anything and i am completely healthy
1,me and my dad arent on speaking terms however we do live in the same house mainly because im not financially able to leave and live on my own i do plan on leaving but until i make enough money to do so im stuck here i want to share what has led to this point because to be honest i feel like im pathetic weak in incapable of accomplishing anything everything i do to move forwards seems to be halted and i feel like im being pushed back
1,i was completely on my own by when she felt the cuts on my wrists in the dark on night she asked if i was cutting i said no and she never said anything again i could go on and on i think she truly believes that because i am an adult now that all the screw ups all the pain i have been through is my own fault
1,tldr i wish to ask out my longtime friend this valentines but i am afraid of my past coming back and ruining my renewed trust with both her and my friends that ive worked years to repair note what i am not scared of is rejection i am scared of being feared or hated once again how i most easily do away with the stigma revolving around my past so that i can be judged by who i am now instead of who i was in the past thats what is keeping me up at night i look forward to what the community has to say
1,i dont think i have the means of moving out i got my review in dec and i was supposed to get a raise if i did well but they gave me a bonus instead and i know i should be grateful i got anything but it wasnt what i needed and i cant get another job at the moment nothing in the area is hiring for more than what i make at the moment but i dont know what to do with my family just this morning i heard my sister telling my parents they should like her more because she is the winner and i am not i think she was talking about jobs she recently got hired at a private university and is making great money has excellent benefits and could help her get her masters
1,today it all came to a head when no amount of uppers or downers was leveling me out i had a meeting to run at i had lunch with a customer at i had a calls all morningand you know what i couldnt do it
1,theyre out of town i live in a pretty safe neighborhood so i left the door unlocked for minutes while i went on a run earlier i always do that now im wishing i didnt called two of my friends but its late and theyre asleep
1,im freaking out and i dont know what to do i have no resources my family is worse off then me and i have to pay for everything on my own including phone and car insurance someone help or help me find someone who can thank you so much for reading
1,anytime i have a scheduled transaction towards my checking account my wages are immediately garnished however last night was the real wake up call after work i came home drunk and let my stress get the best of me i ended up getting in a fight with my gf about money finances and utilities not wanting to face the pathetic reality that i have sugar momma for a girlfriend i packed everything i own in my vehicle parked it less than a mile away incase i may have forgotten anything and slept in it until the battery died
1,my boyfriend and i have been together for years hes in college and he wants to work to have extra spending money his friend who works at a restaurant said that hed help him get a job there the staff at this restaurant are at least female and im not really okay with this i dont know what to say to him about it so i havent mentioned the thing about other girls but i have expressed that i would rather he not get a job my family is from chile and my father had an investors visa and that is how we got to the us my parents are very well off and i have told my boyfriend that id be completely fine with financially supporting him at least even just while hes in school and he said he still wants a job for the social aspect as well which kinda seemed odd to me why would he want job for the social aspect even if he doesnt need the money when the job is at a place that is over female
1,and im at a complete loss as to how we resolve this btw we have talked about all of this about times already there is nothing written here he hasnt heard before tldr husband has always been the primary earner with wellpaying jobs but has experienced serious burnout as were eating into our savings it looks like ill have to put my business on hold and go back to work
1,hi everybody im a year old male who has had extreme depression and anxiety issues since i was years old i was also a competitive swimmer growing up and these issues started flaring up when i was moved into an age group with a very strict and demanding groups hour swimming sessions k yards days a week with a minute dryland practice everyday or every other day i believe i had swam maybe one meet before getting placed into this group and was completely overwhelmed
1,i know its terrible and selfish and obviously people can be friends with each other but i just miss having a really strong and healthy friendship with another girl the way that we did i want to have a good weekend but it feels impossible now and i want everyone there to have a good weekend and i dont want to make it bad i dont know what to do so i just feel like crawling into my little isolation hole and being sad by myself while knowing that everyone hates me to be honest i dont know why im overthinking it cause honestly no one would care if i did isolate myself its just i want to be better not just for other people but for myself too
1,i also have no family i was abused for my disabilities as a child including murder attempts so i cannot turn to my family for help i have friends helping me with food and transportation because i am poor and disability aid is barely enough to eat a meal a day i have food stamps that work for about a week or week and a half of groceries so thats already really helpful i live in a small worn down appartement with no heating and thays why i am so cold
1,i go through periods where all night i have nightmares and i cant slee because of them these periods last for weeks or months on end and then stop briefly three years ago i used to be on a medicine that helped with the nightmares i cant remember the name though it was a really old blood pressure medicine from the fifties that they gave to soldiers returning from war and they figured out that it helped with ptsd too but it made me so tired
1,i feel like shit for writing this post tldr so of over a decade is great to me in many ways and shit to me in other ways i feel awful when hes shit to me but also feel guilty as fuck about expressing it because of all the times hes amazing to me wondering if this is emotional abuse and if it is what can i do about it our relationship is rock solid im not leaving him
1,hello rptsd im currently almost but suffered a lot of traumatic events within my immediate family between the ages of earlier this year i noticed that i had terrible body odor i shower and wear deodorant everyday whenever i left the house this was obviously accompanied by some unbearable anxiety as well as very severe panic attacks after talking to my psychiatrist and a therapist they diagnosed me
1,hello so ive had chronic social anxiety since i can remember i had a pretty traumatic childhood which has resulted in me being socially awkward and very nervous in social setting fast forward to this week ive been invited to a party this weekend i would love to go but to be honest im very scared to go
1,since i was fifteen my stepdad when he returns home from work drunk always ask me to massage his naked back by stepping on it almost every night even if its midnight hell make my mom wake me up even tho i dont want to but ill comply because i was afraid to refuse as he could get quite angry if i do so i dont know whats going on inside my moms head at that time but i just assume that shes too powerless too afraid of my stepdad
1,i cant stop sweating the second i cough up phlegm there is immediately more and im like gagging on it my nose is stuffed and i have to actively try to breathe i feel so uncomfortable im losing my mind ive hit my breaking point and im just sobbing uncontrollably im stressing because ive already had to use sick time at work this year and its only the first week the house is covered in all of my sick germs and i dont have the strength to disinfect it the laundry is piling up and the house is messy i probably sound like an absolute baby right now but i cant do multiple days of being incapacitated i feel like shit and cant do anything i need to get done
1,i had a skin graft it hurts every day not all the time but usually when im upset or having a hard time itd be nice to know the pain isnt all in my head and maybe its actually a physical consequence it just hurts
1,im trying to make up for it by doing digital drawings of peoples pets im pretty good at them and its very fun to do but i cant do them fast enough to keep up with the bills i tried to pick up shifts at the hospitalprimary job but all shifts have been closed due to low census im still several hundred short for rent and i dont know what else to do everything is due sunday july st
1,we ate and he was monitoring my data use because i sent some photos to our friend of her baby shower and he said he hates having to watch over me like a father and he wishes i was more responsible but said that he accepts that this is the way i am i said nothing in response to this and just ate my food and let it slide smiled at him and small talked we got back to the park and they had put out a new sign saying they were closed for the rest of the day this made him even more mad
1,but it seems like im also dealing with abandonment issues with my parents which has recently reemerged after coming out as transgender which they dont support unfortunately i have lyme disease and live with them because im too sick to do anything and they wont support my transition i get the feeling that if i was healthy and i transitioned id never speak to them i was reminded of ptsd from a comment on rraisedbynarcissists and borderline personality disorder was brought up i dont know if its a secondary condition or overlapping symptoms but cptsd specifically was mentioned and that seems pretty accurate
1,especially because jeff drinks and does drugs which is very inconsistent with my lifestyle overall i regret agreeing to have him my bf and i have ruminated over it in couples counseling multiple times tldr my boyfriends brother is an almost college grad with very little direction my bf wants him to move to our expensive city with no job and live in our shared condo rent free
1,also there was an attempted rape on me when i was i never realised how much an effect these events had on me there is another woman that i like f she is very intelligent and we talk all the time the problem is that i am married even though my marriage is awful
1,i cant afford a treadmill and im not a big fan of gyms plus theres none really nearby so im trying to use really the one option available going outside this is a real problem for me and my anxiety i feel like a gasping hippopotamus when i try running and am too embarrassed to let anyone see me like that so every time i see a car or person i stop running and immediately go back home i try going outside late at night and early in the morning so i can run but there are like always people around and it drives me insane i dont know how to maintain the motivation to be active while dealing with my anxiety that keeps convincing me that everyone is judging me and may yell insults at me or the other side of things may kidnap attack or murder me since i go out when its pitch black outside to reduce the ability to see me
1,i actually do have access to some money where i believe i could pay off at least some of what i owe but i honestly dont even know where i can get a number for the debts that i owe i am afraid to even begin for several reasons i am worried i might actually be in legal trouble over this i am afraid of seeking help from someone who isnt understanding of my situation and will just be totally horrified about what a mess it is and they will be mean to me are there any counseling resources available to me i am not looking for a handout i just need help being walked through the steps of what i need to do to resolve this
1,i am so scared that he will realize how fucked up and terrible i am and not want to continue things i dont want him to go and he keeps assuring me he will not but i am so so scared that sometimes it is overwhelming i feel like this is a disgrace on my part because logically i know that he very much likes me and he really wants to stick around but theres a part of me that genuinely believes i am not good enough and that i will not be enough once he realizes that i am so fucked
1,i just stop doing productive things talking to people remembering appointments etc i am unemployed and almost broke but looking for work is causing me to feel like i cant swallow or get a full breath i find that i have played video games all day surfed reddit or this morning i read reviews on a book that is coming out for almost hours i am not on meds though i am trying gaba since i had some anyway to make it even more fun my sister is mad at me because i am chronically self centered because i forgot to get back to her about possibly getting together for dinner because i am shut down
1,long story short the alternator module radiator is going to cost to repair after bills are paid we only have monthly for groceries and necessities i cannot afford to pay this bill and a payday loan is out of the question because they charge a interest and i cannot have that added bill to our already limited funds any help would be extremely appreciated we have kids and being without a car is really not easy
1,weve talked about it before and she said that its not like that and she cares about me alot and all that but at the same time these type of things keep happening i truly feel that she does care and doesnt mean to neglect me but its just frustrating if i keep saying something ill look like a bad guy thats trying to ruin her friendships which is not what im trying to do shes going to tell her friends what i say and theyre probably going to think im trying to get her away from them tldr girlfriend is having trouble balancing friendship and relationship
1,i come from an asian family where kids are not expected to move out its the opposite where kids are supposed to live at home and take care of the parents when they become adults however living in america has made me hate this mindset because i am never able to be an individual my dad is extremely controlling and a downright bully he verbally abuses me and my siblings about anything possible just for the sake of abusing us he always demands we listen to him and do things his way and if we dont we are disobedient and bad children he even abuses my mom verbally and she knows it but deals with because its how she was raised even random strangers like waiters and cashiers at stores are bullied hell complain about lines being long and blame cashiers for being slow ect overall this mad is extremely negative and if you try to talk back or explain to him to be a little bit nicer he gets defensive and goes on a tantrum how hes our dad and we have no right to talk to him like that
1,i obsess about this in my head and even though i try to stay positive the truth about how i really feel comes out almost every time i go out drinking with friends and i become extremely negative and sometimes cry alone my bf has told me that he is unhappy with my weight and he also hates seeing me unhappy a summary of my bf he is a complete workaholic he loves me to death he tells me how beautiful i am every day he has dumped me times because of my weight he thinks i am an excuse maker and he does not know if he will commit to me i am indian and he is white i have been in the us since i was and if you ever spoke with me on the phone you would never be able to guess that i am indian
1,im stressing this entire fall break ive been learning for days for about hours a day and i havent finished nothing even after making a schedule breaks every minutes dedicating one day to one thing when i feel stressed i feel like im about to throw up or im about to cry and i get anxious to the point of total mental breakdown i have adhd and stress gets to me really easily because i cant keep my attention in place any ideas on what to do in this situation ps i am infpintpt dominant and inferior functions that might have something to do with it but im not quite sure about it
1,accounts incredibly overdue a life entirely unattended to without organization or care chaos i knew none of this the man he presented to me was one of principle honesty loyalty your word is your bond etc always ready to protect and serve in whatever way necessary
1,i also have pretty bad dissociative episodes which ive had since i was about anyway a month ago i was prescribed prazocin to take before bed and im just on mg since i just started it im wondering if anyone has had success with this med because ive gotten to a point in my life where im so run down that i just cant anymore i dont know if i should even bother going up in dose or if its just another waste of energy
1,a couple months after we though she was out of our lives she broke into our house at am i was playing diablo as at this point in my life i had severe insomnia i heard the break in and woke my dad and his new girlfriend up my dad has had a lot of women in his life saying dotty had broken in i had seen her from the balcony of our stairs when getting my dad had i not been up my dad had thought i had broken a cup or something and wasnt going to bother checking i was known for having insomnia at this point in my life already so she may very well have attacked any one of us that night
1,i recently went through an event that was extremely traumatic without specifying what it was recently everywhere on the news its been less than a week and not even sure what im dealing with here but all i know is that i feel like i am being discouraged from getting help most of my recommendations have been people that are offrecord ive talked a little with them and have talked amongst my friends and they say they do not feel they are any help
1,help me network help me find a room please iso a room for rent as soon as possible looking for a roommatetype situation a room in someones house etc not looking for full houses or units i need as soon as possibleim dealing with an emergency situation and am losing my housing on friday august th
1,obviously they dont care but to me it means everything ive always been like this my dream one day is just to magically wake up with this skill if only like worked like that does anyone have any tips on how to calm my anxiety down and not let it overpower me anything would be greatly appreciated
1,major trigger warning i find comfort in confined spaces and can spend prolonged time in confined spaces verycomfortably this is odd to most people but ill explain why when i was with my parents they were super abusive they forced me to watch animals die and frequently changed around my room so i wasnt familiar with it they forcefully put splinters in my feet allowed men to sexually assault me and they even pepper sprayed me a couple times as a year old
1,ive stayed up at night hearing them quietly talk about things they cant pay right now trying to figure out the order to deal with debts what they can do to make this christmas feel like normal the only thing i know right now is that i dont know what is going to happen next i dont know where my dad will live if he has to sell what he and my mother worked so hard for over the years i dont know where my siblings and i will go if we run into troubles i dont even know if my family will be able to afford any sort of funeral right now
1,i had the depo shot for the first time at the beginning of march decided to not go back for the nd because i wasnt a fan didnt experience any issues while on it but once i came off of it all hell broke loose my once controlled anxiety became out of control and i had random days where i felt depressedcrying spells the intrusive thoughts were out of control and had an anxiety attack the nd week of working at my new job i had to leave work and go home which hadnt happened in almost half a year
1,the real irony is that had my dad told the truth about the car he would be home right now plotting his next scheme but instead he lied and got caught because of his arrogance the problem we face now is that there is always the chance my dad might sign the documents and they let him out hell probably weasel money out of his youngest brothermy uncle to pay the bail and then we have to contend with the possibility my dad has something else planned to get us which he probably does because thats his gig and his only goal in life since his big revelation after the pace maker got put in my dad cannot talk to bart or dandy because they are witnesses and he cant have any communication with my mom either myself and my brothers are contemplating getting a restraining order of some kind but given how my dad operates im not sure that will actually protect us from any harm i have an appointment with doctor doorstall this thursday probably wont get anywhere but im sure he is aware of my dads situation by now or will be soon
1,today was a horrible day from the get go and i had to call out because i cant function with other people i work in retail today so i claimed i had a fever of course it had to be memorial day weekend making it one of the worst times for this and they even of course said over the phone well this really puts us in a bind now im absolutely paranoid that theyll find out or they hate me now or ill get fired for this im so paranoid im worried theyll see me or come to my house to check on me even though i know they would never do that i just wish someone could understand or sympathizeempathize with me for once
1,people whove been my friends for a decade stopped talking to me or inviting me to anything after my breakup a guy who ive been making plans to see for two months on a weekly basis just cancelled again we havent gotten together at all another person i was trying to date bailed because of something i cant control im not worth these peoples time my boss scares the daylights out if me stern russian lady who expersses herself horribly
1,for me that doesnt help at all it just makes me feel like im just pissing him off and my problem has suddenly become his minimizing my emotions about it i hope that makes sense he always says i need to be protected but he doesnt understand that its not an imminent threat in my life anymore but a constant struggle and disability that my brain works and processes things differently now and always will i just feel so very alone when i talk to him
1,given the diagnosis she refuses to take her prescribed medicine which is a cause for concern to me as when she is on a low she tends to be very apathetic and rude in responses to conversation or ideas of things we can do we live together in a house with two other people we have our own space but the common area is shared she has expressed that she doesnt like the living situation but the fact that it is cheap and we are all locked into a lease has prevented me from making any changes after our lease is up i want to look for a place that the two of us both like but i am afraid it may be all for nothing
1,hi there wall of text i moved to the area for a job transfer but that was completely botched and i had to find a new job my initial start date was but a hospital stay from messed with that i finally get to start on monday but in addition to not having had a proper paycheck in over a month ive only got a package of eggs left
1,i would like to leave there but im terrified of a shelter im also a semi observant jewish woman most shelters wont help me keep kosher and keep shabbat both of which are important to me the rachel coalition is for domestic violence only so i cant go there the ncjw shelter in the area doesnt accept the voucher welfare would offer me
1,i just told them i had too much anxiety and breaking up with my boyfriend made me really depressed and that i didnt know what im going to do maybe ill find a job so now i just stay home and go on my computer all day i leave the house maybe twice a week i have constant feelings about being useless and that id be better off dead
1,a few weeks later i found out that he had had a long term girlfriend the entire time i felt like such an idiot when i found out he reached out to me last month and i told him i knew he had a girlfriend the whole time and that if i ever saw him again i would literally break his nose im still furious about it im angry that he thinks he pulled one over on me and that he got away with it
1,i know i want to be treated like a human being and its very easy for others to say you need to quit your job asap stand up for yourself but its like leaving a bad relationshipso full of uncertainty and tension please help im clinging onto the last bit of hope i have
1,i wish i could go back and just not fuck up so horribly i was begged not to go out on this date from tinder my friend was raped off tinder and told me all guys want are sex off tinder i had talked to my assaulter and told him i didnt want to be touched and he was fine with it and seemed perfectly normal im so stupid
1,not sure why but im really off today i cant stop feeling like a screw up even though ive really done nothing wrong today i feel like it might have been triggered by seeing an old family friend who asked how my abuser was or because i am having an injury flare up after doing really well i just feel useless and unlovable i have convinced myself even my husband doesnt like me
1,im so mad since april i spoke with four professors all for course evaluations and two for letters of rec they all agreed and i send them the necessary documents i just called to check the file at my university and out of all those professors only one submitted a course evaluation i apply for a masters in a month and have no letters despite having periodically emailed to update these professors
1,it is emotionally and physically taxing for us all to deal with these i am worried that one day someone might snap and she may become injured i dont know what to do anymore tldr younger sister has horrible rage fits all the time and im worried about our family edit should have specified that we have had her since she was day old
1,when it is his weekend off he grumbles and yells only on his nervous days maybe once a week sometimes three days in a row sometimes it is two weeks of not yelling
1,since i knew him i havent had active suicidal thoughts even now i hate how i am and i wish i could die right now but i dont have the drive to do it myself anymore how do i leave him if i know that life without him has been and will be a worse circle of hell fuck my fucking life if i had the money id hire a hitman to do me in
1,weird title i know but i really couldnt find any other way to describe what im feeling and i really struggled to think if i should post this on here or another group so for as long as i can remember ive always been attracted to women and only women i had absolutely no interest in men at all a few years back i had my first relationship which was really manipulative and physically abusive and i havent been on any dates since then recently though like in the last two weeks its accused to me that bar an old crush from before my ex kindasorta coming back i havent found any women attractive at all in a while at least a year and whenever i see someone i would have normally found attractive i just get a nervousuncomfortable feeling i cant really describe im not sure if this is a response to how my ex used to get abusive if she thought i was attracted to her like shed insist i must want to rape her if i called her beautiful for example and i know for a long time afterwards i felt disgusted with myself if i found someone attractive so this may just be the next step in that like my mind doesnt want me to feel bad for finding someone attractive so it stops finding people attractive
1,do i force myself to move forward am i being ridiculous because i still have ptsd i feel like theyre so out of line im all over the place just someone please help
1,im a yr old female and ive never had a person i could call a friend in my life there was a and a half year period where i barely left the apartment my first job was when i was its a warehouse job and it will have been a year since i started working there in a couple of weeks even though ive been there for that long i havent formed any relationship with anyone there because i always avoid getting too familiar with anyone thats my default way of being and i hate it
1,im now years oldfrom germany and going to school right now planning on study psyochologie the only thing that seems to slow me down right now is chronic panicattacklike illness that seems to destroy everything ive build up for myself it is a constant strain of thought that i fear the most that developed from the time i was six eversince i was six years old i started having weird forced habits like touching certian things for x amount of times or making weird noises the older i got the less i had these forced habits and the more i had something like a second voice in my head that was thinking of something entirely else and actually disturbing that i couldnt control
1,even as im cooking hes still screaming in my face telling me that im done at my job and i need to quit now i yell back something about him not having a job and he grips me up from behind with an arm around my throat and i grab the knife i was using to cut chicken and tell him to get off of me he lets go and we scream a bit more i made a smart remark and he jabbed me in my face it busted the inside of my lip and i was bleeding
1,he goes in the bedroom and we only have one car so he has to take me to work he is just sitting on the bed and i have to be at work in literally minutes i live close to my work i said come on youre going to make me late and he said well find the fucking car keys so i started looking then he found them then honestly he was just going on and on and yelling at me and i tuned out what he was saying so i dont even remember
1,my husband has poor impulse control his words especially when he gets angry or frustrated ive noticed he often will take out frustration on the dog hes a rescue who is legitimately hard to manage hes never hit me or hit the dog but he will often pull the leash too hard and go too far with discipline for example the other day the dog was having a lot of anxiety and being bad and barking in the car at every dog we passed when we arrived home my partner got out of the car and pulled the dogs leash so hard that he fell out the door into his back
1,it feels very weird to feel like you have nothing to cry about then cry and then go back to not being sad right after you cry i just dont get iti thought stress was something that built up over timelike you hop from after a few months of continued stressis that not how it works does stress fluctuate between and on a daily basis and how much do stress relieving activities actually help i just cried does that mean ill go from to
1,the backpack had my social security card passport birth certificate laptop notebooks and other important legal documents like my last lease agreement i am on the street because my landlord in san diego was making violent threats towards me and i had to flee police were called and nothing was done i moved to california a few years ago i left my things with some people i trusted and they all stole them and sold them for money
1,two days ago i packed all of my clothes into my car and have started living out of it i sleep in the parking lot at work work for hours and then spend the day at starbucks on the internet and charging my electronics once thursday rolls around i will have which is not much as far as being able to afford a place to sleep if i become good at living out of my car over the next few days i may just use some of that money to invest in making it easier for myself i dont really know why im posting this here except that living out of your car is a pretty lonely experience
1,it is not like her even when she was that age to succumb to pressure like that im trying really hard not to victim blame and immediately feel guilt when i think that way but again knowing my wife how i know her as someone thats not afraid to call bs it just makes it hard to conceive how she went along with it for so long knowing that it made her uncomfortable knowing that it was escalating and then it was actual happening and her not saying no i just cant believe these things happened on repeated occasions i can absolutely see him pressuring her once her not knowing how to respond when it happened and then her saying this is bs im out afterwards but that she stuck around and let it happen multiple times just seems odd to me
1,its at the point where i am scared i cant focus on driving and will crash or just space out going mph in the past ive had major panic attacks where my whole body is in pins and needles and i cant breathe well but they were all triggered by major emotional events i also used to get really bad nightmares about dying and the afterlife when i was a kid and my mom would have to rub my chest til i fell asleep i never ever thought it was anxiety and i didnt want to diagnose myself because i know some people actually have it and i wouldnt want to compare my stress to that
1,i have several issues with anxiety but urban driving is one of the worst so of course my wife drags me along to new york city and expects me to do the driving currently emotionally and physically exhausted one of the worst things one that i will cause me lose sleep at night is im anxious because im unsure if paid a toll while traveling in a tunnel from jfk to jersey city my rental has an easy pass but it was dark i was confused
1,thank you for reading and for your time update i should probably add that i was terrified of my mom and never tried to provoke her i never snuck out never got in trouble at school no drugs no drinking no bad friends tried to keep my grades up as best as i had time for and never ever back talked even though i dreamt of serving it to her one day my siblings would cry whenever they didnt get what they wanted they were rather spoiled and would tell on me if i didnt do what they wanted mom would be in the middle of homework or class and shed just wail on me for no reason
1,cant put this under my true account but im feeling horrible i just completely screwed up a job application for a position i really wanted part of me is like oh well not meant to be but seriously the application was meticulous my email nope my computer crashed i restarted with a draft email which i stupidly assumed had saved in the correct way it hadnt
1,he ended up grabbing me by the neck with both hands and slamming my head against the wall in the hallway he threw me the ground i hit the radiator and then he threw a bucket at me that had a toy and dog shit in it i genuinely dont think he knew there was dog shit in it he just threw whatever was thereand our dog must have shit in it i didnt pass out this time he went upstairs and slammed his door and locked it i got right up and ran up the stairs and told him to let me in to get my shit so i can go he told me to leave and i started kicking the door and demanding he lets me into get my shit so i can go
1,and i woke up it took nurses and some sort of shot to calm me down when i woke up and i had to lay there limp for an hour in the recovery room by myself they then put me in the maternity ward sharing a room with a mother who just had her baby the second surgery was a few days later because the surgery was incomplete i found out when the part of the baby came out and i slipped on it in the bathroom my husband found me in a pool of blood crying on the ground
1,these past couple of months have been the worst my anxiety has gotten so bad its effecting my sleep and relationship ive become so paranoid about my health as well i dont feel like me anymore and i just feel scared all the time now over every little thing i dont have money to see a therapist either
1,so a bit of long back story here i was adopted as a child not a proper legal adoption there was a residency order for me to live with my aunt and uncle for an underdetermined amount of time after a year my aunt and uncle split and my uncle kept me my aunt was the one i was actually related to social services never really got involved past this point my uncle adoptive father started dating a woman that i would come to know as my mum i always knew they werent biological they had a very destructive relationship and my adoptive father was incredibly abusive towards her like attempted stabbing trying to set her on fire in front of me he was never abusive towards me in fact he treated me like i was untouchable which fostered resentment between me and my mum they eventually spilt when i was years ago and ive not spoken to my dad sincemy mum works in a hospital and just informed me that he was admitted to the ward she works on and potentially has lung cancer my mum is practically gleeful about it being cosmic karma for him being a horrible person but im uncomfortable with how happy she is that hes ill ive not really spoken to her about it because shes the one that suffered not me so i cant really tell her how to deal but it just seems a bit much to me to be happy
1,my bond about was about less than my whole savings first place i went after getting out of jail was my work my boss told me if i had got out days earlier i would still have my job im about to do something stupid out of frustration and anger i was so close to getting off the streets fuckkk
1,even if thats true and i believe her i hate it ive tried to explain my point of view and why i hate them still talking but every time its brought up we always just end up arguing she says i have no reason to be jealous of him and that shes very happy with me and that im overreacting im not trying to create a problem when there isnt one but i feel like i have a point i never want to tell her to stop talking to a friend but their history makes me uncomfortable
1,trigger warning the past two weeks i have been recovering from life saving surgery and because of the physical consequences i have had four panic attacks in two weeks today i had my fourth one my original trauma is not related to the hospital but to rape but now any time a nurse needs to do something i associate with pain or something else because of the past trauma my brain gets triggered into a panic attack
1,original post here url quick update my abusive ex who put forward his candidacy for local council was elected friday by acclamation meaning no one came forward to challenge him so no election will be necessary and he is automatically the winner he is flush with victory at the moment i have decided to come forward anyways about the emotional and sexual abuse that i experienced during the relationship i know i may pay a price for speaking openly in our small community
1,i have therapy sessions scheduled but at the moment im currently looking for some advice and insights the only time i feel comfortable in my own skin is when im drunk and or stoned i in the past have been ridiculed for an effeminate walk been erroneously suspected of being gay and i have an effate look perhaps this facial look is a projection of my despair and a subconscious psychosomatic cry for help im in my late twenties and have yet to accomplish anything of significance
1,im upset and the fact that i dont know whether i should be upset is making me more upset i realize theres something crazy privileged about the whole thing parents want me to spend more money i should xpost to rfirstworldproblems if this really is an absurd thing to worry about sorry for making you read through this thesis but please do let me know because im just really confused and sad tldr mom accuses me of not valuing the benefit of earning money because i dont like to spend it though getting a good job is pretty much all ive been focusing on
1,but now it seems like contact is gonna be forced on me about two weeks after the breakup she reached out to tell me shed gotten an interview at my company we both work in a pretty specific industry and there was always some overlap with our jobs apparently my company wants to put her company out of business recruiters have poached a few folks from her work and i guess she was next on the list
1,someone elses suffering ensued i feel immense sadness and guilt now i am confronted by the memories and the recognition that to this day the experience became part of who i am it made me stronger as facing fear and trauma can do but i also internalized a sense of profoud fear and vulnerability
1,i went there on autopilot i was blank inside and i was ready to jump my counsellor saw me through the window and called me on the phone trying to distract me so she could send help over to me campus was pretty much empty everyone in exams or already finished for the summer and i felt at peace i was gently talked away from the edge by campus security and they took me to see my counsellor i havent seen her since this happened and im due back at uni next week
1,i cant be having ptsd from something as mild as what happened even though i have pretty much all the symptoms i feel im just lying to myself i probably just want attention i feel like a huge fraud how am i even supposed to heal when im probably making everything up im probably not broken im just going to get yelled at again at the new therapy place like my last one because ill be mute every session dont even know why i tell myself because im not ready to talk about it but its been over years since the last case and all this crap is minor so its probably just being ashamed over doing all this crap for godknowswhy when barely anything happened to me because im not trying i dont even know why im posting this probably just begging for more attention ive pushed the last true friend i had away a few days ago over my fears of therapy
1,ive been through treatment and had a period of relative health for a stretch then i had a bunch of new trauma experiences im or so years out from the last experiences and have moved miles away completely cut off from all former contacts with the exception of one close friend the move helped for a while then it hit with vengeance panic attacks ruminating depression anger the whole deal
1,now im terrified of starting this new job because even if its better than my old one im scared ill lose all the progress ive made when im overwhelmed i tend to just sleep and everything else falls to the wayside i feel like i cant stay with part time work because all my friends and family expect me to get back to full time work asap and feel like im not moving forward in my career otherwise everyone keeps telling me to just give it a chance itll all work out but im not sure what to dothink advice on what to do about work and how to calm down enough to sleep tonight and how best to manage everything going forward
1,i was anxious because the waiting room was full of crying babies and kids i have no clue if i really have tachardiya or my heart rate increased because of my anxiety i just dont get it i visited doctors many times and this is the st time this happened i measured my heart rate over times over a month period using heart rate app on phone it said my heart rate avrege is bpm and it goes lower to when i just wake up i just dont get it im scared i dont know what to do
1,im in my third year at uni and starting my diss now its due in january and im really struggling with feelings of dread and anxiety i dread waking up knowing i have to do work and i compare myself to how much my friends are working when i see them working i am just filled with dread and guilt xb i keep getting to the point now where when i try and do work i freeze
1,another issue is that both women are on the autism spectrum my wife is quite high on it and the woman is quite low on it my wife seems to think that there is nothing wrong with our marriage but we have not been intimate for years its really hurting i just dont want to hurt anyone but i know deep down that its me thats hurt
1,im gonna try and keep this as short as possible we met months ago and it was instant chemistry we fell in love pretty quickly and we used to talk all the time about how surprised we were at our feelings and how we had never felt like this before anyway a month ago he started calling less he would still drive the few hours to come and see me but the communication between us seeing each other was lacklustre im not usually clingy but we used to talk on the phone several times a day this turned into a minute call
1,if you are triggered stop reading but the word is schizophrenia just thinking about it freaks me out atm i keep thinking i will go crazy i imagine myself in a mental hospital having panic attacks a hellish torture oh god this is because ive always has extreme fear of afterlife and existence its just so bizarre ive explored every single freaking theoryreligionwhatever thats how much i was obsessed with it before
1,student loans and im living a miserable life but im working as much as i can without feeling dead inside but i have to pay them up in a week or they default and i dont know what to do i would seriously do anything for anyone for the money to help me keep my head above water im completely miserable and im trying but ive been even more depressed than normal and i dont know what to do anymore i feel like a heart attack is on my horizon i spend the bare minimum i starve or drink an cent soda for days out of the week
1,i seem to have these bouts of anxiety im not constantly anxious but if something worries me enough theres a good chance ill start on this downward spiral when i get like this not only do i start worrying i get this terrible feeling all i can describe it as is like a heavy dark feeling its very hard for me to shake it
1,i was greeted by the message your facebook account has been disabled when i tried to log in couple of months back i immediately sent an appeal and my id proof from their forms but its has been two months and no response from them basically the appeals are going to trash this account was really important to me excluding family photos and memories i owned couple of pages with huge fan following
1,i instantly thought of something i rarely think about being molested in a pool locker room when i was my heart started beating incredibly fast as i readied myself to tell them the thing i couldnt even tell my family at the time i started crying something i havent done in years and something my friends have never seen me do when it got to me with my hand over my eyes all i could say was i dont think i can it felt like i was reliving what id gone through like i could see it happening in front of me
1,weve been together for two and half years but went through a rough patch not too long ago because i shipped off to basic but now that im back we were good but now her depression anxiety and suicidal tendencies are pushing me away im trying my best to support her but its so hard because im just her boyfriend not her shrink or doctor idk what to do anymore because i try my best to help her but she doesnt really care anymore
1,i am really worried about my future as it feels my anxiety always has me quitting jobs or having issues while i was in school i cant even travel and work out of state as last time i tried i missed my interview and was nearly hospitalized with severe anxiety travel is a trigger for me i just got out of college and im really worried about how i can survive the working world in my future otherwise i wouldnt care about losing this job it hurts though and i feel like a total failure thanks for reading
1,no idea why i am here guess i just need to vent well my troubles started last weekend my parents flew over from malta to visit my brother whose in hospital he is in bad shape and initially he lost the use of his legs few years ago and now his paralysis is rising up to his waste so am i headed of to the hospital and stayed up north for the weekend i told my gf that she could stay at home rather than spend her time at the hospital with me
1,my anxiety was never too bad lots of what ifs and such but every summer i come home from school or it gets so much worse i love school i love learning computer science i love working on my projects but this small town has cs options for jobs so im stuck working these dead end temp factory jobs all summer
1,i am starting a full time job over the summer and will be financially set starting in june may is going to be very hard for me my rent is i have other bills as well as purchasing groceries i can pay rent but will be without any money for weeks after that i will be unable to buy food or pay my electric bill if anyone could help i would be eternally gratefuli feel so bad asking for anything but i just dont know what to do
1,im tuesday is day one of therapy day one of me trying to talk about whatever has been going on in my head for the last decade last decades im terrified to talk but tired of living like this tired of the nocturnal panic attacks tired of crying in the shower tired of not feeling in control of my head tired of the pointless thought circles that eat me up daily on something that doesnt matter
1,october is domestic violence awareness month and i am a domestic violence survivor who is still struggling even after over four years lately i have been feeling very angry angry that my abusive ex received no real consequences for his actions this man abused me in all manners physically sexually emotionally verbally financially etc i was granted a restraining order against him and it was renewed a year later but i was unable to press criminal charges against him because i didnt have enough evidence to have a case
1,im afraid of going into too much detail only because i constantly fear that he knows that i talk about him to keep it short my father was physically violent towards me my mother our dog mistreated all of his animals leaked our information on shady sites before multiple times and has made my life a living hell up until i went to court to stop having visitation with him i almost died twice thanks to him i thought that it wouldnt really affect anything outside of startle reflex trust issues etc but here i am years after my last visit with him and its still affecting me fucking terribly i just sat in bed sobbing for a half hour because im afraid of everyone around me
1,im so in love with my wife when shes happy and herself we have everything in common but when she becomes abusive and manipulative its too much and she says she will change and shes taking meds now and she booked a counselor but i dont know if this is more manipulation and lies or if its real i just dont know shes had soooo many chances to do this but only after we have separated is she ever actually doing anything about it
1,it would take until my midtwenties before i stopped letting people hurt me but the trauma remains ive become a successful professional happily married with a home and pets no children ill never have children after what i survived ive been out of therapy for almost years but my coping mechanisms have been failing im having breakdown after breakdown after the slightest trigger and there are so many triggers
1,it cleared up and i was okay but on monday i was thinking about humans and how the brain works and it tripped me out i got worried that because i was thinking about how the brain works that i would lose sleep and i did that night was bad just like last time also yesterday my sleep was bad i woke up like every hour of the night just like last time i got kind of scared like i did last time but this time i think that this is fake life which is absurd but i just think about it then get really scared then i think rationally then calm down
1,there are also things he doesnt like he doesnt like when my mom go out to go gamble with his money he works his ass off everyday gives her money to pay bills and she constantly goes gambling with her friend yes i do know that my mom is wrong for that but me and my siblings cant say or do anything as she is our mother so they argue about these these things constantly every single day
1,ive been trying to act like nothing happened but i cant stop thinking about all this i feel weird that im even thinking about it so much i should just brush it off everyone keeps telling me i should go for it even my guy friends which i assumed would agree with me feeling gross about all this
1,i might be homeless soon i have about dollars in my bank account and i need to get out of massachusetts i am going to be a college dropout in my rd year due to family reason instead of academics after a lot of research i am contemplating between wichita kansas and columbus ohio i really just want a minimum wage job where i can have a bed and private bathroom afterward i can get my life together and start taking programming jobs again
1,i know every time i have panic attacks to remind myself its just in my head but it sucks when little things just make you feel like shit does anyone else get triggered by stupid things like this im even just pissed at myself for now feeling mad at my mom like dont you know not to tell someone with health anxiety that they dont look right ugh
1,if it helps i just started taking a new birth control thats a bit stronger than what i was on before so im relatively sure thats why i feel bad right now but its still bad enough that i cant do much for myself and i just dont understand why they cant believe that i think they must see me as a burden or something because it seems like they dont think im worth helping if my problem stems from anxiety rather than a differentreal illness and theyve decided they are the judges of that not me or my doctors i just dont know what to do
1,so i knocked and told her to please let me in she refused i told her i was sorry and i didnt mean any of the things i said and that i love her very much she said to go away so i did we were at her house now a whole day passed and she still refuses to talk to me im worried guilty and just want to hug her and tell her again that im sorry i sent her some messages but she ignored them
1,but i still froze and cried through the entire thing some of the sensations brouvht me to memories of old sensations andi felt really vulnerable trapped and ashamed and i havent been able to shake it off all day part of it is that we have company staying in our home so i dont feel like i have the space to care for myself and it just further perpetuates the shame feeling in fact i felt too ashamed to go home right after and drove around for an hour and a half before i felt like i at least i wouldnt have to explain myself to my boyfriends family additionally because its my boyfriends family my boyfriend has been unavailable to me all day
1,he has done it to lots of people and says every night that he is going to kill himself but then never does anything not even self harm this also affects my family life as i come home everyday feeling stressed and this causes conflict in my family i still live with my mum and she works hard and travels a lot so she is also stressed so i try to bottle it in to not give her more stress but then it eventually comes out in the form of arguments because we both try to bottle in our emotions so we end up falling out and both feeling very upset please can someone help me find a way to cope with all of this it would mean a lot to me
1,i meant this stuff and i think i still sort of do the reason ive been so angry recently is just the general stuff with my family but also my dad specifically hes been awful to me in the past couple of days everything i say or do no matter how good im trying to be is bad and horrible and stupid and if i disagree with him even slightly he gets angry but i think i might deserve it i feel like a bad person
1,this has been affecting me for two weeks now off and on its a combination of terrifying and annoying randomly throughout the day i will notice that it feels harder to breathe and i take deeper breaths than normal air coming in almost feels like it has viscosity to it like molasses which makes me cough most of the time i dont cough up anything so its dry
1,nobody should ever have to put up with that and have to live in fear of someone who can fly off the handle like that i wish so badly i knew who she was so that i could tell her in quiet that if she ever needs a place to escape that my door is always open sorry for my rambling im just not sure what to do or how to approach this any help would be greatly appreciated
1,hello all im yrs old male kg cm for one year and half maybe im suffering from chronic daily headache dull behind left eye pressure like when try to think or remember something it seems to getting worse
1,but i really do enjoy being with him and dont want to break up either am i being silly sometimes i think im making this a bigger deal than it should be i get insecure about the fact that my high school boyfriend is the only one who actually asked me out on a date before we slept together every other guy its always turned out the same i come on to him we have sex for a while and the guy maintains he wants nothing serious then out of nowhere comes on really strong with marriage and kids talk
1,he doesnt have to spend a load of money on things i like he can use it to spend on himself i dont understand why he feels that just because were in a relationship that he has to spoil me i enjoy being spoiled but only when im the one spoiling myself haha tldr my boyfriend doesnt like that i dont want him to do anything for me
1,at this point ive moved home living with younger siblings and loud dogs and i finally started a new job im seeing a new psychologist and i have an appointment with a psychiatrist my new doctor has seen me twice and already changed my diagnosis i to ptsd which not only fits all of my symptoms but includes some that i thought were just part of my personality but since hearing this ive really been struggling with accepting the reality that i have to deal with i have vivid and disturbing nightmares i wake up soaked in sweat freezing and crying
1,it wasnt a trap like wth and i just couldnt hide my emotions effectively i know he has a lot on his mind lately and hes very anxious but so do i and i also feel its unfair to him to use me as his emotional punching bag i love the guy but lately ive been thinking almost on daily basis whether to put an end to the relationship im exhausted by his continuous lashing out and bullshit
1,its gotten to the point where i feel like tom is completely controlling me in the effort to protect me he wont let me go anywhere without him and when he is forced to leave me he calls me every half hour and panics and comes home if i dont answer i dont purposefully not answer occasionally i am napping or studying i understand that the events were traumatic for tom i recognize that every time i go to a follow up medical appointment he is frightened i understand that the fact that i still take medication scares him
1,and then i just want it to go away i dont know what to do about this i feel like the world doesnt want me to talk about it its to uncomfortable for people but i hate these feelings and they are just the tip of the iceburg that is ptsd i felt like i needed to say something somwhere though
1,i also get really painful crampsperiods every month i do not share this with the people i work with because i do not want to complain nor do i think it is any of their business today i asked to leave at lunch time because i was in a lot of pain i had terrible cramps and actually bled through my pants embarrassing the secretary told me it was no problem
1,we decided to move states together and start a new life we dont live together mutual decision he wanted to marry me etcand i started to see a change in his behavior ever since the move he got flustered really easily or would get angry over something simpletraffic or a common life situation he seems to have no patience anymore especially with me and will just shut down
1,i hide my own set of keys she tries to take her keys away from me and i refuse which turns into a fullblown fight i have marks and bruises all over my arms and back as well as deep scratches from her fingernails at one point she had me on the floor cornered on the steps repeatedly slamming my head into the wall and shoving a loose key that fell off the keyring into my breast still trying to get the rest of the car keys out of my hand im not saying i didnt retaliate but i only went to far as to push her away never hitting her intentionally but more as an act of defense
1,she thinks instead i should ask if i can read him how it has impacted me since this has happened i dont know what to do its coming up so quickly and im feeling a twinge of anxiety as it gets closer i keep telling myself i did everything i possibly could and that i should do what feels right to me even if it means i may feel like im going backwards at times i also have to make a decision on if i want a permanent restraining order or a non violent contact order
1,friends and loved ones who dont have anxiety keep telling me to relax and since its such a busy place its nothing personal and to not think it worry about it which im sure is true but not matter how many times its said anxiety never believes it i start my next shift in minutes and stating to freak out and have small panic attacks which havent happened in a while ive been so good about keeping my anxiety in control and not putting myself in anxious situations and this job pushed that being the public eye and fucking up is one my biggest triggers but the pay and reputation of the company is widely known and its one of the most wanted jobs in my town does anyone have any advice or maybe gone thru something similar and came out on top
1,i have the scars medical records injuries memories and nightmares i know its caused me to suffer from cptsd but has it caused me to lose my mind i cant remember agreeing to dismiss i dont understand the response email and i refuse to assign meaning by reading into her response
1,she has been cheated on after being married and while pregnant and about to have her baby she has been gone through it and knows how it feels to be hurt and lied too and said she will never do it to anyone as shes been through it and is the type of person that wears her heart on her sleeve i completely trust my husband but this is harder then i thought hard because i see her messaging him everyday day as soon as she wakes up and stays talking to him on the phone too hard because they still want to see each other
1,i dont have any point im just overwhelmed and want to give up no ones going to read this long of a post anyway i dont want to tell my therapist i dont want to go to therapy it feels artificial and contrived and uneven when i google all this shit the internet is like thats the ptsd talking
1,he has since gained back about three pounds but he is still a far shot from what he used to be hes going into the procedure tomorrow the total cost is dollars and to be honest im a poor college student the procedure will be put on a credit card and i probably wont be paying it off for a long time blackie has been my cat for the last ten years and without this treatment there is a good chance he will not make it past summer
1,im going to kill myself i cant take this anymore i was doing so much fucking better lately and just like a snap of a finger i am disassociating harder then i ever have before it comes out of nowhere when im having an other wise good day no anxiety or depression but out of nowhere i get extremely disassociated
1,after talking with my psych she made me realize that anxiety has been the route of my negative feelings and it was likely anxiety causing depression despite this however she never seemed to understand just how severe my symptoms were i would try to stay calm and describe how i felt to the best of my ability however it wasnt until she saw me have an anxiety attack over asking her a very simple question that she finally understood the severity she said i seemed to downplay how i felt so i took this into account for future reference eventually i move on to starting antidepressants citalopram to start off
1,my ex sent me a video of a switchblade i asked him why he had that and he said cutting people up and then he said its an italian style switch blade im italian anyways hes put a loaded gun to my head in the past im actually pretty terrified of him now he also once brought explosives to my brothers house and claimed he forgot they were there none of my family or our friends growing up believed me when i told them about him which is why i cant talk to anyone
1,he tells everyone were his life my family victim blames and theyre are ok with a multi millionaire pedophile in the family so theyre disgusting and no help i wouldnt be surprised if hell try to kill me one day im moving soon if i can get a damn plan together to his parents they understand hes crazy but he really messes with my head
1,i didnt want any of this i literally had no choice in any of this if i didnt have kids i would not be here i pray every night that i would just die in my sleep then lol no sleep no death just lots of screaming in my head and ruminating anxious thoughts bad memories on top of bad memories this is hell
1,i am already accountable to my family boyfriend pets co workers etc and now i have to be accountable to these ppl i couldnt give two shits about and they are counting on me and i hate the pressure so much im doing that awful thing where you just avoid avoid avoid had to get this off my chest i feel like im going to vomit and i have gurglesbutterflies in my belly and ive had the anxiety runs all morning ugh
1,i need to start setting some healthy boundaries and cut these people out of my life i just do not know where to start because they are family but i have three girls that are growing i cannot have them involved with these monsters my children will know a different world do i tell my father or just fade slowly into the abyss and never look back
1,my father has been struggling with alcoholism for nearly his entire life he hasnt been in contact with myself my mom or my sister in years i guess it all of sudden caught up with him he past away from a heart attack recently it still doesnt feel real but my girlfriends family has been nothing but supportive throughout the whole thing and helped me grieve through his death needless to say i do not want to attend a funeral or memorial because id like to remember the good times i had with him and not being up bad memories i had a rough child hood he cheated on my mother he wasnt a great guy
1,wtf i did this to myself i knew i needed to study and i just kept putting it off and putting it off i knew i didnt do well but i didnt think i bombed it so fucking hard im going to have to lie to everyone about it
1,child protective services were called and i was interviewed i told them nothing of the sexual abuse only the physical and emotional as well as his constant threats to break your arm in that goddamn door if you dont sit fucking still i was removed from my home in two days and placed in a foster home until my biological father could drive up and take me to what was supposed to be my real home on my mothers side of the family i have an aunty and my nene along with various cousins my father kept me separated from them for two years finally relenting when i cried and begged to see them
1,though i have been staying with family their households are getting packed with other members and issues and so they have no room for me i do not have many friends and the ones i do cannot help whatsoever so i am on my own i have a wonderful as a baker that i dont want to lose or give up what can i do in my situation right now so that i am able to keep a roof over my head and still keep my job because i know that if i am just able to keep shelter while continuing to work this job i will be able to provide decent housing and expenses for myself and never burden anyone with my problems ever again
1,i cant get over this feeling nothing feels good i just finished spring break and i had a chance to work out every day even when i was working out i felt overwhelmingly anxious i cant state concisely what im thinking
1,i feel like i cannot trust anyone i truly feel that i have never felt any sort of platonic or romantic love i still feel so much anxiety interacting with anyone and especially those who show interest in me wd has been the one thing that helped me realize all of this as you can imagine however my family is deeply opposed to this
1,im exhausted from just continuing to go to work god im so tired i know im so much further than i was a year ago but it still sucks but i know im getting happier i am happy most days
1,im not getting any resources from the va and im not getting better im war time service connect disabled for ptsd ive been kicked out of the mhicm range program because im not making enough progressie not magically getting better im currently doing act therapy but its not helping and the va here cant offer talk therapy so they referred me to the vet center after about six months there my therapist told me i was too depressed to help
1,i am constantly afraid of when its going to happen next and im so scared im going to have some embarrassing reaction to it it happened today and i was able to play it cool for about minutes and then i went on my lunch and cried my eyes out in my car ive been having really bad flashbacks all afternoon and night i really wish it didnt get to me like this my day was seriously ruined by a harmless prank
1,i feel like a become a mean monster and i cant stop or control myself and i feel this immense anxiety throughout my body as if im being pushed down by negativity and anyone will tell me anything even if its not even remotely threatening or meaning harm and i completely lash out and respond with mean things and i feel soooo guilty afterwards and i dont want to justify but its as if the worryanxiety i feel in my head overtakes me and apperantly the only way to express it is through meanness im seeking therapy guys very soon because im hurting the ppl around me that i love and its not fair for them and i feel like a monster for it
1,i know i should tell her my doubts because i know shes gone through doubts before as well but i also dont know if now im just second guessing because im just generally concerned about the future above all i just have no idea what to do tldr living long distance dealing with chronic wedding anxiety and fear about impact of children fantasizing about others and hoping for insight from people who have been through similar experiences
1,because i have and it literally makes me feel k x crazier than i already feel as it is she left me alone meds unfilled and then told all her colleagues i was trying to scam adhd medication off of her so now none of them want to take my case either backstory ive been seeing this doctor for years almost now and at first i let her know my commitment issues with mental health and having people just leave me stranded or pass me to new doctors every week and it made me bail the first few times ive tried to get my brain right so we have appointments every ish months depending on medication change
1,it sorta works but i dont like the feeling of being deadheaded i also dont have a good relationships with doctors considering i was misdiagnosed with bipolar as a teen and given lithium had a terrible reaction to it what are some more natural remedies or selfhelp you all do to keep yourself in the proper mindset to calm your triggers ive started meditation and taking cbd oil which work great but kinda expensive but it doesnt seem to be enough i just want to start living and be able to enjoy life
1,yet my job requires me to always be reachable and the staff under me always ask me to help them but i cant even help myself im torn between wanting to be alone wanting to reach out for help talking to people just so i can yell and push them away i dont know what to do thats a lie i think i do but i dont want to any effort is exhausting and i cant bring myself to fix it
1,how about that no this isnt just some edgy teen oh i hate my dad i have every reason to hate him for what he has done and continues to purposely do to me and my family for nearly killing me for scarring us all to the point i cant even meet a nice person or have any friends and not wonder whether they do or dont treat their family like a lump of sh nobody needs nor should they ever have to live the life i have been forced to live nobody should have to call the police because they dont feel safe within their own home
1,he loves them and treats them like gold i love the type of father he is but i hate the way he treats me i have no one to open up to or go to if i even tried to leave him im tired of him abusing me mentally and physically me he has cheated on me several times and each time it knocks my self esteem lower and lower
1,why cant i id also add my dad was a bush pilot and i work in the travel industry so i know how safe it is why cant i get over it edit ive rebooked my flight for this morning i just have to do this
1,he explained that he didnt think it was such a big deal that he disclosed such personal information about me without my permission to his friends then he tried to flip it and said it was no different then a time i canceled plans with a friend and told them the reason was because he tom was sick with the flu and i was going to stay in and take care of him how is me honestly explaining that the reason i would have to cancel on a friend because my boyfriend is sick the same as him giving away very detailed information about our sex life plus other very personal traumas that i experienced without my permission i feel like hes trying to gaslight me and im seeing a side to him ive never seen im honestly thinking about ending things with him over this tldr my boyfriend told his friends very detailed information about our sex life plus other personal things about my life without my permission and i feel so betrayed but hes trying to act like its no big deal
1,stop not being aware of what happens around her anymore apparently she also dissociates during this time and she doesnt remember anything afterwards it breaks my heart to see this but it also kind of scares me its difficult to watch
1,i work as a security guard at a busy office building and everytime i make eye contact with my people i can literally see them shuddering inside it probably down to the fact i have an intense stare and tend to stare in peoples too eyes longbut i dont know what the social etiquette is what do you do when youre walking along a corridor and you bump into someone you just said hi to a few seconds ago what do you do when you turn around and unintentionally lock eyes with a work colleague please someone helpteach my how to make normal eye contact in social situations its getting to the point now where work colleagues are going out their way to avoid making eye contact with me please help
1,my mom has always been a pushover and is known to give him money with no questions asked last night my brother sent a group message to me and my sisters telling us to not tell our parents anything he is saying and that he loves us very much he says he started selling drugs recently to make more money and some of his supply was stolen and now hes afraid his frienddealer will come after him i offered to let him spend the night at my house if he felt unsafe but he declined my offer and said that hell take care of it i tried to reassure myself that no dealer will kill someone over a missing gram of pot he was advertising on snapchat and i went to bed hoping that he would just get roughed up if anything
1,i paid off some of my credit card debt a couple days ago but my company also charged me on their automatic pay system i barely had enough this paycheck to cover just the single payment when this extra payment processes its going to cost me an overdraft fee i am in no position to let that happen and so i need money to cover for it as well as cover for my student loan payment which also hasnt processed yet i need somewhere around to completely clear me out of any sort of financial trouble i can use paypal or google wallet whichever works best
1,its not really safe for me to be driving i cant even function enough to do the grocery shopping sometimes it goes into an actual panic attack but not too often my husband has recently banned me from going anywhere alone unless absolutely necessary like to work is this something a service dog would be helpful for
1,or is that unnecessary also is there another way i really dont want to talk about what happened but i really want the nightmares to go away sorry if this sounds weird i am really really fucking tired
1,until i met my new boyfriend he is amazing he is kind he is sweet he is a good student he likes the same things as me my family likes him and so on but i dont feel that passion that rush i felt with my ex the truth is that when i started going out with my boyfriend i secretly saw my ex a few times to see if i really didnt feel nothing for him but it was disgusting i didnt even want him to touch me i feel bad with myself i didnt want him but still i was there then i kinda realized i felt nothing love related for him and it was ok he was hurt when he knew i was dating this boy and he even begged me to stay but of course not but now the problem is that when im with my boyfriend i dont feel like i love him like that thing you kinda have to feel with a new love i just feel ok with him and i catch myself thinking about my ex from time to time remembering all the good things we had and it drives me crazy because i know that if i see him again i wont feel that way that love that my mind makes me think stills there and recently i found out that he has a girl and he is actually enjoying the experience and i got so mad and so hurt i know i dont have any right to feel that way i felt betrayed and i still feel that way i gross myself out
1,i actually give an assistant half my emergency fee to come help me sometimes i feel unsafe driving to house calls in the middle of the night by myself i frequently bring my husband along as a makeshift tech or when i feel unsafe which is obviously unfair to him unhappy husband my husband is miserable both with his minute commute and with our isolation out here in the country we feel like we have no social life out here
1,i want to move forward with my life but seem to have dug myself such a deep hole that i cant climb out it just seems to be a vicious cycle of cant get a job because i dont have a place get a job cant get to job because i dont have a car or license cant get license or car because i dont have a job dont even have a phone currently this one will change soon cant get any assistance because i have no residency i feel forever fucked in this spiral of shit that i myself have created but cant seem to flush
1,i had no good friends in my class i never had a partner when it was time to pair up on our own the work was going to get harder and we would be working on clients soon when i came back all i could think about was how much i wanted to go home so i didnt go back after that i had to go back though and pick up my stuff but everyone asked what was i gonna do next why did i drop out
1,i dont trust anyone especially myself i am going fucking crazy i feel theres really only conclusions to my life currently the psych ward which after being involuntarily admitted in january and paying close to k for that day stint where no one gave a shit about me or even attempted to ask me more than questions about my mental health a day isnt an option plus i cant take off work indefinitely because im a basket sake
1,while sitting on my normallyquiet front porch today one of my unbelievably extroverted neighbors was carrying on the loudest conversation ive ever heard on a quiet street her conversation partners used a normal volume she was the only one yelling words at the top of her lungs i wanted to snap her clueless little head off or at the very least tell her to shut the f up grumpy
1,i dont know if i should call it abuse fianc suffers from ptsd alcoholism punched me and threw shit at me at an international airport and almost got himself kicked off the flight last night was the nd time but far worse he beat me with a bag he thought i packed and thought i was going to leave him it was a bag i forgot to unpack and was in the closet my head was bleeding profusely and i thank goodness ran outside and called for help
1,its not a black nd white situation i panicked argued and a bunch over this with them admittedly not helping my case but im over that i want help for my issues enough sobbing i sometimes feel so hopeless but i need to remember that while i am down i am not out employment temporary housing even just basic street smarts id like to know how to cope with this situation what to do first days and all
1,and it makes me more anxious which causes me to slip up more its getting worse though i thought i could hold it down this has been an ongoing issue for about a year or so and it has never been this bad but lately its getting to the point where i cant even talk to my own mother without freaking out over this shit she came back in town from a very long half year vacation recently and i had to go to dinner with her because thats what youre obligated to do and i had to sit there and try and make small talk with my brother the whole damn night looking anxious as fuck i know they noticed
1,i need some advice here im not sure if my insecurities have run wild or if im justified in thinking my boyfriend is being out of line he met this girl through friends who set them up and for their first date they went jogging weird i know but its her hobby and he wanted to get into it theyd never met before this
0,it didn't seem innocent it seemed that hed saw something like that before and wanted someone to try on my parents were more strict and didn't let me look at a lot of things with violence etc and his were more lax so maybe it was a factor also he was the golden child in my extended family charming artistic comic he got a lot of passage
0,what you did was disgusting i thought of endless moments to pursue your ass for my medicine and herpes therapy because i have this email saved my best bud that is a lawyer said op i hate to break it to you you could win but it's not worth it just you'll one day do something horror to the wrong person and karma will balance everything out
0,i wouldn't say im a person generally anxious but i have a severe anxiety when it comes to my living space ive lived alone in different apartments for a few years now and i never let people come on im enough disorder but not something extreme enough to justify keeping people away my boyfriend has been only more than a handful of times and i do my best to rush him sick out of my way to keep people out
1,"ive tried to act like nothing was, but i can't stop thinking about it all, i feel weird that even if i thought about it, i should just get rid of everyone by thinking that i should go even my friends from guys who, i guess, would agree with me feeling disgusting about all this."
1,i see an insect anywhere near me even if it's through a car window pot or whatever it is oh boy i get very anxious sometimes i've never finished the anxiety that lasts several days and bursts out at the worst moments and if i drink caffeine oh man that makes it even worse the removal of nicotine can worsen this sometimes increasing my anxiety twice and ironically making me too anxious to go out to smoke what causes a vicious cycle that while temporary can really fuck me for the time he continues wondering what i can do
0,i just tried to take a nap in my bed today ive was sleeping on the couch since march i had dreams of things he did to me in that bed of good memories that were ruined when he stopped hiding his temper when i became the outlet of his anger yesterday i was also suffocated in my self-defense class almost the same way he suffocated me
0,"but she seems to perceive them as grand gestures that she regularly says she doesn't deserve someone as perfect as me, that yes she does it is incredible and also im not even that great just moderately reflected and also said that because of past experiences i have difficulty loving people that i know like me i guess it's more gratifying to feel like ive won validation in short it seems like because of her past relationships she has an unhealthy mentality around earning affection and certainly has some kind of problem of engagement apparently her last ex said that he didn't really love her for the last year of their relationship but was too afraid to hurt her to break up with her all that makes me ambivalent to approach the subject of a relationship engaged with her because i don't know how the shell reacts but so much we both admitted to falling for the other"
1,i desperately need a car and i found a great opportunity but the previous owner died of a heart attack in what is my first cause of anxiety the fear of heart attacks it was relatively healthy and young i feel like a big idiot not to take it but i have vivid nightmares of me having heart attacks then i wake up with a panic attack that lasts hours
0,please don't hate him yes he took his side so many times you can say that he should have seen the signs or anything but honestly no he couldn't have worked hours a day at the heat of the vegas which is not a fucking joke of a day to support his home she would make sure that i was stuck in bed when he came home and what little chances i had to see him he would have heard from her already i was horrible somehow and have the impression that i was trying to lie
1,so what i'm asking is someone or someone to help me with the rest of the repair cost the repair is dollars i have about it right now i have to do this quickly before i'm stuck on the side of the road with a broken vehicle and spend unnecessary money on ubers or lyft im ready to pay monthly with acceptable interest until his full pay i'm paid biweekly at my full-time job thank you in advance
0,"if you have a survey that you wish to share with us, you can do it here please use the format below failing to do it will give to your survey deleted polls not displayed here will give rise to a ban whose duration will be decided to mods pleasure that i am affiliate student researcher university company"
0,i started to panic went to the hospital because i couldn't breathe sometimes i still feel anxiety when alone and boring in me my depression is no longer a problem at all but the legacy he left is boring i feel so terrible being honest about this bad summer but recognizing my post-traumatic stress makes me so happy all advice has been honest only recently with myself and i think it's time i realized his anxiety not regular but ptsd
0,i'm the person you're going to do things to or if you want the right advice i'm running marathons killing him at the gym learning languages and studying for degrees in my free time my finances are in scrupulous form i'm a superior quartile parent and im comfortable spouse or at least not visibly uncomfortable in any company
1,trauma has changed the trajectory of my life but i don't know if i would feel this way about my options if i wasn't anxious and hurt my ex and i broke up because he never liked to leave the house even for day activities i sometimes wonder what i'm going to feel when i reach middle age i'm going to feel like i'm doing now
1,at least ritalin mg maybe more ive learned to take a lot at once during the years of daily medication i don't remember everything but i tried to lie to him and he had to drag me to the bathroom and tried to get me vomit after a bit i realized what i was doing and i tried it myself didn't work out the scary thing is that when he went to call the ambulance and i thought i could die i repeated myself
0,okay yall first and first of all it will be a long time and i apologize for this im looking for advice information help honestly anything so let's let it start at the beginning for five years worked a full-time hourly work i was not paid minimum wage but it was more than i had ever really done before and i was able to put money away i felt sure enough to get some credit cards that i used gently got a tmobile adult phone line and was happy with life
0,"but it's the worst, i don't think my childhood was exceptionally frustrating, but after talking to people close to me and passing through the list of symptoms, it was undeniable, so i finally accepted the diagnosis, i finally got a prescription for wellbutrin and it helped me manage a lot of my symptoms a little over the last decade."
0,cheap hotels are really not cheaper than the cheapest studios on abb even we slept in the car one night to save a little money and it was so bad but we had luggage in the car so there is not a lot of room im also looking for cheap storage that we could use for most of our luggage while we transition to a permanent place any thought would be useful thanks
0,"two of my best friends for the last few years derive from me i was diagnosed with ptsd a year ago and at the time they were very favorable, but in the last months actually almost never since early retirement funded by the government were on the table they had contact with me that many normally we wrote by email but it has been around the months since i received an email from them yesterday i took the initiative and wrote both cc"
1,a someone else who has faced anxiety all their life becomes very controlled in their relationships as a way to face up to talking to my therapist im realizing that my method of coping with intense anxiety in the face of life was to become so organized that i thought i could control everything but when situations occur especially with those in a relationship with which i cannot control the situation my anxiety goes out of control so i end up pulling it out in a negative way if you found that you controlled and could better yourself can please direct me to where to turn to do the same thing
1,"i guess i have ptsd and my work gave me a number to call and debate, but i hate to ask for help and i feel pathetic because nothing happened physically well i just need advice because i struggle on how to feel i don't know why i can't just sweep it since i'm fine"
0,"an interesting fact that i once heard was that some people die in the desert with water still in the bottle these people were trying to keep their water supply, but would end up dehydrating in the laughable process on some photos of whisky but an important note to what i drink almost everything i have and only save a little to keep the mouth wet after a smoke and i find that doing so i'm still hydrated never feeling like shit because the water had not finished absorbing in my system remembering that people when i finished watching the trains i found a place with a plug and wifi to mix with music"
1,through everything i just froze and waited for everything to be over every time i asked her to stop she would become very visible distressed she spent a lot of time talking about suicide during the school year we exchanged letters every day at school that in retrospect sounded a lot like love letters from her but i scared her up to a best friend love id ever been in a romantic relationship i was so much and didn't really know what it looked like anyway
0,"hey, you can't lie down like this man i could tell you what i wanted to say to the oversized krilline staring at mother inhale but it's because i was tired i sat down to kill the time before the shelters in the morning started to open i decided to make the base at atlanta because i knew that going further north would make it difficult to go back to savannah with the ticket i had tied to the georgia until the day of court"
1,"i never really knew that people were making fun of me and it meant a lot to me, but if so many people are there for me and everything is going to be okay why i'm still afraid of them why i still have a pit in my stomach and why those thoughts still scratch on the sides of my skull why i'm crying right now i don't understand that i don't understand my own brain and i feel like an ungrateful asshole to be still so shaken"
0,watch telenovelas if you haven't seen the drama in these shows it makes you forget the anxiety pretty fast after all that jane will choose michael or rafael go for a walk well now that my new job is a few minutes from each way by walking i am getting a certain decent walk in days a week
0,"i don't know how we can talk more often, i know he's going to get worse, start school in august, i've already gone to school myself and i know how long it takes."
0,i know it's a huge achievement that has been able to get back on the road and try again its just frustrating that i haven't made as much progress as id as i really miss being independent and free anyone has id love advice to find someone who can bring back or who has overcome that fear
0,he threatened to come out when i tried to crack a third and i stopped he says it's so rewarding for him but is really open about how difficult it was both the therapist although she is more closed mouth and less personally emotional said she needs supervision several times on me no matter how nice they are if i fuck months of progress decisions on where it seems likely to get that seems to have helped a little bit
0,i know his young relationship but his difficult adjustment to changes especially since i went to see him every day not to see him anymore at all if someone has experience with a relationship ptsd or something in that sense please do not hesitate to share it would be nice to talk to someone who has been through this and can give me advice even thanks guys tldr best advice for someone who goes out with an old ptsd when they become distant
1,and ive come take off absolutely nothing in the past but i will grasp something in these moments something and the vein of anxiety bursts out like a volcano and i can't breathe im trembling im numbness and it's there just gently remind me what's not at this moment it's your past it's not our present ive ever lied to you ive always kept my promises to you
0,"in november of my first year of university i was a social hermit but i had a lot of great friends and solidarity quite funny were women but i was alone as hell had never been dated and it made me crazy and depressing i didn't let it show well, except to one or two friends who knew me very well in november i started hanging out with a study group of organic chemistry two particular women were part of this group"
0,i have a twin sister audrey and i hate her i really can't explain it i know it's so irrational but it's just how it is and i hate that that's how we both came home for our birthday moms and i couldn't even spend any minutes with her were really different
0,hi last night my girlfriends mom died my girlfriend has anxiety and i want to help her in any way i can have anxiety in high school but never experienced loss and i want to help my girlfriend anyway i can her in college and ive did everything i can think but i want to make sure she's okay
0,"he and my mom left porn magazines lying on the floor of their room, we were moving and i saw them and they were unmasked and then they joked about how i reacted and that they were my organic dad magazines and i should get mad at him no older than my stepfather told my mom that's what she said i wanted a massage i was sleeping on the couch and my mom for whatever reason it was panicked and ran out of the naked room to see what was happening and she said he saw her and stopped walking to me my mom asked me if something was going on the way to school."
1,so scared of everything around me every time i have a panic attack i can't even call for help i just choke on my own breath and i just cry fear of what will happen in the future im already see a therapist but ive is so bad since september and i don't know what to do that it was such a rollercoaster and it just feels hopeless to get back from this im sorry to bother you guys i just need to talk to everyone i can talk is asleep and i wouldn't be able to talk to them even if i could feel so numb after the panic attack i had last night i just need a discussion a distraction or something because right now i feel so bad and out of the place
1,i find myself curious if one of you has experienced a partner who holds sex and affection within the framework of their model of abuse i especially read about the men who force or otherwise the guiltmanipulating their partners to have sex my situation is different my husband refuses to touch me if i try to initiate the sex that i have done several times in the past he will repulse me
0,"i want to sit down and have a conversation with my gf but i don't want to roll in unprepared if i'm even trying to have this conversation if yes, are there books or reading material that i can go help my case high looking for ways to talk to my gf about her spoiled behavior girls"
0,we were raised in the belt of the bible and she believed every word they told her that it was normal i tried so hard to explain it to her over the years she never understood even now she barely speaks to me because i bet to stand up against what my family did we were so close when we were younger because everything we had
0,i tried to encourage her as best i could the job she had was hours a week that i got so that she tutored a friend who is a difficult child that she has an event business with her mother that works about once every six weeks to host mystery dinners that is very popular but doesn't make much money that she devotes a lot of time to that and i'm frustrated that some of these efforts could be put in search of a more stable job that she studies a unit a semester
1,for those who asked for help before is it as bad as i'm imagining will i be taken seriously i feel that because i put myself in this situation i sort of don't deserve help if it makes sense i'm not even sure that this is the right place to post as i'm not sure it is even a possibility to get some kind of ptsd of something like that sorry for deciphering and thank you for reading
0,"although i have been on an antidepressant now and i certainly feel less depressed and motivated, but my anxiety has become a little worse i explained all my symptoms to the doctor that i saw today and expressed my concerns about taking benzos every day the family history of addiction and i find myself having a very obsessive personality and she totally accepted with me and said that i probably gad with depression she added an antiseizure medication as a mood stabilizer and told me that should hopefully upgrade how i am and take care of the anxiety that is probably brought by the antidepressant i am so happy that a dr actually listened to me"
1,hello all im yrs old male kg cm for a year and a half maybe im suffering from chronic daily headaches dull behind left eye pressure as when trying to think or remember something it seems worse
0,i was on a tear i was better at eating better weight loss from a bit of money saving i was on my way to this pit now nothing seems to matter that everyone is so far ahead of me i finally felt that i was gaining ground and the people around me also did so so they took off the child gloves they used around me a little bit and share more of their life and i realize how completely insufficient i am compared to them and how much behind i really am in life
1,all these accusations of sexual abuse while wonderful to see so many men and women coming up about sexual abuse i just can't escape him so much victim blaming the more and more clear evidence that many men don't really understand what consent means just too much i haven't left the apartment in days and the only reliable form of auto-drugs is too expensive im also autistic herb if ive has noticed that he also overstimulating me to the point of hiding his just too much and i thank you for reading my vent
1,please tell me jmmil i just don't know what to think more i'm not empathetic i'm in a jmmil situation with a fh that can't be helped tldr my fiancé forbidden me to ask questions about his relationship with his mother after i questioned the need to visit her for the fifth time in five days xweek since we moved in together edited to add i have often been and helped
1,i'm on a list of paid assassins that i need to reformat all my hard drives fuck it just wrong microwave these motherfuckers and then give me the decency to have a pain-free death ok deep breaths we learned this in therapy
1,well the warm season is here which means higher levels of anxiety for me thing is so used to this model that i don't care even more was through the worst of anxiety attacks and now it's just another oh here we're still going some kind of mood i love the hot weather and whatever it is but there's too much activity going on since people like to come out i don't blame them
1,"there are few jobs there too, so maybe even the next city is the only place where age could find a job that i have a car not very reliable to that, so she has a place to stay until she gets set up but no transport to do a trek only kilometers back and down the mountain even if she got a job"
1,"i was also used to having very bad nightmares about death and beyond when i was a child and my mother had to rub my chest until i fell asleep, i never thought it was anxiety and i didn't want to diagnose myself because i know some people actually have it and i don't want to compare my stress to what i just wonder if it's possible that it's like a light anxiety or i'm just private sleep too if it's possible that anxiety can come back after a decade of not having any notable events thanks in advance for any help"
1,i was sexually assaulted almost months ago once i was assaulted i didn't eat anything for three days right i lost about pounds in weeks i was also withdrawing from risperadone at the same time i couldn't stop losing weight
0,if you are stuck and too anxious to move simply know that you are always making progress his ok to do it in your way im so grateful to this under it was really amazing to see that i was not alone in this reading of other struggles and achievements inspired me beyond belief so i hope that if you read this you can find your own inspiration
0,long short story my sister and i are super interested in each other and i wanted to surprise her with a gift for a very late christmas for when i come home we knew the other about a year and we were on a romantic midnight dubai tour as a date i know she's interested because she made the first move in all cases we both are in the books and i wanted to give her a favorite of my paul beatys the sellout with the inscription to x i can only hope that this book makes you laugh half as much as you make me
0,i plan to park my truck there and hang out until i have to work and get supplies i rarely see cops on the highway where the old road starts or have i heard about cops going in the area as for thieves or strangers i have a rifle and once i have a bad tent use it as twins to see anyone coming obviously so im in my sick truck just driving away can think of something else to worry about
1,"it wasn't just about the life and the love we were building together, it wasn't about us anymore, it was about me and trying to fill this hole in me if she just wanted me to feel like i could baptize myself in and finally let go all this guilt and boast this male shame her complicated"
1,last year i developed some health problems i started having seizures and because of them i had to run out of work because of what i was fired i was always doing well while looking for another job giving plasma but my car was taken back a few days ago and i was not able to make a donation
1,the idea of what isps can do once the rules of lack are really active have made me feel sick in my stomach i can't sleep and it affects my school life i can't afford to pay the ransom to corporate fascists who want to cable the internet and i can't stand the idea of the internet becoming like that of china and north korea we're still struggling but still paranoid and every day that gets closer to april rd makes me feel more angry and panicked i feel under attack and even life about to be destroyed
1,so now im here not knowing what to do i don't want to call the cops because i don't want my mom to have problems with her gambling habits so i need advice on what to do if something like this ever happens again my mom cuts off her boyfriend because he caught her by the throat and i don't know what to get up to after this incident with her boyfriend my mom wants to move out of the house
1,im exhausted to continue going to work god im so tired i know im much further than i was a year ago but it still fears but i know how to become happier i am happy most days
1,hey everyone i need a place to evacuate and place my feelings because i don't know what to do tonight while playing a board game with my bf and some friends i discovered my bf lying great short time last year we decided that i would join him this year on his ski trip with his friends his idea was not possible at the end or then he told me because his friends didn't want to rent a cabin but to go on a cheap student ski trip
1,every day id tell me that i was above this girl but id see her at school and immediately remember how much i loved her every time i saw her i almost wanted to cry throughout the year i continued to try to win her back by forcing her privacy by telling her about my past id never told her to get raped although it just made her think i was weird on the first day of the summer i noticed that the discount blocked me on all forms of social media and i didn't have a way to talk to her anymore
1,i never had a person i could call a friend in my life a period and a half ago when i barely left the apartment my first job was when i was his warehouse job and it's been a year since i started working there in a few weeks even though ive has been there for so long i have formed a relationship with someone there because i always avoid familiarizing myself with someone who is my default way of being and i hate it.
0,"in general, people who have been on the street for some time or travel around them and have managed to avoid frying their brains with drugs or simply losing their lives have really different opinions and ways of thinking compared to the simple homeless who sleeps in motels or shelters or cars and who often try to work at the same time you hate other homeless aka hobos people in tents or do you want or try to help them do so you offend the middle and upper classes or think they are entitled to what they have"
1,i completely devastated my cat was just hit and killed by a car i don't think im allowed to bury it in the garden that we rent and i don't know what to do ive searched online and found a lot of pet cremation services but they all cost a fortune i don't have a penny to my name as an unemployed im
0,your responses to the survey questions will be anonymous and confidential by clicking on the survey link below will lead you to a page asking you to read through a consent form explaining the purpose of this research the content of the survey the type of questions that will be asked you the time it can take to complete the survey and the risks and benefits of your participation at the end of the form that you can click on to agree to use the answers you provide and start completing the survey thank you for your time and interest
1,ive was in an abusive relationship for years now my family had stopped talking to me and living from states far away when my boyfriend and i met the first time i noticed the abuse was when he wanted to have sex several times until i was angry and would be angry if i refused it was subtle at first but he scared me as time passed here every day how i was too skinny i needed to get weight he got to the point where i was asking questions about why i wasn't good enough and was depressed he was going to throw a speaker into a room with me and put things forward of the door where i couldn't get out
1,as mentioned above my girlfriends get angry when i disinterested her friends and begin to accuse me of hating them which is ridiculous because i don't know them and she really gets angry and stops talking to me for a while i start to think that it will end up being a choice between me or her friends and so far im losing tldr my friends friends are boring as fuck and im not very loved about them i never say anything negative about them but my girlfriend is still getting angry if i don't praise them all our arguments are about them
0,my husband and i live across the country of our parents and have been there almost two years now i don't really have a relationship with my inlaws mf ish i.e. they never expect me to once ask what to get my husband for his birthday and rarely talk to my husband they don't ask about me or seem uninterested when im raised and it doesn't bother me because they are incredibly negative and angry my son has problems of anger and will have a collapse in public hes made several times in front of me and my millet is absorbed by myself among several other questions i don't want to get into every story and man i have some stories but i guess it's important to know that ive has been warned about their general attitude and behavior of others and all those who have met them who imm friends or family with me have agreed that their son is the source of their happiness and they feed on each other's negativity but they've never been just malicious towards me
1,"over the last two years, ive has been more and more afraid of trips on the ive road has been terrified of dying in car accidents i don't quite know where this fear comes from i was in a super minor blindness as a teenager but it was at the university i lived in a city with crazy traffic and regular accidents but i never experienced an accident myself"
1,"i don't know, that's not what this post is essentially after all this time my ex recently decided that he knows that i cheated on him all our relationship i didn't know about this online girl who posted xxx photos of herself no and reminded me of the implications of our relationship that literally never happened as for an example that i called from prison and you cried bc you were in a guy's house and you knew what you did was wrong so you told me you need help but it won't show me that there's no literally hes making things out of the air and pretending that they happened he doesn't deny that he was an attacker but hes saying that you were as bad"
1,but my work asks me to be always reachable and the staff under me always asks me to help them but i can't even help myself between wanting to be alone wanting to seek help to talk to people just so i can scream and push them away i don't know what to do it is a lie i think i do but i don't want to make any effort is exhausting and i can't get myself to fix it
1,"i understand, of course, that she wants me to be safe, but i have an idea and i use condoms of the time that she knows because she's crying about my sexual life that she knows about sexually active and i don't have a boyfriend and she really feels i had occasional sex i had a fear of pregnancy last week im not pregnant and all i wanted was my mother's advice and she used it as a way to make me feel bad about my sex life when i was younger she was constantly cheating on things that i had even done and made me feel so guilty about the very idea of having sex that i didn't have sex even with my high school boyfriend all year long because of this paralyzing guilt when we were talking about her doing a moment to criticize my whole personality and not just my behavior in this argument or even in my relationship with her."
1,i always sound like im about to cry i get really hot and sweating my audition starts to go i had to stop in a presentation once last semester to say im sorry if i have enough bad anxiety so if it seems im about to faint please catch me who was keeping the light and the class laughed but it was also a legitimate concern that someone else feels this is what social anxiety is
1,"i really had trouble thinking that if i had to post this here or in another group, as long as i would remember having always been attracted to women and that only women i had absolutely no interest in men a few years ago i had my first relationship that was really manipulative and physically abusive and i haven't been at any date since recently, although, as in the last two weeks, her accused to me that bar an old beguin before my ex kinasorte come back i found any woman attractive at all at least a year at a time and when i see someone i would normally find attractive i just got an uncomfortable nervous feeling i really can't describe if it's an answer to how my ex used to be abusive if she thought i was attracted to her as a scatter i must want to rape her if i called her beautiful for the example and i know a long time after i felt disgusted if i found someone who would attract me to this kind of thing so i really want to get involved in that kind of thing so i want to get involved in that kind of thing so i really"
0,it took me some time and took me to run down the street with our son of year in my arms with him chasing me so that i finally go to understand that what i wrote here is literally just the tip of the iceberg i could write about everything but i should write a book i don't think i'll ever miss things to write about i've seen the doctor since he left and he said i ptsd i don't like to talk about it so i never went back
1,he says everyone was his life that my family victim blames and that they're okay with a multi-millionaire paedophile in the family so they're disgusting and no help i wouldn't be surprised if hell was trying to kill me one day im move soon if i can get a fucking plan together to his parents they understand that he's crazy but he really cares about my head
1,this is something to work on in search of an option for myself we move every time after we get a job in the city a disadvantage that one of us will be left at our current job for some time with our boss and colleagues knowing that the other is likely to leave soon after im doubt if it is an inappropriate situation bf will probably find a job first because he has a few years of experience more than i am plus some management experience
1,i'm afraid to faint so i was like what if i fainted from so much fear during this test and the following thing you know the worst panic attack of my life during the quiz and i failed we have the test next week and the same thing happens but less intense i have a d on it now i have a d in the class i'm terrified
0,my mother was not a very good emotional support for my father he is very sensitive and sensitive while she will take something of facial value and will not repeat on subtleties i think they had a marriage a little without love and my father turned to me as an emotional outlet at some point in my teens he would spend hours talking to me about morals his suffering at the hands of my insensitive mother and his love of all romantic and sensual things mixed here there was a kind of perceptive behavior
0,for a little background our relationship is not perfect were different people for example im a very liberal individual feminist at heart not very sporty however it is more moderate to many older parents and is more moderate in terms of gender roles and very sporty overall although our differences do not really bother me
1,"the next day, after a meeting, he tried to confront her to be ignored by other people, but i can't stand the idea that she's being assaulted or harassed in this way, i think he could work later today when she's working, we both talked that she would tell her to stop and that she has a boyfriend and if he doesn't stop telling the manager what's okay, except that all i want to do is protect her part of me knows she's gonna be okay, but i need advice on how i should approach the issue if this guy doesn't stop keeping in mind the fact that i can basically fight and fight and can someone tell me something that will help me keep the hope."
1,these last few months have been the worst my anxiety has been so bad its effect of my sleep and the ive relationship become so paranoid on my health as well as i no longer feel like me and i just feel scared all the time now on every little thing i don't have money to see a therapist either
0,i have gathered the courage to be a little more public i guess with my problems if you have questions feel free to ask also thank you for reading this post in general i hope you have an excellent day also why each letter is capitalized in the messages are the mods jaden smith
1,i don't know if i should call it abuse of fianc suffering alcoholism ptsd hit me and threw shit at me at an international airport and almost got fired from the flight last night was the last time but much worse he beat me with a bag he thought i packed and thought i was going to leave it it was a bag i forgot to unpack and was in the closet my head was bleeding abundantly and i thank goodness run outside and called for help
1,trigger alert in the last two weeks i have been cured from life-saving surgery and because of the physical consequences i have had four panic attacks in two weeks today i have had my fourth my original trauma is not related to the hospital but rape but now at any time a nurse has to do something that i associate with pain or something else because of the trauma past my brain is triggered in a panic attack
1,"october is the month of awareness of domestic violence and i am a survivor of domestic violence that still struggles even after more than four years lately i was very angry that my abusive ex received no real consequences for his actions this man physically abused me sexually emotionally financially, etc. i received a restraining order against him and it was renewed a year later, but i was unable to make criminal charges against him because i did not have enough evidence to have a case"
1,"i think i decided to stop taking it for a few days to see if it was really useful now about hours since my last dose im suddenly a little trembling and also puffed my cheeks burn for no reason and these side effects are about to freak me out, you think it's from my missed dose that it's possible to have such a quick reaction"
0,"even when my father and i offered her to refuse to go up the stairs, her knee started to suffer or she hit or whatever, she was sitting on the stairs sobbing doing her thing where she was sucking under her breath that was a strong indicator to let her fuck alone"
1,i think i developed tinnitus following the wearing of a helmet in bed and the pressure on my ears maybe also through ear plugs and headphones and now i realize that too poor to live alone out of subsidized housing is not good enough and i have to move for many reasons.
0,so im currently a university student and while i realized im benignfortunate beyond what i really deserve i don't always have something i can give but i still have a smile and a human interaction so would even be a smile and a friendly hello as i walk to anything useful or that would make things more embarrassing for both parties i'm sure i could gather the courage to say a friendly hello as i pass in the mods im street sorry if it is not allowed but i wanted to ask now before the memory of feelings went to edit here is the post i couldn't get hyperlink to work url
1,i drove the minutes home with my fiancé on the phone helped me count my breath i went home and i collapsed i couldn't breathe my neck and my chest hurt i was hysterical
1,"i want to go ahead with my life, but seems to have dug a hole so deep that i can't climb it just seems to be a vicious circle of cant getting a job because i don't have a place getting a job can't get to work because i don't have a car or license can't get a license or a car because i don't have a job don't even have a phone currently this one will soon change can get no assistance because i don't have a residence i still feel fucked in this spiral of shit that i myself created but doesn't seem to rinse out"
0,i quit facebook twitter and instragram basically shut me off from the world i go to school but don't talk to anyone outside my family and my teachers and sometimes close friends my mother says he's not healthy but personally my anxiety has improved so much i feel good just as nobody notices me someone felt like that
0,"apart from that, it really bothers you when the da calls you and tells you that in less than a week your attacker will plead as a last resort if you want to attend please come for at least half a day to see what will happen so talk to my therapist about it and i had already told the da that i wanted him to see the time of prison not only years of probation with the mandated state drug treatment is also really terrible as now they'll just say forever it was because of their addiction and never take full responsibility for their own actions i digression i demanded that he give me a face apologies my therapist thinks it could be a bad idea that her was less than a year and she thinks he's only going to lie and say he's sorry because ive asked it"
0,"i have to note our first year together we went to the maldives second year we bought a house went to croatia venice belgium many weekends away im not exactly lack of travel far from content and rarely feel unhappy these days, but is that a replacement of happiness is just a thing blues january that will go as the year begins and i return to the swing of things"
1,my youngest who was at the time had what seemed to be an infection of the bladder or urinary tract she literally peed every five minutes since the doctor's office was closed i took her to the er little i knew that my whole world was about to crash the nurses took us back to a room and once they finished checking her and got her urine to test we had to wait for the doctor
0,"years ago, i met paul and i on okcupid and i hit him right away at the time when we were both in open long-term relationships with other people, so we fell into a pretty fast routine that involved seeing each other once a week for a meal or drinks and the best of his life supposedly about months before last december, he and his partner years broke up, which sent him into a little naturally intense depression period of introspection independently for unrelated reasons my own long-term relationship also came to the end of a paul and i saw less but kept in touch"
0,i was at home for the winter break and i didn't see it at all during that time my problem revolves around me feeling insanely guilty anytime im out with him every time he buys me things etc. it's like i hear my mother voice in my head and she yells at me for making bad choices telling me that i shouldn't waste my time with a loser like him im a lowlife etc etc etc. to clarify im a gogietwoshoes i never did anything wrong until i was in my teens
1,i'm not paid until next tuesday and i'm terrified by what i'm going to do until then any advice would be appreciated for what to do normally well that i have my health problems and that we live pay day up-to-date it's never been so bad on what i'm afraid of how i'm going to feed my child for almost a week and i really have no idea how to overcome this help would be appreciated even just advice on what to do i can't walk anywhere to go any citizen's council
0,"as someone in the house will no longer live with them as a mutual agreement, i really get along well with some people in this agreed group and they are much more enthusiastic and lively than the others that i mentioned above i have discussed with this group before the free slot that it would be nice to live with them if possible and now that they have a slot it is really possible since it happened i agreed to live the slot with them having a house with them five of us total and i think it is in my best interest that they are a group of close friends meaning that the communication to sort it is easier and they are more assertive four of them also take the same subject as me"
1,"i have recently experienced an extremely traumatic event without specifying what has recently been happening in the newspapers that it has been less than a week and not even sure what is to be done here, but all i know is that i feel discouraged from getting help. most of my recommendations have been people who disagree with them and who have spoken with my friends and they say they don't think they're helping."
0,his mother came and panicked and got angry he almost hit the door on his hand moms and i panicked and pushed him away from the door he got angry that i assaulted him and threatened to take me to court his mother panicked because of the condition he was in she ended up taking him to her er so we could see if he could make an appointment and get some medication on the spot we never had to deal with anything like that and didn't know the procedure
0,which could be defeated by the post-printing national impression a strongly written and well studied refutation the antithesis of the illiterate vendetta coin cosh wrote and the sustained debts explaining the science behind ptsd dogs of service science that has been peer reviewed and carefully studied since but unfortunately since now the national post refuses to stand under the oath of all the journalists who talk about integrity and education nbsp brian here if a politician has said something that stupid that they would be sent for a class of sensitivity and left the nomination documents at the next election a team player would be sentenced to a fine
0,quick summary she fired her husband for several months for emotional and verbal physical violence towards her and the children things have been somewhat civil since he paid his child support without a warrant by the court not because he is a good guy but he moved in with his parents and they charge him yesterday there was an incident involving a debate in their drive in front of the children who ended up hitting him through the side window of his minivan while his children were inside
1,since i knew him i had active suicidal thoughts even now i hate how i am and i wish i could die now but i don't have the strength to do it myself anymore how i leave him if i know that life without him has been and will be a worse hell fuck circle my life if i have the money id hire a killer to make me in
0,do you find that normal that they have a good main relationship problem that i have is that she will see her mother in a prison combination that she will see other inmates and women behind bars the guards could be intimidating is that ok for a year to actually see my daughter doesn't seem scared but rather seems excited and excited to visit this is strange for me
1,"i just really scared in general not to live up to expectations my partner can have a lot of my life is built on trying to be exciting amusing or entertaining i just fear i won't be able to maintain for my partner the last thing i want they are to describe their boyfriend me as fad or boring, but i feel like that's how they feel bad and it's just going to lead to heartaches so will live to the most recent conclusion after seeing my two best friends get girlfriends and i being the clumsy loser who can't get one that maybe im the type of person that builds for relationships"
1,i didn't want any of this i literally had no choice in all of this if i didn't have children i wouldn't be here i pray every night that i would die in my sleep then i don't sleep without death just a lot of screams in my head and roaring the anxious thoughts bad memories in addition to bad memories it's hell
1,i tried a little cheese and some had quite intense flavors and being a very sensitive person this i think caused some stress that we held for about an hour when i felt this feeling of falling in my stomach i knew it was a sign to get food and sit down but my father was very happy to check the cheeses so i risked just waiting and cooling then my whole body felt that the feeling of falling and my hearing started to warm me up and i felt like pin needles on my body
1,my current bf doesn't care about guys friends and trusts me not to put myself in a precarious position when this feeling of guilt disappears i can't spend the rest of my life working and spending time at home away from other people the level of anxiety is almost panic attack and sometimes leads to one to the point where i don't eat and barely sleep for days feeling guilty of nothing to be conditioned in a previously abusive relationship
1,i don't know why i'm here guessing that i just need to evacuate my problems started last weekend my parents stole malta to visit my brother whose hospital he's in bad condition and initially he lost the use of his legs a few years ago and now his paralysis gets up to his garbage so i went to the hospital and stayed north for the weekend i told my gf that she could stay home rather than spend her time in the hospital with me
1,since i was fifteen years old my father-in-law when he comes home from drunk work always ask me to massage his bare back by walking on her almost every night even if her midnight hell make my mother wake me up even i don't want but bad respect because i was afraid to refuse as he could get angry if i did so i don't know what's going on in my mother's head at that time but i just suppose she's too powerless too scared of my father-in-law
0,today i made the choice to go to register for a gym member the work part is not hard it is the fact that its new place and fairly wide open i struggle with open spaces but i entered and registered
1,"i had another friend who came out and typed on my window scaring me, he didn't know what happened and when he asked me what was wrong, i started crying, i felt stupid and shameful through the sobs, i told him what happened, i even told him that my rapists had done it to me, he supported me and he made me feel so much more guilty."
1,"when i take the time to relax and think about something nice like a waterfall or a forest or something like that, i automatically think about how people will spoil it and pollute it and make it worse and just be horrible it makes me hard to relax i try to think of something quiet and then thoughts like this pop in my mind meditation is that nice to me just shopping"
0,hello this is my first reddit post i looked on the internet about anxiety in the online game and there seems to be people who have what is a relief for me i would like to play with people with these questions because i imagine that wrong feeling a certain level of comfort knowing that we have the same problem
0,and we end up spending an indefinitely long time together that never seems like it will end up i would really like to be able to hang out with her like cooking dinner or going to a bar or watching a movie for example and then just go back to our individual homes and do our own thing but it seems impossible i really suppose if it is necessary to be physically with such for a healthy relationship to prosper i am unreasonably unconsidered in my desire to be alone
0,"i waited a little while, then i spoke to our advisor. i briefly explained what happened. so i could ask him for help understanding some procedures. i didn't understand that we were going to the lab and understanding my work together. i was then standing up and doing something with my samples while my advisor was doing something else in the room."
0,the place where i was going for therapy decided that they couldn't treat me properly ive had a hard time finding another therapist the strange thing is that ive felt better out of therapy so when i was in it i was doing a type of exposure therapy and it was hard i went twice a week and it seemed to me that my whole life revolved around trauma
1,i was walking to a class when someone behind me at their locker dropped their stuff i started to panic and i started to relive the trauma after he left i talked to my friends out of class in response they started to joke throwing things on the floor including some of my stuff i started crying in the middle of class but nobody noticed
1,so early today i was suffering from extreme derealization depression and anxiety so what i did is i leave the thoughts free and every time i got a tnhoguht i ignored it and i think i just removed my anxiety deep now instead of having a panic attack im have symptoms of the body of this one i can't believe i formed the symptoms i can't find the trigger it just arrived
1,hello guys this is my first post here since i can't fall asleep on a random night a few months ago i started to have anxiety at night and before i went to bed but every day is usually different when i lie down n out of the lights my body started to heat up and i was sweating a bit what makes me really uncomfortable my heart was beating fast what makes me anxious
1,i feel like shit to write this post tldr if more than a decade is great for me in several ways and shit for me in other ways i feel horrible when he's shit for me but also feel guilty as fuck to express it because of all the times he's amazing for me wondering if it's emotional abuse and if that's what i can do about it our relationship is rock solid im not leaving it
1,"i'm scared and i don't know what to do i don't have resources my family is worse so i have to pay for everything on my own, including phone and car insurance someone helps or helps me find someone who can so thank you for reading"
0,"fun fact name helped me a little a few years ago through twitter you can check her tweets with about me around julyaug from i deleted my twitter account since, but just registered again paid name for a month of weekly sessions remotely with a popular west coast therapist that brilliant therapist is the only vival ever clicked with before or since"
0,first display here so i apologize if i break the rules i have taken sertraline zoloft for about years now at my lowest points i was taking mg a day but i have been stable on mg a day for some time now i would one day be completely absent but i know it will take a lot of time and work my question is maybe someone can tell me their experiences with withdrawal symptoms
1,"as you can say it's a little more than my income today i have my euro car tax bill we have a wellfare social security office, but they refused me because their limit is excluded from rent, but they seriously claim that my brother should stay and feed me i don't get anything without the car i can't get the little work i get at this point i can't buy toilet paper my brother loses on the euro per month supporting me with the heating of food hygiene i don't even know what to do anymore."
0,maybe only a few months ago i was in the darkest place where a human can be sitting on my kitchen floor with an empty bottle of wine and a knife on my wrist ready to finish everything and for the first time in my years of existence i of course life and i of course death after all i was going to experience both in simple moments of the other a multitude of thoughts run through my mind what will be like
1,"i started to get depressed, but i didn't know personally that my wife had started to notice that i wasn't eating a mood not to sleep and to sleep all day long, she asked me if i was okay and i broke all the emotions that came to a tipping point and i started sweeping in tears i told her that i had thought about suicide"
1,because i have and it literally makes me feel k x more crazy than i already feel like she left me alone unfilled drugs and then told all her colleagues that i was trying to swindle her medication so now none of them want to take my case either backstory ive has been seeing this doctor for almost years now and at first i let him know my problems of engagement with mental health and people just leave me stranded or pass me to new doctors every week and he made me release the first few times ive tried to get my brain well so we've met every month according to the change of medication
0,we will provide links to treatment resources throughout the study this study will include only participants who are years or more please send us a private message if you are interested in participating once you contact us we will send you a link to the screening questionnaire to see if you are eligible and to tell you more about the study
1,"he supported me in a corner of the kitchen and hit me when i fell, he hit me on the face and also strangled me, i was trying to go back, but it's much bigger than me when he started to choke me, i bit the sacred hell of his arm to take it off, he surprisingly did after yelling at how it hurts and then went to finish packing."
1,ive has had anxiety for a few years im 17 and has been diagnosed as it should be months ago with depression in the last few months ive has developed a stuttering and ive has been unable to form appropriate sentences that has given me a fear to talk to friends and even just talk in general im not the most intelligent person in my family and have obtained the lowest but ive ratings always been excellent with my literacy but when im talk to my family or friends the words can't come out ive recently had something that happened to nw where i was used for the comedy said to try electroshock therapy to help my mental illnesses by a pretending guy to be there for me it's only really related because it really did me antisocial and i can't trust people anymore
0,what the best way for me to keep out for a few days the only things i was able to pack was some clothes and my phone bought a spam thought it would be tasty but nah it just tastes like salt honestly i think the biggest thing for me is to just stay healthy of good luck to everyone out there
1,between losing my job my unborn baby and my husband losing his job i'm overworked and about numb bills pile up quickly and i don't know what to do now i'm doing vinyl decals but i just started so i'm not going to do much when my husband just did paperwork for a new job today and i'm waiting to hear back on a job i interviewed for a fourtunatley it won't be early enough because the financial company for my car called and said i have to pay by tomorrow another tomorrow by the end of the month
0,she didn't recognize her invitation to go down for christmas then they go on the trip days later and everything is fishing alive her car broke down so my father leaned on her my mother's car that we again said that he needed to stop referring to her as my mother's car legally it's my mother's car closed
0,"im not opposed to offering money, but once at the university someone got a bit sketchy when i stopped buying it monthly bus help id appreciate all the sorry answers if one of my comments are misinformed or unintentionally offensive im ask for advice sincerely for how you think i could temporarily help it"
1,"so much in love with my wife when she's happy and herself, we have everything in common but when she becomes abusive and manipulative, it's too much and she says she's going to change and she's taking medication now and she's booked an advisor but i don't know if it's more manipulation and lies or if it's true, i don't know she's had a lot of chances of doing it but only after we split up, it's that she's never done anything about it."
0,"about a year and a half ago, i was offered the job, but i refused because i felt ready, i was offered again a few months ago and i took it because no one else was available to take it, i started the day of the birth of my son who is his own set of anxieties, but the one i do not find overwhelming in fact i find it rewarding"
0,you can read all the terms and instructions here xb url these mini-grants are not intended to be awarded only to scientists or political majors we want to receive requests from people who are community organizing artists you name it the prizes will be examined because they come in no waiting until march in case this is a concern
1,he was playing music very loud on the speaker it went so badly when he threw the table from the living room on me we were fired from at least the apartments at that time we were homeless he didn't want to get a job and wanted me to go out and hold a sign and pan handle for the money if i didn't want him to drive the car in which we lived very fast and say he was going to kill us he destroyed that little car wrecked at least ten times
0,my homeless brother tried to get a job going to his necessary advice to stay out of alcohol and stay out of prison last night he called me to say that he abandons and is resigned to stay homeless and live so until he dies he sleeps in a clean and safe shelter every night he gets the same bed and has a locker if he starts drinking hell again being out in the cold because the shelter won't let drunks sleep there
1,im too unstable telling parents is not an option im will not give you the easy redemption for them all this is still suspicious i know im not professional but im tell you wrong get help
1,maybe a little nauseous not in a normal feeling nauseous more like this hole in my stomach im about to get in big trouble or wait for the cops to pick me up or something like it has that sting in my spine to it and that agitation in my head
1,so he hasn't really hit me since we got back together but he's cruel in so many other ways that he's gonna call the big ass met and just had our third child he tells me im ugly and an idiot bh and tells me that i can't do anything right he constantly calls me a whore he tells me a whore not to kiwear a bra in our house
0,"i turned around shortly after meeting him, he started to be so kind and loving and then he turned into compliments in me not being able to carry certain things say some things do some things that i could hardly be online not be able to post anything about the music i used to create before him."
1,"he did it to a lot of people and said every night that he's going to kill himself, but then nothing even hurts himself it also affects my family life as i go home stressed daily feeling and it causes conflicts in my family i always live with my mother and she works hard and travels a lot so she's also stressed so i try to bottle her up not to give her more stress but then it comes out in the form of arguments because we both try to bottle our emotions so that we end up falling and both feel very upset please someone can help me find a way to deal with all this would mean a lot to me"
0,i'm lazy what i can attest that she brings the christmas tree and how we haven't removed it yet i just stay in silence from her dam then take a bite from my sandwich i start to remove the ornaments and put them aside she starts to search around and climb and point things that we haven't done ever higher
1,i check my mom several times a day and i know he must be boring i try to find the right medication but none seems to work for me i go to therapy and i talk about it but i'm so tired of feeling like that i know it's temporary and i won't be like that forever but right now he's worried that i'm sleeping because i'm so worried about his hard to concentrate at work because i'm so worried about his hard to be social because i'm so worried about him because i'm so worried about having listened to him.
0,we haven't been able to afford haircuts or something like that for a while so my long wavy hair is pretty nest like and the idea of family photos is just about enough to give a tip to my anxiety on the edge i really can't thank you all enough even if you can't help at that time just read what i wrote and keep us in your thoughts means so i'm doing a point to send a part of my art to someone who ends up helping me tell me if im not allowed to write this part and take wrong out
1,i want her to tell me that she loves me that she would only want to be with me i just want her and myself to give her another chance even if i know that i can't move on every day i think about her and the good times we've had together so redid help me i need to know how i can move on from her sldr my wife has deceived me and i don't know how to get over it
0,salut everyone last month my daughter was delivered weeks early and will be in the nic for the next few months it has been a difficult time emotionally and financially to help me manage everything i started to newspaper about our experiences and decided to turn them into mini printable little comic strips i set up a patreon account that allows you to promise or a month in exchange for rewards
1,although i have been staying with the family their households are packed with other members and problems and so they don't have room for me i don't have many friends and those i can't help anything so i'm on my own i have a wonderful as a baker i don't want to lose or give up what i can do in my situation right now so i can keep a roof on my head and keep my job because i know that if i'm just able to keep a shelter while continuing to work this job i will be able to provide decent housing and expenses for myself and never load anyone with my problems again ever
1,today was a horrible day from going and i had to call because i can't work with other people that i'm working on retail today so i claimed that i had a fever of course it had to be the weekend of the commemorative day which is one of the worst moments for that and even of course they said on the phone well that really puts us in a link now im absolutely paranoid that they will discover or they hate me now or badly get fired for this im so paranoid im worried that they will see me or come to my house to check on me even if i know they would never let me just wish someone could understand or sympathize with me for once
0,recovery feels familiar if its less scary but also im much more tired of it all that i want to pass on i have been able to move on to the more i have been so much stronger and now im back here a delicate flower ptsd
1,"it seems it doesn't work that way that i don't drink anymore or that i don't take drugs anymore that didn't help keep me safe at all, so there's nothing to blur it i just have to live with all the horror and memories and i hate it i hate myself and the life i led to shame i didn't understand that things could be different sooner"
1,i write it because it looks crazy or i write it because that's what i feel maybe because it's my deepest thoughts that will try to write clearly because i feel like a fraud i don't even know how to start i don't know the questions to ask
1,rarely i forget the symptoms rarely they don't bother me but they always happen i saw two different doctors about it they excluded a few things and suggested that it was purely anxiety and that i go on a ssri i didn't go on a ssri yet yet however i plan to do it as soon as possible.
1,i want something that would help with a little gift of social anxiety and also prevent any future panic attack someone has a good experience with other ssris tldr has been on lexapro for crises of panic and social anxiety for months got all the bad side effects of lexapro and it made me have a few moments of almost going crazy i have had panic attacks since and my anxiety is maybe a little better but it's not worth it someone has stories of changing lexapro to something else that makes them less anxious and more confident
0,i don't live in the country anymore she thinks no one will help her and has trouble trusting people that she doesn't want to go to a shelter i at least gave her the number of a bilingual support person from ywca my mother also wants my father to pay for my graduate degree
0,"i had to deal with depression for months, i felt as if i had failed and i left my job to finish my university studies and that's when we met in the same class and i used to look at myself all day, so i followed her on instagram and i noticed that she was going to a club in my city that night so convinced that my friend came out that i really needed to bang on that girl and give her a shot so we did it when i got there it was crazy we closed our eyes and without saying much she went up and just started kissing me we were guys and girl from that time we did so many things together as a vacation then she even moved in with my parents"
1,i lost a child because of this man and i went back for the ride i'm crazy why i'm so surprised that i went out as ive just had round with tyson tips please anyone went through a similar experience what you did
0,"i came out of an abusive relationship about three years ago, i had horrible things before her but it was really the absolute rock bottom that man strangles me unconsciously and fights me and i ended up sleeping with a knife under my pillow and then sleeping in the streets constantly over my shoulder, but i got a hospital therapy and a network of supportive friends and i was all clear and no contact with the guy that i had some beautiful flings but after that i guess what i did was work on being alone and happy with her."
1,"and if i'm at a party of friends and a man whispers in my ear that he likes to look at me so he can touch himself later, but he goes out with my friend and he knows that i don't want to piss him off if i'm in the car with a man and a lady cuts him and he gets mad and says he wants to get her out of the car by his hair and cut his nipples off but then he says later that he didn't want to say that"
0,i had a moment earlier when i was preparing for the night that i somehow realized that life didn't quite go to plan huh practical storage box dandy no one is questioning someone wearing a clumsy url large anyway my bed is one of the only real constants of my life right now and i kind of wanted to share id imagine that for others who are in situations less than ideal as your rolling bed or whatever arrangement you have is in a certain special way for you anyone else wants to share what bed looks like for you tonight
0,but months ago i moved to another country for education we met a few times before i left and they didn't have dates exactly like the best friends after i arrived here foreign country we talked almost every day on the phone and we went even closer we recently started to throw advice to the other we love each other and finally decided to discuss what we think she told me she loves me and wants a relationship
1,i always feel that no one really loves me and that they just love me out of pity it's a vicious circle because this insecurity makes me more conscious of myself and tenacious what makes me more different i just feel like a sewer over everyone and a constantly distressed by these thoughts on what a terrible person and i am and it's so exhausting i would like to be normal
0,i a minor man is posted on this subreddit because my girlfriends a minor female family went through a breakdown and an undesirable grouping of kinds well call my girlfriend linda lindas the immediate family consists of her mother her grandmother and sister the most notable interaction that the father bill had with the family was drunk hit on the mothers lindas window early in the morning bill released for unknown reasons about years after the birth of linda
1,"worse than that develop the same anxiety disorder yet another reason to finish the relationship i really love it but i can't and won't embarrass it as i did at the wedding my plan is to go talk to a private physiatrist and see what they think the medication is the only answer, but if it helps in conjunction with therapy a healthy lifestyle and meditation then i will try"
1,"i understand as a woman why you are doing this, but as a mother i beg you not to file a complaint, this will ruin her life please let us take care to get him back in order"
1,i was in a rabbit hole of youtube videos over the weekend from music videos then vine compilations and then in one way or another to fight videos on one of the side videos i noticed a video involving xyz high school where my boyfriend attended the video was actually pretty clear and my blood kind of cold when i realized that one of the kids in the video was my boyfriend it was absolutely brutal and there's no doubt it was him.
1,the prospect of this has completely overflowed me at this moment even if i apologize for the erratic train of thought in this post im honestly at the end of my mind and thought it would be useful to reach out to this submarine even if you can't help me financially any kind of help would be useful im will be on my own for the first time so that all the household supplies you could even lay around that you could give would probably be useful even advice or resources would be great at this moment
0,"it is exactly what it needs maintains its side of an equal partnership, etc. my only problem is that, although our sex life is great i catch myself being too sexual sometimes even if it doesn't show interest this casual day then feel extremely injured and rejected if it says that it doesn't want to do anything that day it's not like we never do anything i seem to always be attached to this idea it shows me that it loves me in many different ways but it's so hurtful when it knows that it's ridiculous to have these expectations i guess i'm afraid badly never to stop feeling this way and get hurt."
1,"i don't have any point just overwhelmed and want to give up on anyone who's going to read this long post anyway i don't want to tell my therapist i don't want to go to therapy he feels artificial, contrivated and unequal when i google all this shit the internet is like that ptsd talking"
0,"she says that she doesn't see what's big, that people make mistakes and forget things i agree with and tell her that they often forget what they don't care about her that we don't agree that we talk about it she thinks i'm very black and white in my mind."
0,i was very intimidated by the kids there my father managed to prove that he didn't have a part of the flight that he took me out of the foster home and drove me to the house of my oldest brothers he lived directly across seattle's water told me he'd be back in three days to pick me up he never came back.
1,"i have so much stress on money on a daily basis that sometimes its almost unbearable as i mentioned, i have received emergency aid in the form of loans through loans for which i am beyond recognition but although they provide temporary relief the loans themselves just end up being part of this vicious circle and immerse me even more in debt trying to escape i know that more loans are the answer so im in search of another kind of aid"
0,coque commands so much food and binges on it while descending shots all the time that she orders food and drinks somehow makes me change my habits of eating and drinking when im with it is like im bing too she always apologizes to the bathroom just after a meal and i know that she is purging the more recent time that i spent with her i put my foot a little lower and told her that i didn't want to pay for so much food and that i didn't make shots i never make shots but she still commands them for me when im with her and then really is manipulator in order to force me to make them.
0,"we have tried all section facilities in the region of north texas and all have told us a one-year waiting list i understand there are also good and low-income housing programs, but has also been informed that these low-income homes still require proof of an income to be sure that the tenant can pay the rent and cs does not count that this income im looking for gaps in the system or programs in place that could help with that if someone has information or an overview that would really be appreciated thank you reddit"
0,you can watch the video before leaving funny i never had to see this video or anyone else called me cass what i didn't see coming my investigator got mad that i missed a meeting and didn't have to get a bus pass
0,writing is one of my methods and i wrote this and i would really appreciate the comments or any idea about why i am not able to remember today im write this because i am experiencing and trying to avoid a panic crisis completely blown i am stronger than my negative thoughts and i have the power to control them writing about it makes it less real and it is not my dream continues to play in my head like a record and every time i get a preview of the record i avoid it
0,editing no car also she doesn't have a job again if she gets a job after the baby's birth or will be better from government leeching he can be selfish but i'm not against being a leech and get every cent in the help i can until i'm able to do otherwise
0,"a guy walks away and says the cops are on his way up and we're just getting out of the parking lot when the cops are everywhere kicking everyone, especially the homeless and the skating kids and stuff we've seen a few people get arrested but just cops messing with the good people got out of all this i haven't been arrested and i made a new friend who made me lunch and wants to see me"
1,there wasn't a trap like wth and i couldn't hide my emotions effectively i know it's a lot in the mind lately and hes very anxious but i and i also feel unfair for him to use me as his emotional punch bag i love the guy but lately ive thought almost on the daily basis if ending the relationship im exhausted by his continuous harassment and bullshit
1,when people don't understand and tell you how to be when you escape all the answers and feel like a monstrosity close the blinds the outside world hide the anxiety about the morning coming the day coming the evening should be well i turn straight into a night of turbulent anxiety shaking my head i'm the only one who feels this way taking my medication daily occurrence of the will this ending never hates this paranoia of the inner mind is thinking it will be better how to be myself changing for you to try and frankly that never the right answer
1,"he didn't pay child support he didn't fill the court orders that would give him the chance to ask for a supervised visit, it looks like he completely disappeared from being a father, but i still feel like he's going to come back even writing about it, it's hard to breathe it's stupid"
0,it takes them three weeks to call me i'm currently working up to pm with a lunch minute that's not at a given time we spend about weeks playing the voicemail tag but never talk i get a call from my gps office indicating that the place said i didn't want the machine because it was too expensive i told my gp that i didn't even get prizes from them yet
1,i think i have to get help because if i avoid everything i can do in school again in a few weeks and if i have a sophmore coming i want to stop jumping lunch because all the people in there make me anxious and i can't get to look at the ground of the time every time i walk in the hallways because i can't stand up to make visual contact
0,it's a long twisted story about how i discovered this but i was told by my parents that i had been assaulted by r when i was younger my aunt non rs mom had taken us to the pool and r had taken me to the bathroom to change when we had not returned in a few minutes she came to check on us and she found me naked with r caressing and trying to insert her penis in my mouth she stopped the assault but did not know what happened before finding us remembering that i did not remember any of these events at the age of one year
1,it makes me so disappointed in myself because i hate what i become and i hate feeling so helpless im to the point where i'm afraid i don't know why most days i end up crying at work i have neither friendship nor relationship with those i work with and i can't feel comfortable around them even an embarrassment with my manager who only talks to me to criticize and complain and just before my vacation she gave me an informal warning
0,kates father was just an angel all day we had planned to finally start sleeping at home again evening comes us all home and he puts on a crime drama marathon it's a little too loud so kate asks him if he has the spirit to lower it so does for about five minutes until she gets out of the room again and then he does it stronger than what was before
1,"i don't know if i have to be honest i decided to stop drinking nine months ago and i was sober seven weeks ago but i never had the desire to stop the grass and i haven't yet, but i've been in trauma for four months and my therapist has talked about it several times she keeps saying that it affects my motivation and depression but it helps with bot gad and social anxiety"
0,the truth that sometimes there is nothing you can do but mitigate the symptoms of your ptsd that dbt cbt psychotherapy and all kinds of psychological sciences have limits that many people do not respond to the treatment that drugs is not a cure all that scientists do not really understand what neurological mechanisms that cause ptsd or how the drugs they use to treat it works
1,my boyfriend and i usually have a good relationship that we lived together for about a year and a half and we have a pretty good partnership going the first guy ive was with whom is ready to sit and really hash things out so have had a problem but there's a subject there hass hass out with me and sometimes he asks me questions of no where it seems a bit like small pop quiz that i feel designed to try to catch up and strangle myself randomly poses a riddle or poses a logical question so i'm a bit frume because i feel like i have to find an answer quickly or i'm just exasperated and tell him im no mood for a pop quiz
0,i have a new job yay but there will be no salary before the end of the date of beginning of april is april we are a family of me my daughter my boyfriend and his two teenagers children he sells an insurance but it has an average of about one month income and that just barely pay the bills i receive food tamps but only for my daughter and me and the next date is april
1,and they all give the impression that i will have time and money to infinity to go explore wherever im goes like im goes on sick vacation still spend all my free time hunting for employment if they want me to go back to a shithole that doesn't want to hire me because im so overqualified just by existing i continue to get refusals saying im overqualified except for the one who asked me to fill another request despite giving them two weeks ago maybe they can pay my way and then they can pay for every month i don't have income i've come back here too often already at nothing and they seem to think im just hanging around having fun living in my incredible car
1,my friend made a comment that really embarrassed me because so far i didn't realize how much it probably appeared since ive was more aware of myself doing this and while it's like a shameful secret i keep doing it i know i never did it before so im wondering if it has anything to do with what happened to someone else has experienced something like that i feel like the only one
0,"then the problem was that she was too dehydrated for a blood test and the mental health hospital didn't take her without the draw, so i had to take her home and pump her full of water and food and cross our fingers that she could get a draw in the morning the bed had filled the counsellor and i took her to the emergency room to see if they could admit her to the local hospital there she absolutely refused to have her blood drawn and she told me that they were just going to have to unload her if they couldn't get the tests."
1,this paralyzing pain is getting stronger and stronger than you see that i can't do that much longer this drop without fear subconscious tears hope that someone can see my fear
1,ive has been homeless for a few days since my roommate fucked me completely by not paying rent for months and hid from me notices that i had only a week to move and put things in stock i could find a roof to sleep under for a short time but her severe roaring infested and i have to sleep on the floor there is nothing available at my price range certainly not on this short of a review i had some prospects but they went to other people
1,"it wasn't my fault, it was like i felt like my mom shouldn't have buried her boy."
0,she spoke sarcastically about how my life is obviously so horrible and id say yes mommy it's she refused to yell at us all the time and said that if i can say that she screams all the time then she can say that i scream all the time also to my little brothers and sisters what is not true i am kind to my brothers and sisters to the exclusion today where i was angry at everything but i still didn't scream at it she said that for months ive terrorized her about this screaming thing and how i think that a little mistake automatically means that someone is a bad person
0,"he was diabetic with us never told him much, but he was a younger child never caused a problem, i had to listen to this famous star of the compound tell the new people who come in the box how he stole this guy and stabbed him in the back while he was raping him that he continued to explain the details of how he stabbed men or faces to draw blood for lubrication while he molested the dead body to get his point of view on how the child had fealt i listened to this story several times a day as the man boasted about his actions"
0,im looking for advice to try to help a parent that she is going through a very ugly divorce with her husband who is trying to get exclusive custody of their three-year-old son hes dating a woman with a drug addiction problem and a criminal record he met her three weeks ago and took their son to sleep at his unknown residence from my parent until recently this monday he told her hes asking for divorce
1,"he let me go anywhere without him and when he forced me to leave, he calls me every half-hour and panics and goes home if i don't deliberately answer i don't answer occasionally i'm on the table or i study i understand that the events were traumatic for tom i recognize that every time i go to a follow-up medical appointment he's afraid i understand that the fact that i continue to take medication scares him"
0,"so today, it was me and my ex-year-old sons she left me a few months ago we talked here and there but the marriage frustrated each other anyway long short story i didn't do much with her at the end of our relationship i was just so tired of all that i was depressed and at the time dealing with ptsd that i had no knowledge that i had any contact with her two weeks ago passing through my mother for my son today we finally spent it together to shop for her birthday we laughed that we just had a good time together that we didn't have for the longest even when together"
1,it's not really safe for me to drive i can't even work enough to go grocery sometimes it goes into a real panic attack but not too often my husband recently banned me from going anywhere alone unless absolutely necessary as working is this something a service dog would be useful for
1,"without my drugs, i can be unstable a few months ago, i stopped taking them and ended up breaking my hand because i don't have any real education except high school diploma and i wasn't smart enough to finish community college as useless with mathematics and science and all i needed to finish for a general degree all i seem to do is exist and it means a burden for all those trying to help me and right away drag my partner down i just need help to find what to do so i can stop being heavy and useful and have a goal again i don't really know what to do anymore but that's all i have to try"
1,"when his abuse at the workplace, it seems that everyone just says oh get over it and not be a baby there's nothing wrong with you i actually have a woman told me that my husband's behavior was completely normal and that everyone is acting like that i was shaved i don't know another person who goes through shit like that at work or who acts like that wtf they just want to brush it and nobody has nothing to do with it"
0,"use open questions to avoid making the other defensive person if you want to avoid argumentative answers, it is better to ask questions that invite them to speak honestly how this style of questioning allows them to know that you want to be able to understand certain facts in order to achieve a consciously lower solution your voice"
0,we have dinner we have drinks and i agree to try again i mean here i never had this kind of behavior before when ive broke up with someone or made them break up with me even if heart broken ive has always been done so i don't know what disconnection is here it was a little over two weeks now we've been seeing each other again
1,given the diagnosis that she refuses to take her prescribed medication which is a cause of concern for me as when she is on a low she tends to be very apathetic and rude in response to the conversation or ideas of things that we can do we live together in a house with two other people we have our own space but the common area is shared she has expressed that she does not like the situation of life but the fact that it is cheap and we are all locked in a lease prevented me from making changes after our rental is i want to look for a place that both of us as but i fear it is all for nothing
0,we were quickly involved very romantically although it is online after a few months we decided to meet then i with the graceful help of my parents booked a flight to visit it in germany my father insisted to come with us met and things quickly became sexual it was my first time to be intimate with anyone my first kiss etc.
0,i met my ex-husband years ago and together we raised my daughter we separated a year ago although the wedding didn't work we continued to co-sponsor
0,i never had the idea of talking out loud about it and drowning all the rest of the bump.
0,"she replied most of the time trying to get out of the situation, but several times he asked him to work late or visit his office when he knew that no one would have come to discover some of those times he called her in the office and closed the door and felt uncomfortable but admitted that she never told her no she said it was wrong several times but never got up and left"
1,i feel like i'm in a pit that i can't escape from i know i'm anxious all the time and terrified to fuck and i know for sure that the more anxious i am the more i can't concentrate well and think straight and the more likely it is for me to fuck and somehow i just feel like i want to depreciate myself so deliberately and deliberately i want to see myself covered in blood and bruises because i feel like i deserve to edit it.
1,my mother has always been a stroller and is known to give her money without a question asked last night my brother sent me a group message and my sisters telling us not to tell our parents what he's saying and that he loves us very much he says that he started selling drugs recently to earn more money and part of his supply was stolen and now he's afraid that his drug dealer friend will come after him i offered to let him spend the night at my house if he felt dangerous but he refused my offer and said that hell is taking care of it i tried to make sure that no drug dealer will kill someone more than a gram of pot missing that he was advertising on snapping and i went to bed hoping he'd just be scrambled if anything.
0,"long story but a few years ago my fifteen-year-old wife who had never been with anyone else opened up and told me that she fantasized a lot about being with other men and that she considered herself somewhat polyamorous i was upset and it took a few years of us to discuss it before i started to feel more comfortable with things that we finally started to sweep only once every two months and always the same room that it seemed to be a way for us to explore this part of her together and it ended up being a lot of fun and something that really enjoyed me that brought me closer even though he was a couple of years and ive felt happy and comfortable with where we are, but i decided to ask my wife the other day and she said she was happy but she also wanted to go out with people separately and would be willing to try if i was really hard to hear."
0,i was working in a work pool when he kicked me out of his mom's house once i ran out of money and didn't get a job a week from the work pool i went to the street to some home friends he introduced me to too much summer here weeks they are alcoholics
1,student loans and im live a miserable life but im work as much as i can without feeling dead inside but i have to pay them in a week or they by default and i don't know what to do i would seriously do anything for anyone for money to help me keep my head over the completely miserable water and im try but ive was even more depressed than normal and i don't know what to do i feel like a heart attack is on my horizon i spend the strict minimum i starve or drink a hundred soda for days out of the week
0,this is a first person group so you need to be the person with a disorder to participate to join our url site or consult our instagram url we believe that we are stronger together that is why peer support is so useful and important care when you need care for others when you can if you are below you can find a link to our server on the site and instagram zen
0,"so, about a year and a half ago, my best friend was apart from a somewhat controversial car accident in which he ended up being convicted with a crime even though all the evidence indicated that he wasn't in evil it was a difficult thing for him and his family to spend both financially and emotionally the case was finally settled about a month ago and things seemed to look up nights ago his younger brother ended up taking his own life it was a completely devastating news for everyone that the new him was"
0,"i said the same thing because it's true the days and weeks that followed, we kept hanging out occasionally and kept in touch when she wasn't in bf in another city than randomly out of nowhere no answer a few days weeks and now about months i called texting for about the first weeks to see what was happening that just stop trying"
1,"in the meantime, this girl wrote to know what time he was there, but he didn't answer the next day when she asked why he didn't answer instead of telling me that he had been seen making up a story how he got stuck in driving someone to the airport and then followed with me to see you more than anything at this point i royally panicked and he said that the reason he invented the story of driving to the airport was because now that it seemed like he was committed to attending it would be easier to find an urgent non-negotiable reason why he couldn't do it rather than look like a jerk who gave up the last minute for something else that came up without giving another understandable opinion i'm buying it because when the girl called me nothing was going beyond friendship and they hadn't ever talked to herself with a new relationship that's why they hadn't spoken beyond simple texts here and then she wouldn't know why she'd just come out here and explain to me why she'd never talk to herself with a new relationship that's why they didn't talk to me until then she knew that she's just going out here and then she wouldn't know why she'd know"
0,be prepared to contribute reasonably b calmly with the neutral to negative vocabulary and the innation express dissatisfaction with certain behavior action or result of the action and politely ask not to repeat the same behavior action ensure that the particular result does not repeat ensure that the message was audible and understood and if necessary still calmly repeat be ready for the reasonable calm discussion in case of decline c harsh sudden expression strong of dissatisfaction
0,"it was only thanks to some wonderful friends and strangers here on reddit that i could pay our electric bill but in doing so, we emptied all the money we had in our hands and once we used the food we had from the food bank we can only go here once a month we are now totally out of most things right now we can't even do laundry because we don't have the neighborhoods but it's a smaller problem compared to no food if someone wants to help my sister and i made a wish list that includes any help here is greatly appreciated amazon url"
0,apart from being drunk i'm a horrible person if i should apologize bf tldr thinks being called a funny lady is an insult and emasculating i don't agree what makes
0,"can you contribute to your history alongside other people who have experienced healing? i am developing a platform of storytelling and mental health with the ultimate goal of curing a museum of soul relics exhibition is a platform for people to read and tell mental health stories through objects that help them connect or express to a present or past experience they have had with their mental health. it is a unique and creative idea to help people make themselves known and share with others what mental health problems have been for them and a safe and constructive way to read other experiences while being brave enough to share your own experiences together, we can create a collective voice in mental health awareness and education."
0,i didn't know this subtitle until i was directed to him initially had posted in the resistance and only received a handful of pm hello ive had a room in my house that ive used in the past to house some friends who didn't do much economically while i found them a job most of these guys work in the field and once i got them on the microsoft they had their own place
0,ps i forgot to mention and i don't know where to put it back so it goes his parents have big houses that i live in a room small apartment one of his brothers lived in his parents' house and left last year so we where the repair it was a complete mess we had to spend a lot of money for it to be habitable we had planned to move before christmas but i put everything on hold for her thesis so that she could focus on what she said a lot of times that my apartment was a big problem for her because it was so small and when we moved to her parents and home we would have a great improvement in our relationship and our life
0,my phone is a prepaid phone via blank mobile but that's the only way i need to communicate with my doctors and lawyers and with my workers benefits being cut off i can't afford the money for the ive phone card have tried to sell all the value we have to pay bills but i haven't been able to find enough foot my cell phone my phone will be out of order and if someone could help id always be grateful thank you in advance
1,you can see the details on my url right update and here's a link to the github url project so im beg you here literally if there's someone out there who would be nice enough to give me a second chance to fix my shit and finish my degree if you could please consider giving me financial assistance via my gofundme url im literally need help here and i don't know where else to turn other than people like the internet looks
0,"so i have a buddy who still lives with his father-in-law, his mother and his brother, a long short story, i just found out through him that his father-in-law hits him and sometimes his mother went out when he was drunk with other behaviors when my friend gets drunk he likes to aggravate people until they try to beat him and until recently i just thought he liked to fight but he told me that it's because his father-in-law hits him so fighting gives him a strange sense of value"
1,i'm going to go through a book on a topic i want or need to study the research he thinks about how it's going to be then when the time to study comes to think about something else sometimes i spend the day thinking about this hardcore im gong workout to do in the evening and then i spend the whole workout thinking about something else sometimes even when im talk to people i like i realize that my mind is going to wander fact that anyone feels these things you think it's related to anxiety or i have adhd or something else
0,"i knew they couldn't really do anything, so i didn't want them to worry about nothing, but about the stigma of mental health and as a guy who makes it more difficult too, i also have a sister i've never been very close to."
0,i never looked for a man to make me happy or be my knight in a brilliant armor but he found me anyway and yes he saved me mostly because i left him and in case you would ask yes i'm happy in love life and in myself maybe i was a victim once but i was no longer a victim i chose freedom and security and i hope any woman reading this is brave enough to find these things too.
1,not to be able to drop the fact that i let it go on for so long and even the fact that in my heart i always care and want it in my mind i think so only or what if but i know that these are facades i know that it will never really be open or honest about who it is or what it has done i must forgive myself for letting this take my life my heart my emotions i must forgive myself for not listening to my intestine and my intuition
0,"years ago when i had arrived that the day when everything changed for me my mother was a first speaker, she was a social worker in the city and volunteered with the red cross the next day she spent months on the ground zero some of my first memories are of the fall of the towers"
1,i go through times when all night i have nightmares and i can't sleep because of them these periods last weeks or months at the end and then stop briefly three years ago i was on a medication that helped with nightmares i can't remember the name although it was a really old 50s blood pressure medication that they gave the soldiers back from war and they realized that it helped with ptsd too but it made me so tired
1,but now it seems that the contact will be forced on me about two weeks after the break-up she contacted to tell me that the hangar got an interview at my company we both work in a fairly specific industry and there has always been overlap with our jobs apparently my company wants to put her company out of business recruiters have robbed some people of her work and i guess she was next on the list
1,"i finally started a new job seeing a new psychologist and i have an appointment with a psychiatrist my new doctor has seen me twice and has already changed my diagnosis i to ptsd which does not only correspond to all my symptoms, but includes some that i thought were just part of my personality, but since hearing this ive really has trouble accepting the reality that i have to do with i have vivid and disturbing nightmares i wake up soaked in freezing and crying sweat"
0,one day he'll piss them off and the shell gets killed she lets people go in front of her online if she has more items than they let people out of the junctions even if she runs late in the places eventually holding open doors for tons of people and can be stuck there for almost a minute abandoned her seat on a bus once when she knows i have a bad back and likes to sit down
0,xb here are the skills that you don't realize you have that you can use to succeed tomorrow xb now maybe you already know that you have some skills that few people have but you see them as negative because that's what happened to you in the past that made you learn some behaviors and adapt some way of thinking
0,"it happened at the fall of i was getting off the bus and a boy who lived in my neighborhood was walking to his house, i rushed and attacked him as we did many other days before we were still fighting to have snowball fights today was different"
1,i'm afraid of everything and everything at the same time i'm afraid of what happened or what could happen i'm afraid the world the earth the sky the alien stars human animals what fucking bullshit that happened in my head that makes my skin crawl i'm afraid of what i am or what i could become i'm afraid i could go crazy or fight that i could become boring or normal or medium or weird or a hippie or a stupid hard head
0,i have it for mg twice a day i also took trazadone one night and felt similar effects of klonopine buspar a lot in terms of withdrawal i think maybe collect hcl lornithine and glycine for sleep quality to see if it helps i would rather stay away from pharmaceutical drugs just because of possible side effects and withdrawal problems
1,if i sighed that i made a plan today to bring my suicidal head from an ass to a hospital for admission to a psychiatric service my ptsd was triggered when i was in the ambulance so i jumped out the side door they chased me into an alley and found me hiding behind a police truck involved more triggers ptsd but he was nice and spoke french what comforted me a little bit
1,she gave me a pm curfew even though i was in my s and never gave me a key she didn't choose all the little things i did even though i tried so hard to be a good guest because i thought maybe that's why she didn't like me when i was allowed to come here i have to bring my own food and blanket when i told my mother that i was in such a bad mental space that i thought i was going to kill myself and not feel safe to be alone she said i couldn't come.
1,"i really have access to a bit of money where i think i could pay at least part of what i owe, but honestly i don't even know where i can get a number for the debts i have to i'm afraid to start even for several reasons i'm worried i could really be in legal difficulty about it i'm afraid to ask for help from someone who doesn't understand my situation and will just be totally horrified about what it's disorder and they'll be mean to me are there advice resources available for me i'm not looking for a document i just need help to go through the steps of what i have to do to solve this"
0,no matter what didn't last a long time maybe half a year i released this apartment and most of my stuff i kept some boxes of my military personal effects stuff but few other look back there were some signs of emotional manipulation here but it was subtle and you know how it is love is blind we got engaged it was quite the case
1,"if i've experienced so many things, it's easily the most difficult break i've ever had with my other relationships, i broke up with my father who had problems with anger, financial problems, problems with drugs and alcohol, depression and anxiety, and unsolved feelings of a gf who died in a car accident the year before he met me, but his good qualities where he was attentive loyal attention gentlemenly and support is what makes me miss especially his farewell text"
1,"i manage a person who is young at the end of the 20s but when anger acts like a child who throws a tantrum that is an annoying brute, she is well connected to my workplace then gets a lot of support from her friends to whom she talks and presents to them this alternative reality about her version of situations that is problematic because she also needs disciplinary action due to bullying behavior towards other staff clients and myself but any movement towards it leads to a tantrum she presents herself as friendly and sympathetic often victim of the situation so people believe that i suffer from low self-esteem anxiety and depression so it's a nightmare for me"
1,he couldn't understand why i was mad at him when in his mind it was me who was abusing because i couldn't pretend to be sleeping with him what made me a bad girlfriend because i wasn't ecstatic to always have to assume all the responsibilities and essentially take care of him as if he were a child he constantly told me that i was just playing the victim when it was really him who was the victim i was the wrong person in the relationship well fuck you
0,"i had an anxiety crisis when we came home, i told him that his behavior towards me was unacceptable above all as my future husband at the time, he had to put my comfort and well-being before any other considerations as i did with him, he listened to abundant excuses and we had no other problems with that until today"
0,"all of a sudden, all the hatred turned against me often before she cried out for her father that she called i stayed calm but was totally without idea what to do she started to break up with me telling me that she's going to spend the night in a hotel or somewhere on the street i shouldn't come to see her at the hospital next week to make me sing basically"
1,i didn't say i didn't like it that i didn't need that long short story something turned into my head over the last two weeks and my libido is very worrying back so im not sure what to do with her lol so we had more sex in the last days than the previous years but it's still a lot for him i don't know what i want and i don't know how to ask what i want him to have been so scary since i considered sex as something he actually makes me nervous
0,new things that i called the movers last week and told them to pay back both the deposit and the warrant and gave them until this monday before i filed a criminal complaint this morning i called both the billing service and my moving director guy to tell them that the money had still not been returned the billing service hung up on me and arthur the moving director told me that the billing service had not actually hung up on me i told him id to go to the police
0,he went from a short redhead skin with orange hair to a clumsy boy into an apparently powerful tattooed big pierced ginger i thought i always wanted from the moment i was i thought he loved me i didn't know why but he often told me on the phone through the letter i was the girl he thought he could never get that i was out of his league his words
0,my ex and i for years have separated and he fired me and got me fired by saying our problems at work we worked together so they chose to keep him and fire me now i am weeks without work but i think i will have a new job next week thank the lord i have dollars in my name and i just need advice on what i should do to survive until i have more money i can't believe i'm even in this position in life
0,if the homeless who choose this life are happy or do it to have fun please let them be this evil for the rest it would be such a bad thing if someone could choose to live happily freely without care without social constraints impose restrictions that powerful greedy adults impose on the rest pray to watch our adults damage the environment of other species of degradation of this world humans have created in the workload in the sequel of the technologies the debris providing us with more useless goods why not allow some homeless people to remind us of the simplicity less is in the living life that the homeless who choose to be as free as birds without caring for the next day or live without care as the little children have said the jewish guy who is supposed to die on the cross
0,he tells me he loves me with his smile and his arms stretched out every day i need to be a good mother for him xb thanks for reading i've been holding this for so long and i guess i just wanted to be heard
1,"he goes into the room and we only have one car, he has to take me to work he's just sitting on the bed and i have to be at work literally in a few minutes i live near my job i said come on you will make me late and he said well find the car keys so i started to look and then he found them honestly then he was just running and yelling at me and i granted what he was saying so i don't even remember"
0,his career financial stability makes sense his logical family his friends ok to be saingym and cooking and cool sleep time a hobby we have
1,the thoughts that have poured into my head theses these past few days are terrifying i wonder what drives my car on the side of the highway would feel like the relief that would come to the end i feel so desperate i don't want to feel this way anymore i would like to have a gaping wound so that i can go to the hospital and they could fix me
1,i don't get the resources of the go and im don't get a better wartime service connect disabled for ptsd ive have been expelled from the mhicm range program because im don't make enough progress magically not get better i currently i act therapy but its not helping and goes here can offer talk therapy so they sent me back to the veterinary center after about six months there my therapist told me that i was too depressed to help
0,it seems that you never see people trying to complicate mental health so i woke up this morning and i decided that i could try to take a step to start simplifying it making it more human do not hesitate to contact me and tell me if you think that one of these is talking to you to feel free to share this brain diet guide to someone you think might benefit from his time to stop talking about ending the stigma of mental health and actually start talking about these things more like his visit to the dentist
0,i currently have k in my bank account i have k in the credit card debt that reduces me k i have no incoming cash flow other than the tax refund that i have not yet deposited for the worst scenario i can draw from parts of my kroth savings that do not amount to more k but obviously there are tax penalties associated with that as well as have some restrictions due to continuous expenses like car payments food insurance airbnb etc i plan to have no money in my control account in about months
0,but it can be done with any white van also seen taxi logos on small vehicles work just have to be creative and smart and think about what companies start early or work all night i see messages about building trash and it gets hard in a small vehicle i slept with my girlfriend in a hyundai sonata for months
1,shortend is my brain uses physical troubles like seizures because my brain has had enough and has annoyed about what i have these events where i darken time stops or goes differently for me i flashes seeing things not there and that kind of night the girlfriend and i walk and i see the sky light up and hear screaming
1,"i used to take sleeping pills that had a bit of anti-anxiety medication in them, but my pcp drug tested me and because i had been found to smoke grass for my ptsd it was either stop coming their sleeping pills or grass i chose grass mainly because i was angry they drugs tested me for one but also grass seems to do the best for me now imp regretting this decision i guess i need a new pcp anyway it's a reddit until i don't feel like a deer in the lighthouses sort of night then whoopeopee"
0,the survey will only take a few minutes and all we ask is that you have at least years and complete the survey only once we hope to reach the answers but the happier so please also spread it among your friends and family feel free to comment below if you have questions and wrong try my best to answer here the link url edit already posted this to rsamplesize but if someone else knows a good money to send this please let me know
0,"i guess their sons were crossed, he meant that he would let her know whether it could or not, but apparently she took it as confirming to him that he was going, but that he would let her know the details of what time his christmas party was going around and he asked at the last minute if he and i could spend together we were still a little new at that pt only a month to go out i accepted"
0,one night i stayed up late with my uncle watching movies it wasn't weird we were going to watch disney movies all night long in the summer like i said he was my favorite all of a sudden he decided to propose something to me i was six years old i had no idea what that meant
1,my mom noticed and she started yelling at him and they started having a hot fight i wasn't so old back then so i didn't have a phone from my mom had such a good and he was sitting on the table and had his back pocket and was a little away from me so i ran and grabbed my mom phone i turned my back to him and tried to compose but before i could be caught the phone from my hand and put it in his other back pocket
0,the langar escapes from the given food money and volunteers it is a great place for food and soul malnutrition i do not mean religiously i just mean the connection with other human beings beyond the physical being homeless is very harsh emotionally and mentally
1,ive stood up at night hearing them talk quietly about things they can't pay for right now trying to find the order to deal with debts what they can do to do this christmas feel like normal the only thing i know right now is that i don't know what's going to happen next i don't know where my father will live if he has to sell what he and my mother have worked so hard for the years i don't know where my brothers and sisters and i'm going to go if we're having problems i don't even know if my family will be able to afford any kind of funeral now
1,ive tried not to trigger or stamp on the instinct to just leave the place and be silent even with that i couldn't even really keep a catch and had some difficult days when i just wanted to stay isolated from the world and disappear in my mind and try to heal me and it's not working i struggle to sleep sometimes and i struggle with myself is worth being comfortable with myself because i don't just see myself as someone who is important to other ppl im really not sure how to do with it also im doubt if i should tell someone because it couldn't have happened well and it couldn't have been so bad
0,things are awesome in my life work personal relationships and then i get a friend suggestion on facebook to see if id like add someone from my past my worst ex boyfriend for years recently joined fb i was able to block it because it probably used a fake name i stupidly visited his different page hes
1,"im fear im will slip the next time i get in the car or on my bike and just plough in something at full speed just because it would be so easy and it could end all the pain, but then i don't want to do that because i have a safe car and i'm wearing complete safety equipment when i'm driving so it's both maybe i don't have a gun i find my thoughts astray to use just one if i've had one to think about places i could actually buy one walmart sell in california"
1,"the real irony is that if my father had told the truth about the car that he would be at home plotting his next plan but instead, he lied and was taken because of his arrogance the problem we are facing now is that there's always the chance that my father could sign the documents and they let him out of hell probably the money from the hell of his youngest uncle brother to pay bail and then we have to fight with the possibility that my father has something else planned to get us what he's probably doing because it's his concert and his only goal in life since his great revelation after the pacemaker was put in my father can't talk to bart or dandy because they're witnesses and he can't have any communication with my mother or myself and my brothers are planning to get a restrictive order of one kind, but given how my father's working won't be sure that i'll protect us from any harm that i have an appointment with the doorstal doctor this thursday will probably not be able to get the situation right now, but it's probably not safe to get my situation right now, but it's probably not gonna be safe,"
1,i walk to the door unlock it and open it his k with my boyfriend standing in sight i ask him what he does here he says nothing but to look at me with that empty look then i get this strange feeling of intestine and ask if you have drunk in which he shakes his head
1,start worrying that im doing something really bad now im is wondering if i should even try to talk to him more or if i should just block it and move on to what you would do in this situation tldr i think im get ghost by the guy i love and now idk what to do
0,"i ended up accepting what i've been through by realizing that i didn't do anything to deserve it, it's just a bastard but he remarried with a woman he was with for a few years last week and now he has a new family that they seem really happy and that i know he doesn't abuse them, i should be happy for them because that means that he could finally have sorted out, but i can't help, but i think he's the same person he was and i actually deserved it, i know it's not rational for me to think that, but i can't help him."
1,a someone else has faced this anxiety for years depending on what you mark as the origin of it and in recent years ive has tried every non-medical solution google came with my portfolio permit ive thought very long and difficult to seek medical help for my anxiety and finally did this week honestly there was a lot of support and encouragement to look for a treatment of people that i talked about before the doctor i saw was surprisingly i had no idea how to approach the topic and i felt comfortable discussing my concerns from the moment i opened my mouth until i left the office
1,we talked about it before and she said it's not like that and she cares about me a lot and all that but at the same time this kind of thing continues to happen i really feel that she cares and doesn't want to neglect me but it's just frustrating if i keep saying something bad looks like a bad guy trying to ruin her friendships which is not what im trying to do she's going to tell her friends what i'm saying and they're probably going to think that im trying to get her away from them girlfriend has trouble balancing friendship and relationship
0,"i think my friends who broke up are soul mates, but maybe they're both in the lead of a second best option very long post please read only if you're interested in complicated realities and maybe take it as a short novel that i have friends who came together when they were inseparable from instant soul sisters i know that they imagined their whole life together almost immediately never even think that they can break up for years they were the best couple i know not to respect each other greatly and have a higher connection"
1,"i don't know what to do anymore, she doesn't want help, but i feel desperate with her and i'm afraid she's having an impact on our relationship. i have my own mental health problems that i'm actively dealing with and i just want her to see that her problems are affecting people other than herself. my mother has mental health problems that are not answered."
0,i just had an email to schedule an interview for a job i didn't hear from the lady a few days after thinking it would take her a few days to understand the time for me to enter and send an email nope she called me on the phone at home instead today i didn't know because the caller id said cell phone call and usually i don't answer those calls because their scams later i looked at the number i have an application that indicates if his scam number which company he is fixed etc.
0,i clearly hold him to such high esteem that i would not think of this stupid but apparently people are if anyone is wondering why i don't know it i thought i wasn't clear in what i was saying and thought that if i told him frankly that he would understand and leave when i kept saying that he wasn't listening for any reason i thought i wasn't communicating clearly or i was too nice in thinking that it turns out that the attackers are doing this thing where they don't deliberately listen to the people who call them
1,i'm always afraid of when it's going to happen next and i'm so scared that i'm going to have an embarrassing reaction to what happened today and i was able to play cool for about a few minutes and then i spent my lunch and cried my eyes out in my ive car had really bad flashbacks all afternoon and at night i really would have liked it not to happen to me like that my day was seriously ruined by a harmless farce
0,vtn is inspiring and amazing in their work focusing honest dedication to the health of our veterans in canada is their resource page if you are a canadian veteran or mount you can get on one of their programs please contact them or brian or me and i can get you in touch with those who can connect you to nbsp drug therapy
1,i force myself to move forward i'm ridiculous because i still have ptsd i feel like they're so out of line im all over the place just someone please help
1,i want to talk about it because i don't have a support group and my wife can't handle much more my uncle lives very close to me in nh i want to get a news station to take my story but they say it was a long time ago i'm going to post more under title username my hope is that you're going to read this comment and maybe it happened to you
0,i ended up sleeping probably around the morning during the night i had many strange dreams on the edge of nightmares i woke up naturally because i always make my alarm is ready for the morning so i always had hours to sleep i tried to fall asleep and for the following hours i drifted in and out of sleep continue to have weird dreams when i fell asleep
0,id love to but i already have projects this weekend i'm going to my friends' home we're going to play on his new game console that sounds like fun too
0,i feel that i can be this person for my girlfriend since i love her but i don't think i want to sacrifice my happiness for that i just want to have a simple life and find someone who will have time for me i didn't grow up in a loving family like she is not always about money i grew up comfortably but there isn't much love in the family i grew up in if money isn't important to me
1,and i woke up it took me some nurses and some kind of shot to calm down when i woke up and i had to lie down there for an hour in the recovery room by myself they then put me in the maternity sharing a room with a mother who just had her baby the second operation was a few days later because the operation was incomplete i discovered when the part of the baby came out and i slipped on it in the bathroom my husband found me in a pool of crying blood on the floor
0,next sick get pleasant and comfortable and ready to sleep in a position where i can feel my heartbeat then badly start to listen hard for my wristwatch at the beginning its difficult to hear because your mind focuses on your heartbeat but after a little time you adapt and your heartbeat stops being the center of your attention works for me really well and ive was able to fall asleep in any position since the hope that it works for some of you
1,i start a full-time job during the summer and will be financially settled from june may be very difficult for me my rent is i have other bills as well as the purchase of groceries i can pay the rent but will be without money for weeks after i will be unable to buy food or pay my electric bill if someone could help i would be eternally grateful to feel so bad asking anything but i don't know what to do
1,she wants to live from these and cut off on everything that even her own connection to her family if necessary my plan was to go back to our parents for a while until we win a little better or find a cheaper place but unfortunately for her it's not an option she's afraid she can't go home because she's already changed her job and is afraid her mother will accept it back home she blocks every attempt from mine to bring the possibility of coming back
0,so i chased him to go out drinking with our group of friends a few times and slept with him early we continued to sleep with the other and i guess he fell into a fwb situation although he wanted us to be exclusive and we were at first it was mostly getting out in the bars and i came to his house to have sex we were really good and there wasn't just a sex thing but it seemed he wasn't going to turn into a relationship and i agreed with it mainly because he didn't seem really concerned with her.
1,i feel like im is going to go crazy i can't stop crying or wanting to get my hair out or screaming i can't stop shaking im on the medications for anxiety and they help some but not much and often in the end i don't know anymore
0,"i feel really guilty, i know that part of the problem may be how much i've been repressed and i've got the cant, but i don't know if i feel exaggerated so much i haven't had nightmares and my flashbacks don't feel like flashbacks as much as regressive anxiety states i can think of the trauma i've been through and talk about it, but i don't mind."
1,it is not allowed to show up and cause such a scene and it is certainly not allowed to talk to a child like this disabled or not if yes im move my brother has panic attacks now it should not be afraid to be at home the only thing is to find a home on so short notice turns out to be very difficult we have some defects on our history of renting past problems but have got a much better place since then
1,"i will try to keep this as short as possible we met months ago and it was instant chemistry we fell in love pretty quickly and we used to talk all the time about the surprise we were to our feelings and how we never felt like that before anyway it started calling less it would always drive the few hours to come to see me but the communication between us seeing each other was not always sticky, but we used to talk on the phone several times a day it turned into a minute call"
1,"i'm having trouble connecting to it on a personal level, but i don't think that a healthy separation from the past makes me think that my current concerns about image problems come from traumatic experiences, but i can talk about these things quite openly in a way that seems to me repeated i had a panic crisis where i felt terrified and unable to move to my psyches last tuesday, but which is not typical for me at least more than i realized that most of my recent panic attacks can be breakdowns because it is not accompanied by a feeling of fear but emotions that i could not release resulting in a sudden loss of control i started to hyperventilate screams and unleash all that pent until i feel detached from my emotions and have no control starting to throw things away or hurt me until i am not exhausted and suddenly closed apart"
1,i don't trust anyone especially myself i get fucking crazy i really feel the only conclusions of my life currently the psyche service that after being involuntarily admitted in january and paying around k for that day where no one gave a shit about me or even tried to ask me more than questions about my mental health one day is no longer an option i can't take the job indefinitely because im a sake basket
0,"not quite sure if it really belongs here but here there will be diagnosis of ptsd due to many traumatic cases in my childhood, including psychological abuse emotional physical abuse sexual abuse intimidation etc. i have the best so that anyone can ever ask that he is extremely patient and understand his father on the other hand is a very complicated person wrong call him p when i met him p it seemed pretty shy but very nice he likes to offer gifts etc to people around him"
1,my heart races and my hands start sweating i feel immediately as if i needed to pee and then worry as there is no bathroom in the train at least the unknown is the problem here how long i will be trapped i know that it's stupid i know that i'm fine i know that we're probably going to move again soon but it's the constant what if that triggered me looking around and everyone seems perfectly calm maybe whispering at the expense but i'm caught with fear i hate it
0,but sometimes i feel bad that he has to see me freak out or flashbacks when i faint i feel bad that's why im will do it im will be better
1,i was completely alone when she felt the cuts on my wrists in the dark at night she asked if i was cutting i said no and she never said anything again i could go on and i think she really believes that because i'm an adult now that all the shit i've been through is my own fault
1,"two days ago i packed all my clothes in my car and i started living out of it i sleep in the parking lot at work for hours and then spend the day at starbucks on the internet and load my electronic once thursday rides around me i will have what is not as much as being able to afford a place to sleep if i become good to live out of my car in the next few days i could just use some of that money to invest to make it easier for myself i really don't know why im post this here, except that living out of your car is a pretty lonely experience"
1,i wish i could go back and just not fuck so horribly i was begged not to go out on that date of tinder my friend was raped out of tinder and told me that all the guys want to be sex out of tinder i had talked to my attacker and told him that i didn't want to be touched and he agreed with her and seemed perfectly normal im so stupid
1,hi my partner is a survivor of dv after years he eroded everything on her and mentally abused her mainly throughout with sexual elements towards the last years she is beautiful the most caring girl in the world and so beautiful but it's not as easy she likes some drinks at the weekend and the drink brings out a different girl or maybe her real girl im not sure that this girl has sharp flashbacks and they are pretty rough she also in therapy and that is hard to go as well as her popping the plug on all the anger she has bottled over the years
1,the worst situations were to force me to make a statement i knew was wrong in order to allow me to prepare for the work becoming sexually hard and chasing me in another room to force myself on me and rages where ive felt threatened these things ruined my trust and love for him over time the controls and double standards that are in place are extended so why i still feel in conflict from i guess i need an extra push
0,i'm not sure if it makes a difference but my mother also had it for a while when my father died if i'm not sure whether it has an effect on me or not i was just wondering if someone could confirm or deny that it's ptsd even with the fairly limited information ive provided even if it's not really serious i would still like to know thank you in advance and feel free to ask questions if you have a jimmyjuicebox
1,it was his birthday a few days i wished him a happy birthday because i still worry that he sent me a text saying that i made his day he ruined mine now that i sent him a text that i opened that door again
1,"he asked for a disability, but he is currently waiting two years to get an answer before telling me that he wants to work, but he can't because of the pain he suffers from walking being on his feet too long and a fine that he could face a disability to apply for a job when he asks for a disability, he currently has no bank account or other means to collect money, he literally has only the clothes on his back, i am currently unable to support him fully because i live across his country and am not able to rent him a room about a month with my own expenses and all the extra expenses he might need."
1,"anyway, i don't see anyone who really loves me my mother told me honestly that she loved me a few days ago and i had trouble believing that i hate to decrease her own thoughts and feelings, but i felt as if she was wrong so she could love me with anxiety sucks i would like to be able to look at things rationally and objectively"
0,hi everyone im studying at the university of maryland and im working with a team on a product design project my team and i decided to focus on the idea of well-being by putting particular emphasis on the well-being of hospitalized patients if you have ever spent some time in a hospital we want to hear from you his short survey and would greatly benefit us by taking in return and remodeling our product thank you
1,"a few weeks later, i discovered that he had had a long-term girlfriend all the time that i felt like an idiot when i found out that he had contacted me last month and i told him that i knew that he had a girlfriend all the time and that if i saw him again i would literally break his im always angry nose about it im in anger that he thinks he pulled one at me and that he got away with it."
0,ok ok ok ive was dating a single mother with two children from two different guys who help she was married to the first for several years and has a year with the other ive never had any children myself she is very involved every day with a lot of people who have been separated from her life and previous relationships
0,it's also frustrating because i finally got the kind of help i expected from the family and beyond a woman i met while i was pampering this summer thanks to a stranger that i finally got mental health help i got my corrected benefits i got a job and i have a safe place to sleep out of the rain or snow i have somewhere to leave my package and the roll of bed rather than transport it around me i could probably ask to store this kind of stuff but it seems so sanitizing to ask for more of that woman and all the more so since her extra supplies for my dog i don't really need i can't understand why even the strict minimum is too much to ask people who are supposed to take care of the most
1,it became two sides of me i struggled within myself on the one hand i wanted us to build a life together to live this love and the relationship that i made most of the days of the other i wanted to absolve myself i obsessed with her
0,my sister lives with her son and my nephew of the year a few minutes from me a few days ago she asked if she and my nephew can come by next monday friday with me because her son is going out of town and she doesn't want to be in the house alone without him they live with her family so i guess sometimes it gets uncomfortable i say ok i'm sure i live in a studio sqft but i have a couch pullout in addition to my bed ive summer with my son for years and about months ago he informally moved in with me unofficially because we share bills and all his stuff is here but her mail and what's not going to his parents where he lived before
0,i started working on a youtube series on adaptation and healing ptsd using motion therapy to find flow hooping is my take i'm super excited to share this with you beautiful very wonderful survivors so please share this with any other you think might benefit from this series wishing you well until next time can peace love and light always be with you enter journal january url formatting
1,i realized that in my greatest moment of need no one could be there for me despite the fact that i looked for him and first met friends who talked about questions before my heart was broken to find me at once a second time that i realize that i don't have friends for me people have things to do in their lives and can't always be there for me.
1,she's very sweet and i love her immensely i can't leave her where i'm currently afraid of being neglected she's very attached to me i'll have no choice but to live in my car for the foreseeable future that leaves me with the question of what to do with her i can't keep her locked in my car all day long
1,i lose my place on the th and creepy i'm not sure what to do on the phone just been closed and the funds are exhausted the emergency funds that i had now left as my apartment was recently broken in i don't have a family and i'm really at a loss here at the vegas i feel like what might be better for me is to go back to dad from where i'm originally but without money to pay for the plane of the vegas
0,"i found the situation weird at first, but because he was drunk it was ordinary he was sitting in his truck just looking at me then later i heard something hit my hard rv and out of fear of my life i rushed to call the police he fled and the police chased after him not to my surprise he talked to them and entered again the next night, but this time i was at home he broke the door and threatened to kill me if i called the police again"
0,"i love her when she's good otherwise we wouldn't be together, she says she doesn't mean all these bad things, but then she does it again thinking what i can do and ive proposes the following idea, she's right a university student if ive has designed a notation system to manage the aggression"
0,you will have been given a piece of the experience of life most people will never grasp from you will have super-force emotional things that throw the others completely balance same phase as you have tasks that you have not had the courage for may now be a little easier you could soon find yourself being watched until more than before
1,now i know that everyone may think it's suboxone but it was or at least one of the things that helped my anxiety if i admitted myself i'm afraid they'll admit me and make me go cold turkey i'm unemployed and looking for a job i live with my grandparents in a year man
0,"one night after going to a club, we go back to our friends and we huddle next to each other, she shakes her fingers in her hand and later in the night, we turn around and kiss, we kiss each other all night, we couldn't do anything more because our friends slept in the same room that we didn't talk about that night until a few weeks later when we went to the bar together"
0,"my mother and my little sister lived in another town where my mother worked and my sister was studying that i was supposed to stay in town until college, but my mother persuaded me to come with her move to change schools and be close to my family she was worried about me a desire to have me near me so i moved but it took me a good time to move around and make friends and such a thing is that i was never made to be here."
1,"i didn't tell anyone that even my family, i felt that i had to protect them, they were already insolved with cps trust me, although they were impressive and i knew that if i brought abuse into our case, i would inevitably send them on an unnecessary path the social workers didn't blame the attacker that they were jumping at the conclusion of negligent parents who were irresponsible enough not to know that it was happening, they didn't know that they didn't know because they couldn't know that i went out for a few hours and they assumed that i was hanging out with my friends at least that's what i planned to do that they thought i was going to school and that i didn't have any education to beat when the teacher got out of the room."
1,"so i told her to let me in, i told her that i was sorry and i didn't want to say what i said and that i loved her very much, she told me to leave, so i spent a day at her house and she still refuses to talk to me, i was worried about it, and i just want to tell her that i sent her messages, but she ignored them."
1,i didn't do anything during the spring holidays except maybe go to work and even then i missed a day because i couldn't cope with stress most adults are excited to tell you that they did absolutely nothing during their break and there was a time when i liked to take a break as well but now it seems that every time i have a break or a day off from work it makes stress worse
0,i thought that a good post for people who get food ebt stamps is necessary in case anyone who receives them could use it for example peppermint and eucalyptus oil keeps mosquitoes away you can buy that with ebt vinigeer is a good cleaning agent you can buy dad murphys pizza with ebt and cook it on a bonfire some ca az states etc you will buy fast food food as captain ds arbys etc with it
1,it affects me for two weeks now and on its combination of terrifying and boring randomly throughout the day i will notice that it feels harder to breathe and i take deeper breaths than the normal incoming air almost feels like it has viscosity to it as the molasses that makes me cough most of the time i don't cough so its dry
0,"she didn't have room for her where she currently lived it had been so long since she was able to create we moved things out of storage in the studio i was so excited to be not only providing this place for her, but to be the one she trusted with some of the most precious things for her i bought her a clay wheel and accessories she wanted to work in the sick environment again never forget the first night we threw clay together it was very meaningful and romantic"
1,his refusal to admit anything has bothered me it is part of the continuing deception when he completely denies all knowing about it i just don't know what i can do with that i think my options are to exceed him the benefit of infinitesimal doubt or leave him on the inferred deception i guess i've mostly let him go but so often i remember about it and can't help but wonder if i'm a colossal idiot is that he's taking me for a tldr walk found a profile okcupid for my husband he denies knowing anything about it
1,what is nothing is real what if everything is a figment of your imagination i panicked and took the couch but the voice in me said that no matter if you take the couch what is the couch is real what if your house is not real at that time i called my brother sobbing and told him to get my mother
1,"i'm really worried about my future because it seems to me that my anxiety always made me leave my job or have problems while i was at school, i can't even travel and work out of the state like the last time i tried i missed my interview and i almost got hospitalized with a serious anxiety trip is a trigger for me i just got out of college and i really care how i can survive the world of work in my future otherwise i wouldn't want to lose this job it hurts and i feel like a total failure thanks for reading"
0,"and i'm not a drug dealer or freaking out something like that, a one-year-old child without a criminal record, so i thought the attack was accidental, maybe it happened almost months ago, i'm now living with my mother and brother because the incident she helped take care of me fed me after i left the hospital."
1,"i thought i did well, but i was very depressed that the weekend was my birthday weekend and he made her unhappy he said that i was a child to think it was a special day i received the silent treatment of him and being drunk and thinking that worthless and doing nothing for him i didn't even get a gift or affection"
0,"although all that follows is true, we both called ourselves bfgf and we mentioned that there was a relationship that we had oral but not yet piv again sex a few times lying naked and had many intimate conversations, including the last time we saw each other we both mentioned early on that we are not currently dating someone else that we both talked about going to specific events and doing things together in the future"
1,but the days before the test were the worst i could sleep the nights in a row and i had to call to work. i had a panic attack and was unable to eat much as i wanted to vomit before the test. my hands were shaking and my heart was running.
0,the current study explores the experience of young adults aged who have already been placed in foster care or have been involved in the department of child safety protection and have stayed with their biological family if you have rest minutes and are ready to participate it would be very appreciated please click on the link below for more information on the operation of the process and how your privacy will be protected thank you nicely for your help as your experience will be useful to guide research and clinical interventions for those in the url childcare system
0,the first six months i made her live in a cage that could have adapted to two rats the following year and a half she lived in a cage that could have adapted to four rats this follows the formula where you multiply the dimensions of the cage in inches and divide it by the result tells you how many rats you can have comfortably in a cage i loved buying her new toys and treats and see how she took them trying new foods on it was one of my favorite things to make the only question is that i didn't really let her out of the cage a lot
0,just a quick update my friend had to be rushed to the hospital because she is a victim of broken ovaries she will need emergency help because she will have to stay somewhere and recover while trying to take care of her dog id really appreciate any help on this thank you my friend amanda moved to north carolina for an excellent job with her dog
0,"i was paired with a girl who, i thought, was pretty on a dating app, i said hello first and she answered that we were going to introduce ourselves and ask basic questions like what we do what our favorite food music and things like that so we decided to meet in real life i forgot if it was me or she suggested to meet us"
1,hello as you can say by the title im concerned by this little girl on the other side of the street she can walk and talk but i don't even think that she is still from what she saw the four years ago lived in this house the house in which she lives is not at all suitable for her as a developing child her parents constantly shout against each other in the street and the girl is vomiting as her mother orders her to get in her car so she can take her everywhere
0,"my colleagues started to notice that it wasn't their happy little teenager anymore, but an old woman quiet and distant face of serialkiller i had become less focused and very subject to accident i was losing my grip and they became more and more worried for me they automatically assumed that it had something to do with me when i wasn't answering them or watching their suspicions were confirmed they told me i had to leave him but didn't say anything and never took this advice"
1,"in the end, this is the first situation in a long time, which caused me to really worry about thinking about it most of the time and making fun of it and today i received the invitation and began to look in the flights and the transport and im submerged im at an age where travelling alone should not be a big deal but it is that i have never traveled alone apart from a handful of hr bus trips in ish no advice"
1,post original here url quick update my abusive ex who submitted his candidacy for the local council was elected friday by acclamation which means that no one has run to challenge him so no election will be necessary and it is automatically the winner it is watered with victory at the time when i decided to run anyway on the emotional and sexual abuse that i experienced during the relationship i know that i could pay a price to speak openly in our small community
1,"every minor detail feels so overwhelming that i feel suffocated and panicked all the time that i imagine others here have gone through something similar, so i wanted to ask you how you survived how did you preserve your mental health and do your best that you could thank so much"
0,i have wish lists because the amazon is expensive on the items so i created a zip code of walmart wishlist also i also have a paypal account the meats are cheaper to save a lot because the savings a lot has chosen for friends and the url family
0,"survivors of trauma often do not need more consciousness than they must feel safe despite what their conscience tells them at the first sign of anxiety or depression traumatized people will get worse in toxic shame according to the messages of injury they received from their attackers, not only will they feel the effects of anxiety and depression, but also a deep shame of being defective or not good enough many survivors have been emotionally and physically abandoned and have a deep knowledge that they were under-loved that they are living with a constant reminder that their brain and body have been deprived of a fundamental human right."
1,he was gonna choke the name of me i'm his caregiver i don't have time to cheat even if i wanted him to tell me that i would die if i didn't tell him that he got away a few days ago and i find out how much i really came to die
0,"i have a health insurance and i know my insurance website has resources to find a doctor, but what factors should i look at when i'm going to choose my nive doctor never did this before, but i think this will certainly help please let me know your thoughts thank you"
0,i got a dog that i got during the abusive relationship that led to my ptsd although i could never prove that there were obvious signs that it was abused by my ex as well she was always very sensitive to the way people feel and act when i have an episode with my celiac disease she's going to cling to my stomach and not leave my side could be a starting point for me to train her to recognize when i have a major panic attack and just stay with me until he passes i'm going to find a dog subtraining to post this on but some of you can have service dogs for your ptsd so i wanted to get your opinion so much so
1,people say they follow your intestine but i don't even know if i have a intestine on this subject anymore because i obfused it so much and overthinked about exhaustion people told me it's really not much in the long term but it feels absolutely monumental for me and will be something that affects me the rest of my life can any of you can tell how you really make hard decisions for life like that if you have anxiety thank you
0,come live with us and pay me alone with him wasted of spirit while she would be with her boyfriend who she now married to finally i came back with my father and everything was good call and talking to her and she sounded like she had her life together well then they broke up for a short period of time and she moved to live with her half-brothers she would drink excessively and call me and cry about her life
1,i was left for the burden of explaining to other people why he hadn't spoken with them or why he said something hurtful i agreed with that but i told him about many very blunt occasions i don't agree with just sucking your dick i feel as if you weren't putting in the effort with me and i feel sick and uncomfortable doing that i said that in a variety of forms as well as having panic attacks no anxiety attacks full of shivering violence mute closing overstimulated feeling like you're about to die panic attacks most times when we were intimate
1,im new to this so please forgive me im not very good to express my emotions i need help advice i was molested several times by my biological father when i was up to college so like yrs old after several times in the past telling my mother that my father had touched me strangely my mother had bored and angry at me
0,he abused his ex-girlfriends too i left him last june after trying to kill me after being released from a one-week sentence for dv this incident landed me in the hospital although it was not the worst incident of abuse but that night i had a wave of courage for two seconds and told the staff what really happened he was arrested and was in prison since
1,i don't know what to do about myself. my wife told her colleague that she and i were in an open relationship and we started dating him. she said it because i have a libido too high because our relationship has lost its novelty and because i don't do much of the housework i don't know if we can do it or if i should just leave
0,i just wrote a page statement trying to include the whole bad story of our abusive relationship is there a pointer or advice you have to write a statement that allows the judge to know exactly what this asshole deserves a certain length to do i'm not talking about what happened after the assault because there was really a lot more of her about all the things leading to her
0,sorry it's so long thanks in advance if you manage to read it my best friend thanks and i met when we were and became best friends almost immediately she was always the leader in our friendship since we were young i didn't have the mind that actually i loved it because i was a very shy child who didn't trust anyway
1,"i felt horrible for her since she was close to corrine, she told me a lot about what happened with her family and we had a lot of conversations late that night where she told me how she had these nightmares of what could happen how she had pieces of her brother's brain on her shoes after how she followed the blood through the house while she went to pick up the phone to call i felt so horrible we were close but i knew her past was traumatic and rarely taken"
0,i am married yo father of one about two years ago i left my job to start a business with a childhood friend to me and his brother he ended up horribly with them taking the funds for the company of a common account and leaving me without penni no consequence i moved with my family to my mother's house to get me back on track my relationship with her was never good but it was the only option at the time so i made my teeth and i did the best to make it work
0,i made a decision that i had enough of that fear and i was going to die fighting and no longer be afraid i reached that point a few years ago it was a wonderful thing to sleep peacefully i was tired of wanting to sleep in my trunk in my car in my garage because i was afraid to sleep alone in houses i was tired of sleeping on the couch or on the floor of different rooms just to avoid sleeping in bedrooms because of fear
1,it's really a crappy moment to need support or therapy because it's a holiday weekend im in a horrible physical pain heart broken emotionally and being ignored by my kids until i return them to him tomorrow i don't even know why i post i don't know what to expect i just don't want to be so alone
0,"once i saw the light since i didn't know myself anymore, i closed everything now maybe it doesn't seem that all sociopaths are like this, but they are if you let them have the strength to say no have the strength to be you"
1,i'm tired and i would just prefer to leave even if we have suitable seats in a room standing only club and my wife is having fun herself making a passing comment that she would probably be more comfortable at home eating food i jump on this and say that we should walk back even if it's a minute walk in the heels under the rain that i didn't check that she accepts that we let her slide and fall i didn't help her and we fight all the way that divorce at home gets up several times this morning she won't get out of bed and won't talk to me
0,tldr has met a friend of a friend at a party in the last few days he has msging my girlfriend on random shit but is actually too creepy she doesn't want to talk to her anymore and ignores her messages but he continues messaging anyway she wants him to stop while minimizing the dramatic confrontation but im doubt if possible
0,my brother adopted me and enrolled me in the school that his wife taught to their own family and i was never treated the same as their children as my future friends called them the dursleys i was a few years older than their oldest child so i attribute their shitty education not to know how to raise a child my age at that time again because they were much nicer to their children when they reached my age they were also very religious
1,"i am so scared to go up to mg because i still want to be able to lose weight my doc suggested prozac because it has had more success with weight loss than weight gain with the majority of people i just don't know what i want to do i thought i was going to be able to get medication, but these physical symptoms that triggered my hypocondria are coming back in full swing even though i know her anxiety i can't break the loop of thoughts"
0,"she works so hard on several occasions in her life that she has worked several times to support herself and her family that she never received any government assistance, even when she divorced her violent alcoholic husband, that she did not seek support or support."
1,while my friends and i included have great hopes that it will work im petrified because i put my feelings on the table im will be so vulnerable while hes expressed and shown signs that it is just as much in it as i am so no more if i have never done this before that was only in the university relationship before that followed by years of celibacy and ultimate casual sex i know that my feelings for him are real and i have to fight for a chance of a relationship with someone i feel so strong for
1,i literally felt her losing the interest in talking to me like i said she asked me some basic questions and then suggested that i go to the walking board that my school offers because she doesn't want to waste my time there i told her that it wasn't a waste of my time and that im here because i want to get better it was only the second time i met her and we never looked at one of the main problems i was facing but she swept me away so quickly because i didn't cry my eyes or felf like committing suicide she acknowledged the fact that i wanted to stay and talk about other things in therapy but she proceeded to rush me out
0,i don't know sure enough but my nose is suffocating from this stupid cold so it would make sense that im having a hard time breathing from him but also im having a hard time breathing through my mouth i can't find my steam rub anywhere that's boring the shit of me because i feel like he's helped a little bit the mint brushing my teeth helped a little bit
1,i'm worried because i'm worried about bad things that i think may happen in my life i'm worried about losing my job my girlfriend could leave me for someone more funny with a better job that's more confident in itself etc. you think these things because you sense yourself to have no value i'm so worried about these worries and it constantly undermines my self-esteem that it applies to other areas of your life even the daily interactions going to the store these events can be extremely stressful you are so little confident in yourself that you have a million thoughts per second and constantly helping to guess yourself
1,"a few examples spit me at random in the doctor's office of the eye slipped and walked around when i looked at him in horror, we had a few verbal exchanges in the hallway and he slapped me so hard that i couldn't feel the tear rolling on my cheek my face was so numbly that he nailed me to the ground one day and wildly hit me for at least minutes directly why i forget after he hit me he would hit me in the back of the head repeatedly it gave me headaches and i saw flashes with each blow and he would often have a glamorous look on his face after it was made for the longest time i didn't know it was abuse and i didn't know that i had developed all these bad coping mechanisms to deal with the abuse he ruined my life without even being aware"
0,i need to see this list i can't make a decision on the basis of evidence i can't see please include this list as evidence i really want to see it
0,i feel like i started to regain control of my life by slowly renouncing my situation and being ready to improve things for myself i have a stable relationship with my wife very supportive my ambitions are growing slowly i finally have hope and i could hardly ask more i asked my doctor to lower my effexor because i feel like the side effects outweigh the good that it does not really help much for my anxiety i feel depersonalised since im on the drugs and finally it gives me uncontrollable desires
1,i started a new job last tuesday and i had some pretty serious anxiety most days especially my first day as probably to expect it is my second job and unlike my first one i have no customer interaction so my social anxiety was almost as bad as it was with my previous work now tomorrow morning i start my second week and i felt good all day today but her time to sleep and i can't even lie down without freaking out hate to call sick after only a week but i don't know if i can do like that creeping and that it keeps me from sleeping
1,i could be homeless soon i have about dollars in my bank account and i have to get out of massachusetts i'm going to be a university dropout in my third year due to family reason instead of academics after a lot of research i contemplate between whita kansas and columbus ohio i really just want a minimum salary job where i can have a private bed and bathroom after i can get my life together and start taking programming jobs again
1,or is it useless too is there another way i really don't want to talk about what happened but i really want nightmares to go sorry if that sounds weird i'm really fucking tired
0,"i didn't have a problem with that, but i was surprised that it was the first time i heard his cousin's name that it was so dearly missing that he spent dollars on a plane ticket to go visit i didn't think much about it but i noticed that in a few weeks he was constantly receiving jessica's snapchats but was reluctant to open them in front of me that was another thing that surprised me because he was always going to open things in front of me and never had a problem with me on his phone if he had opened up jessica's snapchat he kind of pulled his phone closer to him so i couldn't see his screen i noticed his phone background one day and i saw it was a happy birthday card with a picture drawn on her signed by jessica"
0,i had a fairly great interest on facebook although og courses a lot of people didn't follow through a lady f s or sooner liked my post and sent a friend request i accepted even if i don't know her because i thought she might be interested in the team it turns out she's very well connected in the word horse here and knows a lot of people that i know and seems very popular well forward for now and this woman posted all over her departure a team of adult drillers her team is a few minutes away from where my forest team would be and so all the people who were interested in mine seem to have gone to hers i think because she's a connected horse person here
0,many of my cohorts asked me how are you even friends when it came to which i couldn't give a clear answer so in short we have a business license and an agreement we both signed we were friends but i think time changed him and me and i don't think we would be friends if we met today it is not productive for the company and its practices often seem to include emotion and its own interests rather than the company so i find it unfit as a business partner as well
0,here's the link to his url don't read below if you have a weak stomach my friend has a mixture of very soft poodles that was recently attacked a much bigger dog attacked paige my dog face friends and pulled out of his jaw inferior to the point that it was hanging by just the skin and fur that was attached paige went into a vet hr and had an emergency surgery that allowed the jaw to be reattached but the middle of the jaw from the canine tooth to the canine tooth had to be completely removed so paige essentially has a large hole in his lower jaw now
1,i feel so damaged by my childhood that i feel like i can never be repaired all that he said is true about me i'm stupid slutty crazy whore whore and people only want me for my body i feel so ready to go i hate myself so much
1,there is a text wall that i moved to the area for a job transfer but that was completely bottled and i had to find a new job my initial start date was but a stay at the hospital with which i ended up starting on monday but in addition to having not had a good salary in more than a month ive only got a package of eggs left
1,i think that's what he calls where you relive your trauma and talk about it to remove the emotional response and power i'm just nervous and very scared that someone did that kind of treatment helped
0,ok wrong try to keep this as short as possible some background i have a colleague well called pamela pamela is disabled by complications and defects when she was born she has a brain leak and some cognitive problems however it is not enough to affect her too obviously because she worked in the call center i work about years or so and in other call centers before that she receives accommodation for a disability to work although as having to meet less strict statistics like time by phone call or time spent working offline and be allowed to take a rest break if her disability causes her problems
1,i can't stand up or even sit for long periods without serious consequences on my neck and head and more recently have experienced heart problems im getting some doctors to look at me but they didn't find something inactive literally go without money or insurance and the bills are piled up because i can't commit to a continuous job im find it impossible to make money
1,"he knows that im always on the fence about pot and without asking me even promised me that he would not do it but last walk while he was gone, he became extremely drunk and ended up smoking he became extremely sick and ended up vomiting and passing on the floor of the bathroom of their bus and called me the next day and told me everything that was extremely difficult for me to treat i couldn't really understand how something he swore to do he just did."
1,"but i told him he wasn't there and his answer was a little as if i felt so guilty that it made my life difficult i would like you to just forgive me so now i feel in a hurry to forgive him and his frustrating because he didn't care about my feelings when i was and was crying my eyes out because i just saw my dad pushing mommy and hitting me in fact i remember he told me to shut up he didn't trust my brother when he pushed him against a wall to yell at him when he was only in college and i can't help, but i feel that it fed my brothers heroin addiction who almost killed him and could still cause him to recently relapse just so angry and i don't want to be"
0,i really hope that it finds its way in the hands of those who need it most it is available on amazon for only and i also have a countdown event that happens next month july when you can buy it for only here is the link to it url i also produced a trailer for it if you want to check url
1,when we're at work we joke but we all do that i feel so ashamed that i want to hear your opinion about the fact that i'm to blame was my fault because something like that happened something delicate happened between me and my colleague
1,i'm already responsible in front of my family boyfriend pets coworkers etc and now i have to be responsible in front of these ppl i couldn't give two shits on and they rely on me and i hate the pressure so im doing this horrible thing where you just avoid having to remove that from my chest i feel like i'm going to vomit and i gurglesbutterflies in my belly and ive had anxiety running all morning ugh
1,the violence was still in progress the mind games were also in progress so i felt it was my fault if i had done something wrong to deserve it i supported both him and me in this new state while he was in school i ended up losing my job for reasons out of my control and had a really hard time finding a new job
1,"later in the night, someone sneaked into the building where we were sleeping and killed daniel, it was chopped with what i suppose to be an axe i don't know why they spared me or jay to this fucking day but i gladly took daniels place he was the sweetest boy i ever knew we were broken heart and i swore i would find the bastard and get revenge for daniel im crying as i typed this part because that's what fucked me the most chapter seven adopted"
0,"please be aware that although you cannot be identified from your responses to the survey no computer transmission can be perfectly sure, we have nevertheless done everything possible to protect the security of your data, the results of the study will be used by ms divya kumar to prepare a thesis to submit for the diploma of bpsychscihons to the acap we have also planned to present the results of the research at an academic conference and to publish them in an academic journal of good repute in any publication information will be provided so that you cannot be identified"
1,hey the guys were married for a little over a year i had an enkling before we married that the wife was an anxious person but it was only after our wedding that i realized that it was much more she had weekly breakdowns on minor events at work and went home cursed and yelling about what's not happening to me but that the repeated aeration has its impact on me also mentally
0,the first one is my girlfriend of about month she doesn't really like her current living situation and suggested that we look together the positives here are that we get along pretty well until my relationships have disappeared and it would make me save money probably around a month that it's not insignificant the thing is that i could probably be ready for this step if i just had to im just not really for or against her
1,she gives me something weaker than i know will not work ive summer on so many drugs i feel like im to the point where i know what's going to work and what's going on and she might as well write me a script for a sugar pill that's what she decides to do after i tell her how anxious i am how heavy benzo work and how im near the edge of the end of my life because of fear and anxiety and no more options
1,these thoughts are always a great source of frustration for me especially when i'm close to an artistic delay like a gallery exhibition that comes soon i never trust enough to show what i even do the minister of culture in my country made some very positive criticisms about it but my mind always comes back to thinking that these people say these things to be nice honestly fact that anyone else thinks what you do when it happens
0,"yeah, i saw that i thought he'd steal that what i think is keeping an eye on this man this bad-looking place but you have to watch yourself shoving the blinks and then i fell asleep and i woke up to a stolen charger."
0,"id decided to include them because they can be used or not, but would be interested to hear sick thinking people go out this weekend to spend them out there unfortunately a lot of people sleeping in our high street so i had planned to give them to the first four people i met i guess it would be better to just say hello and explain what is in the bag and take it from there i guess that people in the street get a lot of abuse so im a little worried to approach someone in case they think im a twat also if someone sleeps i guess it would be better to leave a bag for them rather than wake them up to see if they wanted to"
0,look back i was pretty clear after all that i started thinking back first red flag i didn't know it was a red flag was he said he loved me for a week knowing me i knew it was weird but i didn't know it was lovebombing manipulating me fortunately i never said it back because why fucking i would love anyone after a week
1,"all of a sudden, she gets fucked and i hate my brother, he's the biggest piece of shit i've ever been able to worry less about and she just started leaving now i know that her brother can be pretty psychotic and what she told me he's clearly got anger problems and the rest of her family keeps ignoring him sometimes even allowing her so few minutes in her explosion she starts to cry because apparently her brother said something to their father and the father called him and said that he no longer trusted him or whatever she was very upset about dad's thing because she's very close to her father and she's her favorite child as a father he told me that he himself when i talked to him too much because i felt like it was exactly my business with their internal family problems but my girlfriend drew the messages that his brother sent him and i couldn't figure out how a human being especially a brother can say that to someone."
1,i want him to die because then be really safe but i don't want him to suffer there were times when i did it and i denied that there's never been love because it was easier than accepting that a man who loved his family decided that he hated them so much that he wanted to kill them ive still has half my life to lead
0,dr fred penzels articles url a leading expert on ocd dr penzel has a collection of excellent articles online based on years of successful treatment of patients with particularly good ocd to highlight how less obvious variants of ocd can be treated check article ten things you need to know to overcome ocd to start tips top perform exposure and prevention of response
1,this week it became really bad where he told her that she couldn't use the home phone her cell phone the car computer or even watch tv he even stopped eating the food my mom makes and start making her own for himself yesterday i at least bought my mom a new cell phone and added it to my plan he didn't improve in last week whatever was the last straw for me and i want to move in the next few months and ask her to live with me temporarily
1,"i hide my own keys that she tries to remove her keys from me and i refuse who turns into a full battle, i have marks and bruises on all my arms and in the back as well as deep scratches of her nails at some point she made me stuck on the ground on the steps repeatedly slamming my head in the wall and pushing a loose key that fell from the key ring in my chest still trying to pull the rest of the car keys out of my hand im not saying that i did not repugnate but only went far to push her never intentionally hit her but more like an act of defense"
1,"i still think i love him but i find myself thinking about other people more and a part of myself wants to see if i can do better than we get along well but ive has always had the impression that our relationship lacked an emotional aspect on his part of why i want to end this also has to do with our financial situation are both broken, but i want to start working more to save more money because im try to be more financially independent i feel like it was holding me in one way or another of my personal goals"
0,that you're super grateful that you're alive and you want to share what you have with everyone or that you don't feel like one of the lucky ones is probably something she just screwed up who knows but again is my sister a survivor or a victim i think she's been missed in the account of the injured walk until today
1,"the rare moments when we fought in the past have always had to be those to break the ice, whatever the circumstances of the argument, i don't have in me to go to wax for the comfort i cruelly need now, just to try to cry by sleeping what is the point of having a partner if they can't offer the lowest level of emotional support is writing on the wall is just too immature and how this dynamic parent child has entered our relationship"
1,i don't know if you have to call the crisis team to see if they're going to stay on the phone because i'm going to be distracted not to be as agoraphobic as i was i won't be stuck inside trapped by myself again here i'm frozen in bed afraid to go in case it even means i'm getting ready to go to the front door i know i should eat but the anxiety part of me keeps trying to convince me that i don't need to eat badly be ok if i just stay inside safe
0,any help would be appreciated after this next pay all should be ok price url day
1,also you're incredibly weird and it gives me the idea that you're stupid last week she grossly fixed me in front of a patient and then rolled her eyes and shook her head the patient leaned into me and said what was that fucking thing about i ended up getting sick of it and went to my boss this co-worker is very manipulative and likes to make me fire she's going to say or do something bad and then when confronted will deny the behavior and go on all the things she's seen me do fundamentally stupid shit that's none of her business anyway i sneezed in my elbow once and she gave me lectures on washing my hands
0,we talked about meeting and ended up organizing a double date each of us brought a friend to make things easier the date went well and we decided to see each other the next two times i saw it she started making comments on how little i had experience meeting and started treating myself like a child she made comments on my weight and how i was too skinny and needed to gain weight
0,"she tells everyone who comes that i had to give birth to the cat and that i'm too paranoid it's just a cat so her granddaughter was playing on her ipad and it was super loud i gave her a pair of my headphones and told her that she could keep them down but she couldn't take them to her mother's house because i know i never see them again, then she called me an indian donor and i asked if i should just give her and she said that i don't know how to do what you want i guess her granddaughter plays hard with a ball and asked me if i want to play with her and i said not now the owner was like i thought you liked the kids"
0,"i want to start by saying that i love my laws that they do a lot for us and we are incredibly grateful for them my millet has always been around to keep when ive needs to go to the doctors appts and see that it didn't matter my sil comes to help play the lift my millet is capable of all this, but it has a more difficult time we have a story with my sil"
0,"i don't care about compensation but i can't take a job for health care, so i'm going to go as we are here to make sure that the army is not blamed for what's never going on with you sort of in my opinion anyway i thought i should share some of the basic symptoms that i struggled with and the only treatment i found really worked on is smoking indica strain cannibis at night when the child is asleep and have some relaxation time with my pets here are my panic symptoms attack severe avoidance"
1,"we have lived in my grandmother's house since we lost all our property as well as all my grandmother's property were in the house at the time of the fire the property was supposed to be sold on december, but when my cousin who also lived on the property died unexpectedly on december, the buyers have receded due to these circumstances our home insurance was so at the moment we have no resources to work with except for the generosity of others it is a massive tragedy for our family because we do not have funds available for christmas nor between family and friends we could have had a great vacation but now all these gifts have gone as well"
0,i don't want to lose the girl of my dreams an incredible relationship weed addiction ruined relationship can how i make her fall in love with me again any other opinion
0,i didn't have time to write much as i used to and i certainly couldn't plan trips to see her now she was obviously unhappy with me to not be as communicative anymore but things really came to the head when i started dating someone lisa was the only person in my circle of friends to have a bad reaction when i told her that i was dating another woman who was shocking for me because i trusted her and because she often used social media to convey her allegiance with the lgbt community she often told me that as soon as i met my gf i stopped talking with her read that my relationship with my gf was more serious lisa and i became even farther away from each other and she often ignored my texts or emails none of us were ever much to talk to on the phone
1,so i don't think she's telling me the real reason why she urges me to have another baby i'm gonna leave him here please ask that i made a fake account so that i can be honest here are my main concerns while the custody incident with money i feel like i can't trust him with finances
1,a large part of each of my cheques goes to make payments to this card but with interest charges every month i budgeted and it will take me decades to pay it and cost me thousands i was in a difficult place without a job homeless and had to rely on the card but now i have to find options on how to pay it or get a lower interest rate i have heard about these announcements on getting a personal loan with a lower rate and using it to pay the card then just pay the personal loan are these viable options which is my best option right now these interest rate charges kill me and i can barely do the ends to meet any advice would be deeply appreciated
1,it was so bad of me that it started when we went to see my dads bday weekend and a family member scolded me and i remembered that he also did stuff like that a lot of em made my partner was sad and fell asleep after i told them i couldn't sleep
1,"it got clear and i agreed but on monday i was thinking about humans and how the brain works and it made me stumble, i was worried because i was thinking how the brain works that i would lose sleep and i did that night was bad as the last time yesterday too my sleep was bad i woke up like every hour of the night just like the last time i was a little scared like the last time i was, but this time i think it's a fake life that's absurd but i'm just thinking about it and i'm really scared then i think rationally and then calm down."
0,"and yet, i've already gone through the worst and i've come out smarter and stronger im not so afraid that i just run and don't fight him anymore so what i'm afraid of exactly what's the reason for this fear i mean what's the worst that's going to happen and how it can be worse than what he's already made me suffer"
0,it was enough at the matte time was always great to hide his evils i didn't even know how much his life had been how many times he had been inside and out of the hospital he hid it from everyone extremely well but now he is older and he doesn't hide it so well
1,his price is even higher than what i've been told and he said it's after a student's discount from the university and outside of the courses i have food and other things to finance and i thought that by paying this id at least get my money worth in therapy but other than telling him about my anxiety and my family and telling him that i probably have ocd and anxiety disorder all that i seem to hear is the rate of the therapies and how it would take more than a year of dynamic therapy preferably once a week at a session and that i should be able to commit if i want to continue the second session he continued with this spending almost a few minutes saying that i have options to see a psychiatrist and take pills going to cbt to treat only the symptoms or see a dynamic therapist like him for sessions that takes at least one year to see the results what's more the second time clock tics minutes he says have a nice day and so i'm supposed to believe that this person talking about money on time i'll pay him to talk about my biggest fears about my fears
1,no one can diagnose me with ptsd because it's not i don't know if it's an ocd thing if i have a multitude of things on my mind or other sweeter worries i seem to be good but when my brain is calm and without worry it seems that i unintentionally remember the dissociative flashback that starts a cycle of psychological drowning and feelings of detachment as well as depressive feelings it's all because of something in the past my life would x better if it had gone heck i would do anything to get rid of these drugs for always helped it happen less frequently but it's still the same gravity
1,i've always been told that i was a burden a waste of space and that i was a shit even tho im the only one in my family getting qualifications never thought of getting into sick uni most likely end up homeless as i can't even work as i have little work experience and i'm just trying to get part-time to have an early panic attack on which i got fired every time my friends are all to do right what makes me feel worse while im at home being a bag of shit that stays inside all day without any social interaction other than my parents blushing on life i don't even know what does and kills my friends constantly noticed about me being a mess
0,"maybe a few more days will bring me back to normal definitely leaving alcohol is an obvious trigger, but yes i just wanted to ask his thread on your thoughts thank you"
0,edit full congratulations to the user name wrong pm you about the expedition it was really hard to read all the answers i wish i could help more people my breaks heard for all those who shared their story here having to choose a winner felt like the most unethical thing that i am to weigh one person vote against the other
0,"in a few years, i had frenzied events in my life that, i didn't think i did this wrong a few years ago, i started to feel small signs of ptsd but i just brushed it as if there wasn't a real thing until it got worse and ate away from me until i realized it was enough, i thought maybe i ptsd but then i contradicted myself and i didn't say it wasn't real and i didn't have what would make me feel worse finally getting help and yesterday for the first time in years, i was officially diagnosed by a doctor with ptsd his weird to say that but for the first time i felt a sigh of relief like a weight was lifted from my shoulders"
0,your responses to the survey questions will be anonymous and confidential by clicking on the survey link below will lead you to a page asking you to read through a consent form explaining the purpose of this research the content of the survey the type of questions that will be asked you the time it can take to complete the survey and the risks and benefits of your participation at the end of the form that you can click on to agree to use the answers you provide and start completing the survey thank you for your time and interest in the survey.
1,"ive has suffered from a mild anxiety disorder w depression diagnosed for about years while ive has been with my now dh dh is logical to a defect and although generally favorable cannot understand how i feel and act when depressed or suffering from particularly bad anxiety, no matter how i try to explain to him that i literally can't help him or simply magically get out of it, he insists that im being dramatic makes me feel all the more vulnerable and all the more difficult to speak for myself this advice of experience that you have to help someone understand who has never experienced depression and or anxiety that the disorder is real and not in active control of the victim"
0,anyway i left my antidepressants several months ago because i'm in a good place now and i can survive without them i just find that thoughts like this are still very present and can be very difficult to deal with i never apologize on facebook tldr i want to apologize on facebook for not being normal and being clumsy af
1,"i've had a skin transplant it hurts every day not all the time, but usually when i'm upset or had trouble it would be nice to know that the pain is everything in my head and maybe it's actually a physical consequence it just hurts."
1,im try to compensate for it by making digital drawings of pet peoples im pretty good to them and its very fun to do but i can not do them fast enough to follow the invoices i tried to pick up teams at the hospital primary work but all the posts were closed due to low census still several hundred short to rent and i don't know what else to do is sunday july st
0,first thank you to all those who have submitted an application there have been many great requests and i hope i can fill them all if you have not won this time please continue to visit the resistance as i am sure to be back with more laptops to give in the near future winners announced below are subject to the verification of their details as indicated in the original post if you have not responded to the im that you have received from me in the hours you will be disqualified and another person in need will be selected
1,"but i wonder if anyone here has chronic pain and feels the connection between the two now the ptsd has come im sure im not alone but during the auditions of kavanaugh my symptoms have become very severe its still not entirely better i know that many studies have been made linking ptsd to chronic pain, especially for women"
0,sharing of the house helping to look at other children the best they can get their work schedules at mesh to anyone has ever seen an homeless family co-op that works in any way similar to what i will be a married single father but my wife will not be allowed in the country until i earn enough income and i strive to stratify the best approach thank you
0,with a switch blade and open arms in a sweater vest that covers a scratched underwear stained with my innocence through faces that are never the same as those i fear to find in the crowd in the night i rediscover my love of the mare and how i can be wrapped in his taste of blood in the morning but i don't bleed
1,they have lives outside the group and often come from afar to go into this group if i try to be friends with them i feel like they won't want to go out with a dark year and i have no idea what the wedding itself do anyway i also tried bmble bff to make friends but found the constants wiping and texting to be really boring and depressing theres only so much bland small talking a person can do
1,ive put my family through her too many times and he put pressure on my relationship im not who i was and because of this impression people will let me my partner especially that he saw me go through this before and im fear that he will give up on me
1,it's an idea that my father also strengthened in me strongly i remember strongly when i told him that everything was my fault in my child spirit obviously which means that you do all my fault that was a lot the state of things in the house growing up and he told me directly to stop fucking so much if i didn't want things to be my fault i should emphasize all the sexings were minor let a pack of strawberries go to waste to forget to call him as soon as i left school etc but severely punished hell even if im in evil now i feel like im always a victim i can't gauge conflict to save the life of me even if im being an absolute bad ass feel like im the one who is persecuted my last relationship was a while ago and lasted about a year
0,"the people who need support, whatever the elements that led them to need this support are welcome here if you are a robot or fish, you are also welcome if you are a crab of an enemy faction other than that of the native crab of the healing hip please consider the danger present to you whisper channels fundamentally a channel to help anyone in need of support, whether it is to evacuate company advice or someone to speak to the whisper channel is an area without judgment used only to comfort those who need help"
0,"my boyfriend and i have been together for a year and a half, we certainly have problems to solve, but our relationship was pretty good until a month or two ago, i was making all these plans for the future with him and so on was and has been taking antidepressants for months."
0,she would have come to the states for the first time in years on dec i has been ecstatic to finally meet my thousand weve chattered several times and she is really a great person theft has been excited too so he wanted to make his trip memorable he decided he wanted to get a portrait of family painted for her as a late christmas gift
0,"in recent years, ive has noticed that i am dealing with a few sneezes of postnasal water drop a lot throughout the day treating headaches and having itching watery eyes maybe i have developed some kind of allergy that influences this help is appreciated"
0,this subreddit really helped me during my most difficult moments with ptsd and i just wanted to share my gratitude you guys are so wise and so strong and so infinitely kind to each other im make big now after years of struggle finally im in a place where i feel comfortable in my own skin sure that i still have some problems but everything in life is balanced and peaceful
0,doesn't really guess this is the last time it's fast ahead she goes a little further this time and consults a law firm she always said that the money was a problem and i'm an idiot said that i'm taking care wrong to make a plan that this evil should not be in our lives she calls me to say that lawyers need a letter of expulsion to him
0,most of the inhabitants of san andres are elderly farmers who depend on the bus to go to the main market of the oaxaca to sell their products. i'm worried to see people depend on taxis that are known to swindle farmers their hard earned money the page go is url me and there is a facebook page set up too url
0,our sense of humor is very similar she is beautiful funny smart and loves some of the same things i do she is material woman the way she loves on her dogs and care for them makes me think hangar make a good mother yrs from now these are some of the biggest reasons i see myself with her heterosexual tldr offandon relationship since we were in high school she met and cheated on her high school bf
0,when we had our first fight i did everything i could to get it back in my life i stopped smoking cigarettes because she went on one i hate all the drugs and everything that grudged me tried to be more conscious and nice because she said i was the opposite i tried to change because i wanted my best friend months later she let me in and i was so fucking happy
1,"she hung up on me and told me she was going to do it, but she's leaving a little scary, but i guess at this point the police were already there because the abuse of her starts oh actually you called the cops did you why you'd call the fucking cops i can't believe you'd call the fucking cops three days later ive just checked the phone"
0,who brings me now where i am now i had a conversation with the person a and she wants to get back together the person b really wants a relationship with me i don't want to be a shitbag and cut things off with the person b and then go back after my ex and have to deal with all the drama between that but i don't really want my ex person has to try to get back into the relationships and talk to all these guys
1,i'm gonna kill myself i can't take this anymore i was so fucking better lately and just like a stroke of a finger i dissociate harder so i never have until it comes out of nowhere when im have another wise good day no anxiety or depression but nowhere i become extremely dissociated
1,"my sleep habits are erratic because i don't want to sleep anymore is it normal to have ptsds with nightmares every time i sleep every time my psychologist started trying to slowly desensitize me by showing me photos and videos of what bothers me, it actually makes things worse until i start seeing improvements"
0,they will see that someone else is ready to do all the work for them once you try to direct the way you will never stop because they will never take over for you they will watch you do more for them until you live your life completely for them once you live for them you become like them you will be completely controlled by them not feeling comfortable being yourself
0,i could easily see myself losing my job due to consolidation in the meantime i wanted to leave this job anyway because i realized that i'm really ready to go from retail had some promising leads but i found and a piece for a job that is in a lighting company that would combine the best of what i've been to school for and my real work experience i got a call a few days ago but couldn't get a scheduled interview because during the call the lady hr received an email that the person i would interview with would be unavailable and i didn't have my work schedule right in front of me so we decided to talk again the next day once we both had an idea that the schedules for each side would be fine the next day i called and she still didn't hear from the person i would interview and promised to remember the next day
1,"i don't want it to be tied to my main account for some male yo history diagnosed with gad depression and ptsd otherwise healthy but recently my anxiety has been getting worse and worse and showing itself in the most frustrating way within about a year and a half of an extremely toxic and abusive relationship i don't want to get into the details at this point, but this relationship has broken my trust in people and frankly myself"
0,"a long time ago, when i was in grade 2 or 3, i went to a restaurant with my family for breakfast and when we went to pay, i saw these two girls in my class so they asked me if i wanted to come and my mom said yes, so i went to one of the girls home for a game date so i went there and they told me that for me to be friends with them, i had to do this initiation thing apparently that's what they do with another girl in our class and it was to take off all our clothes and play pretending"
0,i can't afford to buy new clothes not even goodwill at the moment ive currently has two pairs of capris training and it is and in the northeast of us it gets colder i could really use a few pairs of jeans a few shirts and a nice pair of black dress pants for the interviews that i aligned used is very well as long as they don't have holes in them.
1,i feel like i'm still digging a hole for myself and it's my fault in it with the work i get emails on project updates and usually these days don't answer and submit what i worked on for minutes before my meetings that always translates into a really angry boss so i feel even worse and my ocd comes back to tell me that im a horrible person and everyone hates me it's a weird tick i don't know how to describe it
1,it was nice but now that were close to the point of no return with a reserved flight so that he could come to see heri agreed to travel out of our house for the week and they seem to be in great time connected love abound you i don't know what to do with myself with one hand i want to let her relax and unwind and do it myself if it leads to a new itr for her awesome but what kills me i guess it's uncertainty
1,from the moment i wake up and until i go to sleep i don't feel safe when im around other people i feel even more anxious i know that nothing bad is going to happen to me but i still feel this way i don't really have friends and these intense chronic feelings make it seem impossible to make a real connection with someone that what i need most is a kind of real connection to another human being
1,we decided to move the states together and start a new life we don't live together the mutual decision he wanted to marry me etc and i started to see a change in his behavior since the movement he was really easily haunted or would be angry about something simpletrafic or a situation of common life he seems to have no more patience especially with me and will just close
1,is this common how did you do with it i just want to apologize and do things right but some of the things that the other person probably forgot or were just super insignificant i want to own my actions but his hard i guess if people find out i was a moron they'll all hate me and sick be a pariah and a pariah
0,we have added a pile of security url for specific scenarios if you are more comfortable keeping things on reddit we put a lot of the same information on operational security anyway if you feel your computers are being monitored check our secure url guide were also host to our first url in october we were also busy building partnerships in the security sector that will allow us to bring even more resources to the public that we serve
1,but now my cognitive processes feel so scrambled and lazy that i'm so confused sometimes i have difficulty filling out simple forms or answering questions on the phone im in my first year at a great university but my brain feels so messed up that i don't know so badly being able to finish doing someone else's experience that you've found something that helps
1,"if i'm afraid of having to talk about what happened and have to break up with a therapist, but every time the subject of abuse arises, i'm tense and i can't remember anything that bothers me if i start talking about a difficult subject and i don't know how to put into words the emotions i feel about these events."
1,long story short worked in a call center for years for a vehicle breakdown service starting to not be able to cope with it more due to a combination of things change in management not enough staff for a constantly expanding customer base rewards based on the question if your face adapts rather than demonstrable real achievements etc unable to relax after work constantly thinking about going to work get random mood changes about it either intensely angry or wanting to burst into headaches that continue for or days at a time are now a regular appearance starting to manifest in other physical ways unable to constantly sleep have much more disease than usual
0,"they did a lot of things that reduced my self-esteem and such, but they also did a lot for me too i have a well-fed house i have my own property i have a car and i have some wonderful memories with them when i was molested they came to my aid and constantly standing for me when no one else believed me sometimes they are the most amazing parents i can ask and other times i'm afraid of them my mother is that bad but my father is the worst"
0,ive started to dig up old ive albums has returned to the practice of the battery regularly ive has watched more movies and read more books oddly i feel more in contact with the world and what now i will continue on the road of abstinence i see no reason to jump from the car at this stage
1,he ended up grabbing me by the neck with both hands and slapping my head against the wall in the hallway he threw me the floor i hit the radiator and then he threw me a bucket that had a toy and dog shit in it i don't really think he knew there was dog shit in it he just threw away everything there was and our dog must have shit in it i didn't pass this time he climbed up and slammed his door and locked it up i got up and ran down the stairs and told him to let me in so i could go and tell me to go and i started knocking the door and demanding that he let me go to my shit so i could go
0,"my mother has years and is a little homeless for years now in a city about an hour away from me, she often meets people on the street who allow her to stay with them for a little while, but it seems that many get tired of her maniaexcessive discussion and lock her so important to note that she is a very intelligent alcoholic was a biologist has had mental problems since and has been in correctional institutions for various things related to drug use and violating parole i haven't noticed her in a depressive state for more years now"
0,this battle has been going on for years now that the tension the despair of a resolution comes to the head is at this moment that i declare that there will be violence between me and me until one of us rests on the ground in defeat i will no longer accept the status quo that exists a existence that is at best dubious mediocre because with all my highs come so low
1,i told him not to do this and he told me that you'll understand when you're older like i said it's soft and i don't think it's sexual abuse but i was totally uncomfortable and my limits were crossed hardcore i told my dad that i wanted to play football when i was said that i should try the lingerie league instead of my mother used to do clothes shopping for me and he told me to wear the shirts open back and cut down because that's what the boys love even if i didn't want one night he went in completely naked and lit my light on i woke up and he was there for about five seconds completely naked and then turned off the light
0,i will stay with the submarine to offer any advice i can but thought that a success story was worthy to share they say never destroy a person hope that this can be all they have left a lot of love to all of you for the good advice and advice during my struggle thank you
1,"i'm so asleep and i want to sleep so badly, but the second i'm lying down, it gets my chest and my stomach tighter with anxiety and all i can do is think about the pippa now what i did was irresponsible and i should feel bad about it, but this level of anxiety about something that happened years ago that i can't do anything about now is crazy i tried to talk to my family about it but they don't even agree on the basic premise that the pippa was even neglected"
1,i was talking to my mom this morning and she said that on my sister her trauma was worse than mine but she didn't develop ptsd my mom has no idea that i even had a traumatic event i told her it wasn't that easy and she said we just have to do it now i'm scared
0,and after every episode with them he treats me like shit for a few hours at work i guess i wonder if i know about his behavior and if wrong say anything i completely ignore it and refuse to let him invade our working environment his world and my people and his superior hes won't win a power struggle so i don't even have to worry about it other days we get along well with each other.
1,i only get it when i have a flashback or a strong reaction to a trigger i notice that it stays around even when i feel emotionally calm and can stay around for a long time after triggering like days or weeks his new symptom i also think i have had a lot of nightmares recently not sure what to do as im not currently in therapy but i wait to be seen in a mental health clinic
1,background this time last year i lost my job was expelled and my car broke everything in the same month cut to today and i discovered that my site is closing and all soon to be out of work i just feel like a big ball of anxiety and as i can absolutely shut down my brain as the world under my feet is turned off and im do everything i can to cry for the text brick
1,ive has seen the same since then and helped me to help understand and start moving on to something other than hating and fearing my father since the incident with my sister who ended up triggering the memory of being told that i was to blame for marital problems among other things to the point that i couldn't even be around him at family meetings or friends without feeling anxious and wanting to flee to be able to accept the things that have happened in the past and remember that they are in the past and being able to interact with himself if i don't really feel a family love for him anymore i care about his well-being but this family bond is there he killed him he came to recover his affairs a few days after coming out of there the only time i've ever held him up he made some ridiculed remarks about my mother and i told him to go ahead and flee his problems as he always does and he supported me in a corner and shook me by shouting at him when i got away from my mother until i got away from her.
0,because if you can't beat em join em right learned that his agreement to be worried about the things that are happening in my life if i can control them his in my hands to turn around him instead of going into a black hole if i can't control it will not change the situation either if she doesn't count in the years don't spend more minutes worrying about her
0,hello charming people im looking for anyone who is interested in taking a minute poll with the chance to win a good amazon or equivalent that you need to be more speak english as a first language and be able to listen to some audio files and select corresponding images ive has been said his pleasure to make anyone in between will really help me as i try to advance my search in language and meaning
1,"so long story short my parents are terribly abusive im almost and he took me this time with the help of my wife to realize that a lot of things happened too much list in a single post, but he has much worse last year when my daughter was molested by my young brother we had asked my parents to monitor my two daughters due to a medical emergency and that when my father arrived in the room his eyes stuck to his cell phone we involved cps the police but my daughter did not tell the police everything and with their investigation they could not lay charges against him after their investigation was completed we informed my parents of what happened and they called my daughter then one year old a liar to her face"
1,i was greeted by the message that your facebook account was disabled when i tried to log in a few months ago i immediately sent a call and my proof of identity of their forms but it was two months and no response from them basically the calls will throw this account was really important to me excluding the family photos and memories that i owned couple of pages with big fan next
1,i wanted to say this thing and i think i'm still doing the reason why ive was so angry recently is just the general thing with my family but also my dad specifically he's been horrible with me in the last few days all i'm saying or doing no matter how good im try to be bad and horrible and stupid and if i don't agree with himself slightly he gets angry but i think i could deserve it i feel like a bad person
1,my ex sent me a video of a switchblade i asked him why he had this and he said cut people and then he said that it is an italian im italian style switch blade anyway he put a loaded gun to my head in the past im actually terrified enough of him now he also once brought explosives to my brothers' house and claimed that he forgot that they were there none of my family or our friends growing up believed me when i told them about him that is why i can't talk to anyone
1,ive has received hundreds of harassing contacts from him and he even tried to extort my friendship by threatening to expose live sexual gangs already endured years of his psychological abuse and physically raping me in the ass while we were together already endured seeing him and the fact that he brings another man who raped me and he knows it at every audition so far ive has endured him harassing our former mutual work environment and every individual contact we had when he separated ive has made him switch friends on me and had to move twice in the last few years to hide my location from him
1,"by sitting on my porch in front of my normal quiet today, one of my incredibly extroverted neighbors was carrying the loudest conversation ever heard in a quiet street, her conversation partners used a normal volume. she was the only one shouting words at the top of her lungs."
0,the total time out was perhaps the second time he asked for a break and then ended without surprise if for good a month or two after we met again he said he wanted to get back together and the next time he told me that it would never happen three weeks ago he sent me a message asking me again to meet and thinking with my heart not my head said yes i knew that i only maybe wanted to be friends and take the time to see what happened
0,sometimes one a week on weekends this work worked well until the end of june she started canceling my visits to see her ask if i was crazy when i constantly told her that i supported everything she had to do to succeed
0,"to justify its marketing, we have to make a strong market validation study and the insight of the costumer so we decided to create a survey asking parents what they are looking for in a portable device for their joy package here the url link you will also enter for a chance to win an amazon gift card thanks survey has been edited for a better experience"
0,"there were a lot of events that i had ptsds but in a way even though it was one of the hardest things i've ever done, i had to write all the sensory details that i remembered as i remembered more and more of what i had felt at the time."
0,no matter how bad to do the procedure i always applaud if you read this im just say my frustrations in the void
0,they will be fed lunch at school so we mainly need help with breakfast and dinner were also terribly close to the point of not tp ugh url thank you for your consideration if you have product ideas to add to this list please do not hesitate to let me know
1,i just told them that i had too much anxiety and that breaking up with my boyfriend made me really depressed and that i didn't know what i was going to do wrong to find a job so now i just stay home and go on my computer all day i leave home maybe twice a week i have constant feelings about being useless and this idea to be better dead
0,any help would mean the world for me not sure how to pull other this edition to fix the wish list link ive has never had to that before and apparently i suck to it wish list link removed thanks again from the bottom of my heart for your help i will pay it before as soon as humanly possible
1,my nephew came today and he has a lot of insect bites on him his mother insists that they are flea bites but i posted pictures earlier and i was told that they look like bed bug bites idk what to make im have a mental depression or something i have already paralyzed depression and it breaks me
1,basically im spend a little at this moment i suffer from depression of anxiety probably low mood irritation bad concentration and things have not been as well as my friend who autism made out of the wall jokes about death and murder in general that bothers me as two of my friends died in their s and i still think about them and try to remember the good times suffering from the questionable disease was fun
0,she really worried about being traumatized by her birth at the time i didn't understand the trauma or realize how deep her problems were since i hadn't seen them much but i always listened to her first and foremost we paid pocket for a home birth with a rescue hospital plan at her parents' home the birth was very fast only a few hours and extremely traumatic and painful no pain medication and i think that the speed of birth makes it more traumatic and our son had his hand on his head when he came out
0,for the rest of the money it goes to the mothers back pay to the district and continue to supplement the personal care agent as a bonus to the compensation of the im state agency from other ideas on what we can do more to support this woman and her daughter we have set up a gofundme page but i can't tie it here for the moment im trying to get the attention of anyone who would listen or offer any help thank you reddit for all your help in advance
0,essentially they had some speakers running people in the organization to the mayor and the state representatives then they had a short film about the director who was retiring and essentially how she turned this small group barely funded into a surprisingly useful and essential part of the community it was without inspiring crazy exaggeration they then made a slideshow with pictures of some of the survivors their photos would appear as the individual told an abbreviated version of their story and how this organization helped them
0,for the first time i put my duwon advance my mental health myself first in front of my mother for her birthday in a few weeks my mother is not the main problem her second husband is he is my assailant im go home for her birthday something i haven't done in years
1,i cried for hours and at some point something came on me and just slammed my head in my bathroom door sadly since im in a dorm her core door of shit and it broke bad and now there's a hole that i have to find out how to fix her fine if i can't figure out what to do with it so that it just fits on the stress already existing i owe to my name now i'm fortunately paid friday so i'll be able to pay for my car but im always with only for weeks and i have to find out how to pay for my manual for my night class her mess and i don't know what to do now
0,facebook url cries url please help and share the word most important awareness spread edit available are regular women's shirts cut shirts and sweatshirts
0,"more recently, i had to stay at his apartment for a week while mine was renovated, i told him i didn't want our week to live together to rock the boat and he said i wouldn't go there the other day and he said he needed space and told me to leave i felt like immo suffocating he never expressed what medication he was before, but i know he's out of them since we moved"
1,if you're triggered to stop reading but the word is schizophrenia just think about it makes me freak out atm i keep thinking that i'm going to go crazy i imagine myself in a mental hospital with panic attacks an infernal torture oh god it's because ive always has an extreme fear of the beyond and existence its just so weird explored every scary theoryereligion whatever i was obsessed with it before
1,the school of graduation is not really the easiest place for parents alone the assistants do not pay you enough to live for yourself my own gives me a little less than a month's rent is even more alone with a small human who needs a particular type of education that they also require you to engage hours per week of work on campus essentially which means that you really can't hold a full-time job anywhere on this work another part of the time becomes difficult because the hours of work must coincide with the hours your child is at school and with hours per week on campus already leaving little time to work anywhere else during school hours.
0,step would be perfect i know that self-destructive thought i know im supposed to be present not to wall in my pain and pain i know im supposed to focus on healthy thought and growth i know im supposed to find joy now and i'm really not sure there is such a thing as the joy absent my children it can be a crazy wanderer
0,"my sister told me yesterday that my father had violently abused her when she was a child, she also said that my father was about to hit my face when i was years old and she was and she saved my mother standing up and didn't do anything for any reason i don't remember my sister being an angry child and she said that her experiences sent her into a depression for about ten years"
1,"i spoke with four professors for the evaluation of the courses and two for the letters of recommendation, they all agreed and i sent them the necessary documents that i just called to check the file at my university and all these professors only one submitted an evaluation of the courses i applied for a master's degree in a month and did not have letters despite having periodically sent by email to update these professors"
0,the survey can take between minutes to complete your responses to the survey elements will be anonymous and kept confidential by clicking on the survey link below will take you to a page asking you to read through a consent form explaining the purpose of this research the content of the survey the type of questions that will be asked you the time it can take to complete the survey and the risks and benefits of your participation at the end of the form that you can click on to agree to use the answers you provide and start completing the survey thank you for your time and interest
1,i don't have any friends it was both a cause and an effect of my anxiety and depression i can open up and become confident once i got to know people and i had friends before but i spent almost a whole year without real friends since i moved and the effects that he had had greatly affected my confidence by making new friends since i had most of my interactions with small town people who had their friends and had other groups for years i have a lot of difficulty in having conversations with knowledge and closing the gap in relationships
0,"they will appreciate that you tell them instead of the fact expecting a result that has never had the chance to always succeed in acting with integrity and authenticity no one and i mean no one likes passiveaggressive and or dramatic colleagues if you practice not being these things, then people will always take you seriously and accept your advice as constructive."
1,i'm just tired of being my daily life between realization and hypervigilance and paranoia even on good days i still don't feel like a person and it doesn't even touch flashbacks and nightmares i don't know what to do anymore i can't find a shrink that i trust or that seems equipped to help with the particular symptoms i have and that seems like my only option what i do
0,i really did it if she needed space to do homework it's perfectly good i did my best to calm her anxiety so we postponed another week only the day before or the morning of the discount canceling me visit again and again what put a little pressure on our relationship we wanted to see each other
0,and then a little while after i fell asleep i get a lot of text messages that at least another guy wants her to sleep on this im a shitty guy and so on i don't think i can live long with that but i care about her and that i want to do something for her i almost ended up with my life and i lost all the fate and interest in the things that she was that made me come back on these things and next to those moments i have a good time with her so
1,every time i say ive got a job she gives me some kind of fucking reason why the place isn't a good idea that she's threatening to send me back to the street for not taking her word for it when i explain that i need work anyway because her girlfriend owns the house they've been living here for years and she invents shit reasons that she can't work all the time.
0,it's not exactly what he should have done and the woman had to go to the theater and lose pints of blood my goal is to get my published story and once he sells the money i need to get first the book in the impression would be given to research on ttts and beyond the donation a percentage of all other sales would be given to this important search if you can take the time to click on the link below and share what i'm trying to do i would be very grateful url
1,he was furious id kept that of him i had planned to make the modeling of good cam had never passed through with her before even we met he accused me of lying and keeping things at his top that he was still waiting for sex all the time i always loved him but i was so stressed by the movement and constant crying and struggle that my libido was down
0,"there was a guy i saw a lot and he was beautiful, but he was sometimes i talked to him and he seemed to like talking to me says i was cute it made me happy at the time we were at the park and he asked if i had a boyfriend i said no"
0,i offered to help but he declined after months the debt had not moved it was at that time i started asking him more about it how it was going i think i was pretty boring tbh and he would say he paid a lot of it but he didn't and never followed the plan i feel bad i didn't let him down but i felt he was lying to me
1,i can't put this under my real account but i feel horrible i just completely screwed up a work application for a job i really wanted a part of me is like oh well not meant to be but seriously the application was meticulous my email nope my computer crashed i restarted with an email project that i stupidly supposed to have saved in the right way it didn't have
1,my connection was pretty much less than all my first place savings i went after getting out of prison was my job my boss told me if i had gone out days earlier i would still have my job im about to do something stupid out of frustration and anger i was so close to getting out of the street fucking
1,no one should ever have to bear this and have to live in the fear of someone who can fly out of the handle like that i would so bad that i knew who she was so that i could silently tell her that if she ever needs a place to escape that my door is always open sorry for my click just not sure what to do or how to approach this help would be greatly appreciated
1,some things will make me feel uncomfortable that recently she will play with my nipples like sucking on them or biting them if we are lying in bed and without shirt it makes it very uncomfortable and i don't like to laugh at all bad and tell her to stop and that i don't like the feeling of that she will keep joking doing so and tell me to stop being a baby or that she jokes just around
1,"i feel like i never trust my own judgment again, i hate being that person i hate being a victim, i would never judge anyone else in my situation, but i can't bear to see myself as someone who abused my grandfather abused my grandmother all her marriage and i always felt like because of that i'd always be on the lookout"
0,i've known her for several years and we're a little close but not the best friends she told me her brother died and i want to be there for her in any way that i can currently live a few hours from where she lives so i can't physically be there for her there are sayings that i should avoid or use what helped you after the loss of a loved one
0,asked me a little extension that it won't provide i should be able to get my degree in december my academic advisor is looking to help me get my degree around some of the program so i hate to raise my concerns higher or file with disability my traumatologist wants me to plead higher
0,it was all the hood in the world trying to take away what's going on on these are the thoughts of my mind every time something like this happens and it wasn't the first time that ive heard god do everything for a reason for a while when i had a house a man needed a way back with his old man and asked me to drive the old man's car because the old guy was too drunk to drive and the young thug didn't have a license of course i said hell yes he had his pops with him and id miss driving and good karma
1,i was just going to free myself the next morning and not come back but i called the cops to pick me up that night that as i felt uncomfortable i was afraid for my life please people that i need to get a job and a type of place to stay in florida shelters do more harm than good
0,she also said that we might not be sexually compatible and that it was unfair to me if i stayed with her and told her that i didn't want to break up and she didn't offer her time alone either and she was so unsure in herself that she didn't even know if she wanted to accept me on the offer i told her that i think we should wait for your appointment running to freeze your extropion to see if it improves your libido we ended up crying and hugging each other
1,i'm really starting to believe that my brain is the problem here and not traumatizing everyone just think im a dramatic slut anyway so is it even important as maybe they're right i feel like im too embarrassed to even go back to my psych now today i seriously looked like a total basket case
1,i have to figure out how to calm down all this anticipation anxiety so that i can just let myself enjoy my relationship the excitement that leads to our journey and even the journey itself although i feel like once he's sick is well it's the same anxiety that stopped me before and i'm not going to let him stop me again to whoever experienced this before what tips or strategies can you give me to help overcome her very anxious tldr about the journey to come because i'm afraid to be trapped in the comfort of my home to the point where it affects other parts of my life how can i overcome the anticipation anxiety so that i can have fun myself
0,"the next morning, i thought a lot about god and prayed and thanked him for blessing me with such a thing called the physical condition of the planet and the subway made my return to my part of the city and cooled down until the end of the day sorry to have been rushy ive currently walking for hours and i have to move again soon so i don't decide to make a place to sleep"
0,"she used the money from her mother's house to buy her own one that was a few weeks in a hotel, but we thought he was strong from her to be able to leave her violent husband and buy a house so quickly backstory leading right a few months ago my little cash came missing i immediately reported it"
0,but the death of a dream was inevitable she brought a guy to our family's house one night i was out to a friend her and i was sleeping separately but the kids still didn't know that she and i agreed to separate and try to work through this drunken cooperative she brought a guy home for the kids who were awake and were shocked to see her like that
1,"the few days that followed, i was a wreck an absolute disorder crying at work trembling anxious sweat and couldn't eat during the week i ended up losing almost lbs and were everything, from depressed to furious maniac to scared by my spirits to completely confused aa and all the way back the other night i told him that i needed an answer what we did"
1,i have literally never been so sick normally if i get sick at all when the season of allergies comes so as once a year my hair definitely falls much more than what normally happened to someone i know almost finished
1,why did i open my mouth? i don't need help or maybe i do.
0,"the thing is, after we broke up, we had sex a few times in august and september and as far as i know that she slept with at least one other guy in that period also the real question is what i'm doing now i want to tell the guy about it and that someone would have done the same to me years ago but at the same time im one of her exes is really my fight to take tldr ex probably cheated on her new boyfriend with me if i tell her or just stay out of it"
0,i can't push my arms are almost useless i need to be operated but my parents aren't exactly in the picture and i can't stand up while i take the time off work to get the operation would be i could be eligible for a disability to be able to support me so i can get the operation if that's the kind of options i have
0,"still most of the time i can just say ah vis em they are not a doctor, but you know how it happens when you have an episode of ok sorry for a post so long i just usually as long reads on reddit so i think her ok feel free to share your experiences with feeling false her good not to feel alone tldr i sometimes feel like imking having ptsd despite never expecting i had it and then get an official diagnosis from a doctor"
0,i won't share my credit details though difficult i will finish my friendship with her might think about her if she apologizes but i'm not sure right now i'm going to cherish the ties with more on my other friends who have been super nice to let me know what's going on at home her really frustrating not to be able to face jenna physically but as others have mentioned i hope that others who initially believed that she will realize the truth
0,"i need a means of maintenance until i can get out a few years ago, when i started to get bad, i had to get out of it by drinking a lot more and being a couch potato, but it's bad for me and my family who weren't working so well that i did a two-week business trip."
0,they would be punished for not using the bathroom when she wanted them to even look at it id be punished for playing with them too or for letting them use the toilet when they asked that she keep them in their crates for hours sometimes all day if they were bad they were not fed once i remember my dog went three days without dinner
0,nbsp this piece of art used is a perfect example of how having solid limits can help me cope with any storm i know im will get kicked i know im will be in pain but i also see the beauty between the clouds it is a painting that i have frozen in hail and thunder on the rocks of the lake allot the waves crash the mist covered the mountains but from time to time the brilliant color would flash
0,"i don't have a lot of details, but what comes out of it is thoughts of being and feeling worthless as im not good enough for anyone and that i don't respect the good things that have been given to me, but then another thought comes out of the thought that would be something in the sense of me thinking how stupid i acted and then another thought after that and so on another little thing id like to add is that i seriously struggle to see my own worth of myself and how much i want to say to my friends and family who are all amazing by the way i love them all so often these thoughts tend to lead to a paranoid depression that people around me hate me and don't want to do anything with me dissociation with reality and then the bottom of it would be suicide thoughts although nive has never acted on these thoughts or would never want and the occasional anxiety attack where i feel sick my heart really beats my members feel like heavy frost breathing i feel panicked and i just want to get out of the situation as soon as i can, and i can get out of the situation, and i can just get out of the right advice, and i can just get out of the right thing, and i don't get out of the right, i don't get out of the right, and i don't i don't get out of it."
0,im not physically injured my father abd the driver continue a conversation as if im not screaming we arrive at the hospital and the checkup reveals nothing imbarrased to scream they send us home
0,because my normal account is a common user name for me anyway ive has been in a lesbian relationship for almost years the first was long distance but then i moved from ny to tx to be with her everything was generally fine until we moved into a new apartment in december it is not the best but it is a roof on our heads and its relatively cheap
1,for no bad reason just waking up with anxiety like feeling bad in the stomach a kind of fear or feeling like any little thing would bring me over the edge and have a panic attack i don't understand why and it can last long anyway sometimes breathing exercises help to remove the edge but it doesn't fully help
1,"i would like to leave, but i am afraid of a refuge, but also of a semi-observant jewish woman, most of the shelters will not help me keep kosher and keep the shabbat that are both important to me. the rachel coalition is for domestic violence only so i can't go there the ncjw shelter in the area does not accept the welfare of the good would offer me"
1,i had the kick for the first time at the beginning of the walk decided not to come back for the nd because i don't have a fan didn't have any problems while it on her but once i got out of it all hell got detached from my previously controlled anxiety became out of control and i had random days when i felt spells of depression shouting intrusive thoughts were out of control and had an anxiety crisis the work week at my new job i had to leave work and go home that hadn't arrived in almost half a year
0,i won't have to make this decision to shut up and let him do it or risk my safety and the safety of my family is no longer related to him but that doesn't mean that i don't panic at the end of every day in the second split that i think he's going to reproduce im an adult now not a child who has been treated and broken like a sick horse never have to ask again can stop us now please and get a sick person never have to ask if im permit to put on my clothes and leave
0,"i began to think that maybe something else was going on when i finally got the work that iive worked for my whole life and that you got your agreement and the opportunity to do what you had to say throughout your life. i started to feel that strange feeling called trust not only but to be confident that our situation was finally improving, but our relationship continued to deteriorate you tried to exercise a level of control over me. i had not yet had the experience that says something, but this time i resisted."
0,"but if you answer your brain thinks great that must have been helpful wrong send this thought again to repeat that you can't directly control the thoughts your brain sends, but you can manipulate what it sends by giving it comments by answering or not answering any more you respond with impulses more your brain will throw this thought on you paradoxically the things you do to relieve your anxiety make your ocd worse the impulses you engage in the strongest obsessions become"
0,the weird feeling hasn't gone far but i feel a little better because i can give things to a child completely unknown to me his family has financial difficulties my furniture will go to people who are dealing with abuses most likely and i guess my clothes also go there the weird feeling anyway thank you for reading and i apologize if im post something that is not allowed
1,ive wept myself to sleep since i came back i'm afraid something terrible happens to them and i can't stop feeling guilty about cutting off contact with them for several months my mind continues to play horrible scenarios again and again i can't stop thinking about these terrible thoughts
0,but he doesn't ask me when i open up all i can think is that he probably gets bored and wants to stop talking badly or he didn't contribute to this conversation once i don't just talk to a wall i know he really cares that he expressed his frustration that he can't bring back and that i struggle
0,"i've never been very close to him our conversations have never spent the good weather have been to have zone, but i have met him by chance in a bar recently and i first tried to keep my distance from him because i know he's friends with zach but then he told me that not only him and zach are no longer in contact with the other they actually really hate each other now im guessing something went after zach and i broke up after i was more comfortable around him as the night passed and we ended up getting drunk"
0,"second, after years of countless drugs and as many strains of dank as you can think, i finally discovered my cure for ive anxiety heard handfuls of people say that music helps but that's never been the case for me until tonight i started listening to cudi children during an ive anxiety crisis listened to him for a long time but never during an episode i discovered his music helped me significantly more than any drug ever tried"
1,"i feel like i've taken a giant step back in my next counselling session, but does anyone know if this kind of reaction is common during an abusive recovery process has led to a protection order violated the subsequent criminal trial made me question my emotional stability and memories are the symptoms of cptsd making me fail in my day-to-day interactions or did he just have a weird bad communication"
1,today i also had to write all the emotions that i could think then put a color next to each word that i felt corresponded to the emotion with markers and the next page there is a contour of a human body i had to put every colormotion where i feel it on my body im slightly bored because before all that she takes me very seriously and helps me with so much and now i feel as if she was humiliating should just see where it takes me or let her know that it feels slow and useless at my appointment next week
0,"since then, ive has met bad people, i mean guys who lied to me for example this guy who was trying to convince me that he loves me and only wants me and i found out that he was dating a girl since and they were waiting for a baby so yes after those few mistakes i started to have problems of trust i couldn't trust the guys every time i met someone i couldn't trust him and i couldn't stop waiting for something bad coming in december last year the best thing in my life happened to me iive met a guy and hes everythinggoals"
1,"friends and relatives who have no anxiety continue to tell me to relax and since his so busy place is nothing personal and not to think that he is worried about it what is true, but no matter how many times his said anxiety never believes that i start my next shift of work in the minutes and say to panic and have small panic attacks that did not take place in such a good time to keep my anxiety in the situations of control and not to put myself in anxious situations and this intense work that being the public eye and fucking is one of my biggest triggers, but the remuneration and reputation of the company is widely known and its one of the most sought after jobs in my city has any advice or perhaps went by something similar and has come out on top"
0,url stories in the link so interested everything i'll say here thank you for reading and reviewing and if there's something i can do to make it more comfortable on you answer questions try to clarify any confusion etc wrong do the best i can one thing i'll also say for the question of food that the underredits of the food bank exist and try them if i just have to that im try to put it back for a bit if i can
1,ive has tried several drugs for years and i have literally tried all the highest possible doses of insomnia medication can not even put me to sleep several psychiatrists and even my pharmacist are scrambled every ssri snri beta-blockers tricyclic benzos group sleep therapy studies mris blood work cbt emdr talk group therapy therapy art therapy psychiatry wild hospitals retreats traveling time moved to university onceno degree have on different jobs as my brain is bound and determined to make me suffer
1,"i asked him how he does it if there are scholarships and if it is, but he never gives a clear answer. the boyfriend is unemployed looking for a perfect job until he starts his medical degree not sure how he will finance this diploma i enchant him for the bad financial judgment and the cold day how to change that"
1,anytime i have a planned transaction to my control account my wages are immediately garnished however last night was the real wake up call after work i went home drunk and let my stress get the best of me i ended up fighting with my gf on money finance and public services not wanting to face the pathetic reality that i have the sugar momma for a girlfriend i packed everything i own in my vehicle parked less than a mile in case i may have forgotten anything and slept in until the battery died
1,"hello everyone, i wonder what people have with the use of mirtazapine as the main antidepressant for depressive and anxious symptoms low energy strong feeling of irritability problems of insomnia concentration inability to perform everyday routine tasks social anxiety fear of embarrassment or too think about socialization etc i am in therapy using a mixed approach method so therapy suggestions are relevant i just started the appropriate psychotherapy and i'm looking for something to help me when faced with reality outside of the therapist's office my anxiety depression has been built in the last few months after a long period of remission and due to the current circumstances almost blown full steam on my daily life"
1,and one of the girls shoots me and asks me if i love her and i said yes and she goes if you love her you can have her because my friend is only there for a night-dress pulled and there i was in a nightclub all alone trying not to cry about the fact that i was abandoned by my night appointment so i leave the club to go home on the train with the worst feeling ever more uncertain than nive tlder one of the worst feelings ever had in my life sorry to be dramatic
0,ive has always been the type of person who was gravity towards romance the thought of loving someone and being loved in return was pleasant but im a closed person who is too afraid to leave someone in me recently entered into a relationship with someone who is really amazing hes very patient and understanding my anxiety and depression it took a while and some arguments for me to open up a little bit
0,i try to keep reading a lot of motivational quotes during the day just so i can have more strength during the day and for the love of the fuck it's like these motivational speakers can't gather their shits all comes to you at the right time to be patient and trusting in the process vs. if you keep waiting for the right time it may never happen sometimes you have to enjoy the time you have
0,i bought a few dozen of them tomorrow badly tried and stop at the dollar shop for a few extra things im go to my city center just after i go to the store thanks to the kind person who gave me gold
0,steal the idea of the person who posted earlier i have homechef trials other food delivery service the same as the others you will get meals for people as well as the other you will have to enter your credit card information but this is not a commitment so cancel your membership after you get your first box answer here and wrong pm you all wrong ask in the pm is your email address
0,"i'm also a virgin, he's obviously not, and i'm not sure how i feel about sex with him every time we talk about sex, i feel like i'm lying about what i feel more of an interest in learning the different aspects of sex than the real sexual excitement was questioning the possibility of an assexuality if something i feel a little giddy that someone thinks of me this way, but not in i want to have sex with you, as if i was trying to engage him with imagesvideosetc, but it seems all wrong to me."
0,as the years went to the city called them high school lovers and every teenager envied their relationship wherever she went he followed all the sports he played she applauded through the snow of rain and the sun that she was in the stands proudly encouraging him in their little world that they were in love
0,"he doesn't know anything about it, although for some background i recognize that i tend to overreact to normal things i have panic attacks when people flirt innocently with me for example and ive flies out of the handle when too many men just looked at me in too little time anyway so we were roommates in a great little apartment that didn't even have a living room just our two bedrooms divided by a kitchen, he had some problems with his ex girlfriend so he threw me out for hours about it and i was trying to give him as much advice as i could because he's my friend and i care about him i told him this and he said that he cared about me too and then he started telling me that when he met me he was attracted to me, but that i was too young to make him feel weird"
0,"it's objectively not nice to talk about himself when he talks to you, but you know i'm trying to see the best in people and ignore it when i talk to him he claims he's bisexual he introduced me to his lab partner my current girlfriend and i asked him if he was interested before pursuing it he clearly declared not fast for three months it's the winter break and they hang out a little often"
1,i do solo packing trips and my friends really see me as someone without fear and free of mind it makes the opening on my mental health problems a bit difficult because they can't see me acting this way i have a lot of anxiety and depression problems around my romantic relationships i also have depersonalization problems and i want to be alone more often so i don't think the fact that i can be so outgoing and positive most of the time my friends don't realize that i'm fighting a little a few days
0,a little background here the girlfriend of a friend of my high school husbands made a detailed post on the instagram in december describing the abusive relationships she had with her boyfriend about weeks later the post was gone and suddenly everything was fine and she was posting sappyhappy messages with him i sent her a private message on facebook asking her if everything was okay and if there was anything i could do to tell her that i was really worried the message was never opened and this profile was disabled
0,i had not laughed and i felt so wanted in the literal years so how comes im so what ever it is i just can't say hey want to go out to starbucks or something i just want to be myself i guess i really want to try at least if i get yes or maibie or no i don't want to regret not just try thank you
0,don't drink much and eat only sweet food before and during the event gave me permission to leave for any reason every time i wanted to give myself control allowed me to go back to meetings at work in peace i've been doing this for about years no one knows that i have these fears
0,an army reserve officer who has years of service i have a disability rating is due to ptsdanxietydepression and ring in my ears of a visit to afghanistan i recently asked to go into the irr and was refused i was said imm not deployable due to my mental health but i do not think that it was mentioned at all in my package to just irr moved for a job in dc and my old unit is now too far away to travel to
1,it becomes cyclical for me where i step back and review and then i feel like i need to restart to avoid falling back into the denial that happened as it happened i can't live like that i don't want to live a lie but sometimes the lie is what keeps me from functioning my therapist is absent for a month and it means that i don't have anyone to push me to face this thing i don't know what to do
1,he lights it up at the first thing in the morning and turns it around when he comes back from night work to play until midnight or later any free time he spent playing this game im a stay at the mother at home so i really look forward to talking to him hes usually the only adult i speak face-to-face for the week more i like to talk to him and spend time with him anyway that's why i married him when all this started i told him that i needed him to spend more time with his children and i had to do it with him.
1,"lost best friend of years also i think i have some kind of skin stuff in times his mites, fleas or scabbies or something idk im guessing scabbies and ive tried the cure for her several times but he didn't heal just a little lightened the symptoms so we are that i have or if his everything in my head i have no idea also get a lot of headaches but yes and im completely confused and i have no idea what to do or whatever it was looking for and trying to find stuff but google is that apparently ive good discovered on sofa divers and stuff i just don't know what to do i really want to just start over or find some kind of self-help or installation group some where could help me with the skills of life and my confusion depression etc just really confused and not sure what to do"
0,i started to notice her internet behavior more in the last few months and it has been kind of bothering me my girlfriend is a very smart and mature person but when she gets online it's like she's acting totally different for a she sends me screencaps of her trolling people i mean trolling shes almost
1,the backpack had my social security card passport birth certificate laptops and other important legal documents like my last rental contract i'm on the street because my owner in san diego was making violent threats to me and i had to flee the police were called and nothing was done i moved to california a few years ago i left my business with some people that i trusted and they all stole and sold them for money
0,"ive began to try to write things more not necessarily newspaper, but just write small ideas that i have in various ive notebooks come to realize that when my ptsd is in full steam my writing is different im known in my family group to have a great finish but now the writing does not even look near before"
0,saying i'm homeless from this morning without mentioning the title of this post screen me for the services available for veterans or maybe i should go to a homeless shelter first proof of the absence of residence dad wants me out tomorrow morning i guess my initial question is what is the definition to be homeless the reason to be homeless is not a topic i want to discuss
1,if it helps me to start taking a new birth control that is a little stronger than what i was before if i'm relatively sure that's why i feel bad right now but it's still bad enough that i can't do much for myself and i don't understand why they can't believe they have to see me as a burden or something because they don't think it's worth helping if my problem comes from anxiety rather than from a different real illness and they decided they're the judges of what not me or my doctors i don't know what to do.
1,someone else has suffered i feel immense sadness and guilt now i am confronted with memory and recognition that until now experience has become part of who i am it has made me stronger as faced with fear and trauma can do but i have also internalized a feeling of fear and vulnerability profoud
0,normally my anxiety is very well controlled i meditate every morning for minutes and have been in therapy for the best part of the last years or years i feel much better than i used it and on a daily basis things are big nerve every day every time a handful of times a year tops something will really put me over the edge and send me into a spiral of intense anxiety where i ask compulsively or if different friends for advice on what to post a lot of threads online on what i should do and ruminate on the subject for days or weeks sometimes sick have messenger conversations on what it is that will draw over an entire hour
0,if you don't exist it should and if there's something like that how you face or manage with it do you research if so how and where you bring a self-care kit or just any information or experience i could hear from it would be big thanks in advance
0,i had the feeling that i had matured well and i continued to succeed for my imo ive age also had positive experiences with the police the resource agent of my high school was a very good guy and almost like a mentor to me when i was arrested when the police raided a guest house because they were warned that there should be some minor alcohol
0,"sometimes he was harassed and she took him out of his contacts, which made him worse and he created an alternative character to threaten her to say how he was going to find her and tell me that their relationship being afraid that my wife would add him to pretend to be friends only to repeat this cycle several times over the next few years yes they remained friends in one way or another for years after this case the next stab wound came when i was sent to an airbase for a month of training for my job"
1,she was deceived after being married and during her pregnancy and about to have her baby she was passed by her and knows what it's like to be hurt and lied too and said she'll never do it to anyone as she was and is the type of person who carries her heart on her sleeve i totally trust my husband but it's harder so i thought hard because i see her messaging every day as soon as she wakes up and stays talking to her on the phone too loud because they still want to see each other.
0,i learned to manifest that love in good actions for my body i cooked a diabetic meal every night even if it was just cutting a block of cheese and opening a pack of pepperoni i spent a little more on the fabrics found those i liked best and kept boxes in every room of the house i gnawed on the bath bombs once i could be naked in the bathroom again i brushed my hair before sleeping every night
0,i know that i don't have around karma comments because of rôder or vote more than comment but my total reddit karma is almost so i hope it says something if you can just send me even or dollars let me know and i can pm my paypal request link since that's the only way i know how to get anything without a great charity link we really appreciate and the next paycheck i can even try to repay some people if they don't really need us family to ask for different reasons so parents have dishonored her roommates mom is distant and disapproved and an alcoholic my mother is disabled and lives with my brother yo my aunts etc are all stingy or distant we don't have a vehicle to get to any other food bank atm other than one of the two roads of the hour or so walk that has a day waiting
0,the best time to plant a tree was years ago the second best moment is today my new favorite quote i know that anxiety we all paralyze but if we can accomplish a simple task that we were to postpone its a stop closer to recovery today i got a haircut i made excuses for months and continues to cancel my appointments
1,i can't even talk about the day she left me because it was so traumatic i can't even admit it myself it was terrible beyond words and i can't tell anyone how i can see a therapist if i'm afraid to lose my shit just by opening up about it one day i feel like it would ruin any progress made for fear of being hidden forever
0,it turns out that they had given our grandparents a very idyllic picturesque idea of what life in the church was and my grandmother hated herself for a long time not to know what the truth was even if there is no way that she could have im now im college and in therapy my sister was younger than me and doesn't have as much luggage of all that i don't think she remembers as much or maybe she blocked more than one other little mercy but she still has deep problems and acts in a really inappropriate way ive found a measure of happiness published for the spelling and sentence structure
0,i can't afford one of the really nice ones that actually looks more like real hair and no shiny plastic if someone by chance has a really nice wig not a wig costume that i could have it would be greatly appreciated it would be so nice to go out in public and not worry that my hair looks super fake i really miss having beautiful hair thank you
1,"for example, i sell something that's worth it because i hate it i want to cry if items have been listed for about weeks they're all responsible at a price or under and i have to accept offers of baseball because i don't have any other choice i'll never be made in a million years if i wasn't homeless but the clock is running and i have to move"
1,it seemed that there was no recognition of my emotional state and since he just wanted me to be calm that scares me he was pretending that he was trying to help me comfort me but i really find it hard to believe that this is the second time that something like this is happening the first time we were talking and it was getting really hot.
0,i was in a relationship so i didn't really let go anywhere but in hell it was a new experience for me and i liked being loved fast before half a year at my break she had moved into another job but we met each other in walmart if all the places we hit him and it wasn't long before a date transformed into two then more i moved in with her but kept a separate apartment for a few months at her request her family was very judgmental about living in sin
0,we were at a distance for a few months although we visited each other almost every weekend at that time she was very jealous and controlled my movements because she thought i was doing something with a very girl looking at me within that time i took to hide pictures that i had with friends who were girls especially those that she was particularly jealous of nothing sexual selfies just on one night out or whatever.
1,i have several problems with anxiety but urban driving is one of the worst so of course my wife trains me in new york city and expects me to do the driving currently emotionally and physically exhausted one of the worst things that i'm going to get lost sleep at night is unmanageable because i'm not sure if paid a toll by traveling in a tunnel from jfk to jfk city jersey my rental has an easy pass but it was dark i was confused
1,i can't afford a treadmill and i'm not a big fan of gyms anymore there's not really nearby if im trying to really use the only available option going outside it's a real problem for me and my anxiety i feel like a gasped hippopotamus when i'm trying to run and i'm too embarrassed to let someone see me like that so every time i see a car or person i stop running and go home immediately i try to go out late in the night and early in the morning so i can run but there's always people around and it makes me crazy i don't know how to maintain the motivation to be active while dealing with my anxiety that keeps convincing me that everyone judges me and can scream insults against me or the other side of things can kidnap attack or kill me since i go out when his black pitch out to reduce the ability to see me
1,i know it goes a little beyond relationships but i also ask for advice on how to deal with it as far as our relationship is concerned what i do crazy girlfriends violent exfiance is out of prison after beating her grandparents and i don't feel safe what i do
0,how can i understand what puts these guys out of any advice is appreciated tldr have been on the first appointments in the last few months and each i thought has gone well or well beyond but each of them didn't want to go to a second date with me what i'm doing wrong how can i understand what i'm doing wrong?
1,i think quickly to check them all in separate windows and i confirm again that all the profiles had been made very recently in the last month even until the day to add to me that it really became boring to have these profiles add me and it's just weird that they are obvious wrong but why so specifically pose as a certain kind of person and add other things on me im a lesbian so don't date older men and ive really never hang out with someone older than so i know i can't really know these people and if it's a weird joke i don't have any problems with dad my dad is still there and it's not really a funny joke it's just weird i also note that one of the profiles that has disappeared since was really creepy
1,hello so ive has had a chronic social anxiety since i can remember that i had a rather traumatic childhood that led me to be socially embarrassing and very nervous in the fast social setting at this week ive was invited to a party this weekend i would like to go but to be honest im very afraid to go
0,"i really need help for my boyfriend and i started dating and we were friends for a few years before in the first few months of our relationship we were inseparable we slept in the same bed almost every night, although we weren't moving in together what comes into play later we were very happy and there was very little tension"
1,it's the wedding for us two husbands ex- cheated my ex-wife had emotional affair leading to the end of the weddings in the same year we went out to high school and reconnected that friends started dating about a year later after a year engaged years after that before getting engaged i discovered that he had an emotional affair with a woman who lived an hour's drive from us i discovered when he left an im open on his computer found steam texts when i went to close a noisy program
0,anyone ever had this happen i have no history of peanut butter reaction and even had a full panel allergy test a few years ago that confirmed that im not but imm allergic to every pollen known by man apparently lol i used to eat peanut butter sandwiches for lunch all the time my favorite candy were reese peanut butter cups and i even ate one in the last few months i ate a pint of peanut butter ice cream
0,"i could ring a bit of mariezilla here, but im extremely bored we set our wedding date last august for july, we specifically chose this date after looking at the average temperatures for this date for the last years, we determined that the highs were about the cooler degrees than the following weekends in july so we went with the th would you know but my fmil booked their family vacation for july"
1,"i hate my father, i have every reason to hate him for what he did and i keep doing for myself and my family on purpose to almost kill me for scaring us to the point where i can't even meet a nice person or have friends and not wonder if they don't treat their family like a mass of sh nobody needs and should never have to live the life that i've been forced to live no one should have to call the police because they don't feel safe in their own home"
1,this is what has been going on for the longest time and it's very difficult to describe it with me from time to time when im trying to suddenly sleep my racing spirit starts to experience opposites at the same time as the most terrifying feels like the world extends infinitely but also overwhelmingly contract on itself then there are also moments when i focus so much on silence in the environment that i end up feeling like the room sounds extremely loud and a more physical feels warm and cold at the same time that prevents me from being comfortable enough to fall asleep
1,how do i know if i need help please i need help understanding i can't even explain my problem in this state i don't know how to do anything in this state i need to make sure i won't die
0,im in the seventh year and i started an activity after the last school trimester in our school the year is divided into three trimesters and you can register for different activities last quarter i started the animemanga fanclub club and we received an email with activities that had too many people registered my club was in it it really increased my self-confidence and everyone seemed to really enjoy the activity
0,hey reddit ptsd i am an independent documentary filmmaker working on a series of short films in amsterdam on the emotional disorders of memory including ptsd i have heard about your subreddit from my brother it's really cool that you have built a support community here im poster because im looking for people in and around amsterdam or people who might want an excuse to visit amsterdam who have ptsd and would be willing to participate in this documentary project
0,we've been together for a little more years now and high school is almost finished hes has been wanting to move to toronto for a while now and i've been thinking about moving out there for university too but i'm planning to stay home toronto is only hours away i'd say things about how great it would be if we moved in together or we'd never visit once he didn't mention that he didn't want a long distance relationship
0,ive has been in the mood since friday night we had an appointment and when we were tired and i let him go to sleep saturday morning i tried to make some games of chance and she stopped me and told me to wait until later that night and she was going to catch up saturday night is rolling around and she was just asleep sunday morning i was going out of bed and she started breakfast and she said a shame that you were sleeping this morning i tried to wake you up for something special later that day we were getting ready for a birthday party and she said that i would like us to undress instead but we have a party to go to i took this as a hint that later tonight shell finally be in the mood
0,"several months ago, i started dating a woman who had been physically and emotionally abused by her ex-husband and i really succeeded and i started to worry a little about it for obvious reasons, she's really afraid to get involved beyond casual encounters and we took a break for a while to let her fix some of her emotional problems that we hope to reconnect after a while when she's in a better emotional place and some of the logistics between us is better tried to be as supportive and encouraging as possible for her but i've never been in this situation before so often, i'm not sure what to do or say"
1,i would need until the 20s before i stop letting people hurt me but the trauma remains life-giving become a happy professional married with a house and pets no sick child has ever had children after what i have survived ive been out of therapy for almost years but my coping mechanisms failed to have a breakdown after the slightest relaxation and there are so many triggers
1,i was a severe drug addict who had overdoses when i was younger and addiction alcoholism short on both sides of my family please tell me that the diversion will stop and i will return to my own person i don't want to go out on the other side and be that nervous and uncomfortable person who is unable to have relationships i don't drink or take prescriptions or smoke i think to see a therapist i don't really have the time or extra money more ive have really been hurt small intimate groups aa ugh is there another side of this mental attrition ptsd
0,she already knows the password of my laptop e-mail bank account and phone pin i didn't really want to tell her any of those but i couldn't think of a reason why not when i had a new phone she installed my new pin and got a little upset when i changed it she said if i had nothing to hide then she should know my passwords i have nothing to hide so i told her
1,"i'm not sad i'm not depressed i'm always a very happy and optimistic person with a great life of good family work friends all this, but i struggle to manage this anxiety because it overflows into life i don't have any thoughts i'm obsessed with everything that's really its just stress i've been through setting up my body for this shit response in addition to relaxation meditation and what you can recommend"
1,when it's his weekend out he grunts and screams only on his nervous days maybe once a week sometimes three days in a row sometimes it's two weeks not to scream
0,which is a compassionate way to tell a friend that you can no longer participate in certain activities with her for the disc im see pam again next week she wanted to go out to eat but i told her i can't afford to come to my shelling i think it would be a good time to talk to her
0,"when we left this place, the director was trying to rush us so that our apartment could be served by notices of an hour's intimidation and to behave angry leaving messages and medium papers at our door in anger, she shouted about me with whom i have lived in recent months, we documented everything and collected paper copies of all the communications we had with her, she was another narcissist manager and the tenant was an animal abuser, i would like to have a law that the aspca would be a partner with who could help me and me while i was living in the second apartment."
1,i just got a new job and i won't be paid until the ive was unemployed only for a week now the company that i worked for closed and after bills i don't have any money i was already trying to get up from my long-term job in october if you could help me i'm going to contribute to this sub when i can repay you reciprocally in any way that i can have a family that i can ask for the help of both parents have not died brothers and sisters not close with aunts and uncles
